<?xml version="1.0" encoding="UTF-8" ?>
<!-- Generated by Oracle SOA Modeler version 1.0 at [6/14/11 2:23 PM]. -->
<composite name="XSLTParameters"
           revision="1.0"
           label="2011-06-14_14-23-47_706"
           mode="active"
           state="on"
           xmlns="http://xmlns.oracle.com/sca/1.0"
           xmlns:xs="http://www.w3.org/2001/XMLSchema"
           xmlns:wsp="http://schemas.xmlsoap.org/ws/2004/09/policy"
           xmlns:orawsp="http://schemas.oracle.com/ws/2006/01/policy"
           xmlns:ui="http://xmlns.oracle.com/soa/designer/">
  <import namespace="http://xmlns.oracle.com/Sarah_Mappings/XSLTParameters/XSLTParameters"
          location="XSLTParameters.wsdl" importType="wsdl"/>
  <service name="xsltparameters_client_ep"
           ui:wsdlLocation="XSLTParameters.wsdl">
    <interface.wsdl interface="http://xmlns.oracle.com/Sarah_Mappings/XSLTParameters/XSLTParameters#wsdl.interface(XSLTParameters)"/>
    <binding.ws port="http://xmlns.oracle.com/Sarah_Mappings/XSLTParameters/XSLTParameters#wsdl.endpoint(xsltparameters_client_ep/XSLTParameters_pt)"/>
  </service>
  <component name="XSLTParameters" version="1.1">
    <implementation.bpel src="XSLTParameters.bpel"/>
  </component>
  <wire>
    <source.uri>xsltparameters_client_ep</source.uri>
    <target.uri>XSLTParameters/xsltparameters_client</target.uri>
  </wire>
</composite>
