<?xml version="1.0" encoding="windows-1252" ?>
<adf-config xmlns="http://xmlns.oracle.com/adf/config"
            xmlns:adf="http://xmlns.oracle.com/adf/config/properties"
            xmlns:sec="http://xmlns.oracle.com/adf/security/config">
  <adf:adf-properties-child xmlns="http://xmlns.oracle.com/adf/config/properties">
    <adf-property name="adfAppUID" value="Dhami-SOA.com.emerson.dhami"/>
  </adf:adf-properties-child>
  <adf-mds-config xmlns="http://xmlns.oracle.com/adf/mds/config">
    <mds-config xmlns="http://xmlns.oracle.com/mds/config">
      <persistence-config>
        <metadata-namespaces>
          <namespace metadata-store-usage="dev-soa2" path="/apps/AIAMetaData"/>
        </metadata-namespaces>
        <metadata-store-usages>
          <metadata-store-usage id="dev-soa2">
            <metadata-store class-name="oracle.mds.persistence.stores.db.DBMetadataStore">
              <property value="SOA2_MDS" name="jdbc-userid"/>
              <property value="tea4two" name="jdbc-password"/>
              <property value="jdbc:oracle:thin:@orionddb.emerson.com:34002:oriond2"
                        name="jdbc-url"/>
              <property value="soa-infra" name="partition-name"/>
            </metadata-store>
          </metadata-store-usage>
        </metadata-store-usages>
      </persistence-config>
    </mds-config>
  </adf-mds-config>
  <sec:adf-security-child xmlns="http://xmlns.oracle.com/adf/security/config">
    <CredentialStoreContext credentialStoreClass="oracle.adf.share.security.providers.jps.CSFCredentialStore"
                            credentialStoreLocation="./jps-config.xml"/>
  </sec:adf-security-child>
</adf-config>
