<?xml version="1.0" encoding="UTF-8" ?>
<!-- Generated by Oracle SOA Modeler version 1.0 at [2/21/12 1:06 PM]. -->
<composite name="TESTASN_CommonService"
           revision="1.0"
           label="2012-02-21_13-06-57_273"
           mode="active"
           state="on"
           xmlns="http://xmlns.oracle.com/sca/1.0"
           xmlns:xs="http://www.w3.org/2001/XMLSchema"
           xmlns:wsp="http://schemas.xmlsoap.org/ws/2004/09/policy"
           xmlns:orawsp="http://schemas.oracle.com/ws/2006/01/policy"
           xmlns:ui="http://xmlns.oracle.com/soa/designer/">
  <import namespace="http://xmlns.oracle.com/SHREE_19THFeb_APP/TESTASN_CommonService/BPELProcess1"
          location="BPELProcess1.wsdl" importType="wsdl"/>
  <service name="bpelprocess1_client_ep" ui:wsdlLocation="BPELProcess1.wsdl">
    <interface.wsdl interface="http://xmlns.oracle.com/SHREE_19THFeb_APP/TESTASN_CommonService/BPELProcess1#wsdl.interface(BPELProcess1)"
                    callbackInterface="http://xmlns.oracle.com/SHREE_19THFeb_APP/TESTASN_CommonService/BPELProcess1#wsdl.interface(BPELProcess1Callback)"/>
    <binding.ws port="http://xmlns.oracle.com/SHREE_19THFeb_APP/TESTASN_CommonService/BPELProcess1#wsdl.endpoint(bpelprocess1_client_ep/BPELProcess1_pt)"/>
    <callback>
      <binding.ws port="http://xmlns.oracle.com/SHREE_19THFeb_APP/TESTASN_CommonService/BPELProcess1#wsdl.endpoint(bpelprocess1_client_ep/BPELProcess1Callback_pt)"/>
    </callback>
  </service>
  <component name="BPELProcess1" version="1.1">
    <implementation.bpel src="BPELProcess1.bpel"/>
  </component>
  <wire>
    <source.uri>bpelprocess1_client_ep</source.uri>
    <target.uri>BPELProcess1/bpelprocess1_client</target.uri>
  </wire>
</composite>
