<?xml version = '1.0' encoding = 'UTF-8'?>
<References xmlns="http://xmlns.oracle.com/adf/jndi">
   <Reference name="AIA_LIFECYCLE" className="oracle.jdeveloper.db.adapter.DatabaseProvider" credentialStoreKey="AIA_LIFECYCLE" xmlns="">
      <Factory className="oracle.jdeveloper.db.adapter.DatabaseProviderFactory"/>
      <RefAddresses>
         <StringRefAddr addrType="sid">
            <Contents>oriond1</Contents>
         </StringRefAddr>
         <StringRefAddr addrType="subtype">
            <Contents>oraJDBC</Contents>
         </StringRefAddr>
         <StringRefAddr addrType="port">
            <Contents>34001</Contents>
         </StringRefAddr>
         <StringRefAddr addrType="hostname">
            <Contents>orionddb.emerson.com</Contents>
         </StringRefAddr>
         <StringRefAddr addrType="user">
            <Contents>AIA_AIALIFECYCLE</Contents>
         </StringRefAddr>
         <SecureRefAddr addrType="password"/>
         <StringRefAddr addrType="DeployPassword">
            <Contents>true</Contents>
         </StringRefAddr>
         <StringRefAddr addrType="oraDriverType">
            <Contents>thin</Contents>
         </StringRefAddr>
      </RefAddresses>
   </Reference>
   <Reference name="DEV_MDS" className="oracle.jdeveloper.db.adapter.DatabaseProvider" credentialStoreKey="DEV_MDS" xmlns="">
      <Factory className="oracle.jdeveloper.db.adapter.DatabaseProviderFactory"/>
      <RefAddresses>
         <StringRefAddr addrType="sid">
            <Contents>oriond1</Contents>
         </StringRefAddr>
         <StringRefAddr addrType="subtype">
            <Contents>oraJDBC</Contents>
         </StringRefAddr>
         <StringRefAddr addrType="port">
            <Contents>34001</Contents>
         </StringRefAddr>
         <StringRefAddr addrType="hostname">
            <Contents>orionddb.emerson.com</Contents>
         </StringRefAddr>
         <StringRefAddr addrType="user">
            <Contents>dev_mds</Contents>
         </StringRefAddr>
         <SecureRefAddr addrType="password"/>
         <StringRefAddr addrType="DeployPassword">
            <Contents>true</Contents>
         </StringRefAddr>
         <StringRefAddr addrType="oraDriverType">
            <Contents>thin</Contents>
         </StringRefAddr>
      </RefAddresses>
   </Reference>
   <Reference name="SarahS0" className="oracle.jdeveloper.db.adapter.DatabaseProvider" credentialStoreKey="SarahS0" xmlns="">
      <Factory className="oracle.jdeveloper.db.adapter.DatabaseProviderFactory"/>
      <RefAddresses>
         <StringRefAddr addrType="sid">
            <Contents>SARAHS0</Contents>
         </StringRefAddr>
         <StringRefAddr addrType="subtype">
            <Contents>oraJDBC</Contents>
         </StringRefAddr>
         <StringRefAddr addrType="port">
            <Contents>25001</Contents>
         </StringRefAddr>
         <StringRefAddr addrType="hostname">
            <Contents>sarahs0db1.emrsn.com</Contents>
         </StringRefAddr>
         <StringRefAddr addrType="user">
            <Contents>SBYND_IU</Contents>
         </StringRefAddr>
         <SecureRefAddr addrType="password"/>
         <StringRefAddr addrType="DeployPassword">
            <Contents>true</Contents>
         </StringRefAddr>
         <StringRefAddr addrType="oraDriverType">
            <Contents>thin</Contents>
         </StringRefAddr>
      </RefAddresses>
   </Reference>
   <Reference name="Sarah" className="oracle.jdeveloper.db.adapter.DatabaseProvider" credentialStoreKey="Sarah" xmlns="">
      <Factory className="oracle.jdeveloper.db.adapter.DatabaseProviderFactory"/>
      <RefAddresses>
         <StringRefAddr addrType="sid">
            <Contents>sarah</Contents>
         </StringRefAddr>
         <StringRefAddr addrType="subtype">
            <Contents>oraJDBC</Contents>
         </StringRefAddr>
         <StringRefAddr addrType="port">
            <Contents>25001</Contents>
         </StringRefAddr>
         <StringRefAddr addrType="hostname">
            <Contents>sarahdb1.emrsn.com</Contents>
         </StringRefAddr>
         <StringRefAddr addrType="user">
            <Contents>TRXHUB</Contents>
         </StringRefAddr>
         <SecureRefAddr addrType="password"/>
         <StringRefAddr addrType="DeployPassword">
            <Contents>true</Contents>
         </StringRefAddr>
         <StringRefAddr addrType="oraDriverType">
            <Contents>thin</Contents>
         </StringRefAddr>
      </RefAddresses>
   </Reference>
   <Reference name="ETH_3" className="oracle.jdeveloper.db.adapter.DatabaseProvider" credentialStoreKey="ETH_3" xmlns="">
      <Factory className="oracle.jdeveloper.db.adapter.DatabaseProviderFactory"/>
      <RefAddresses>
         <StringRefAddr addrType="sid">
            <Contents>elshad2</Contents>
         </StringRefAddr>
         <StringRefAddr addrType="subtype">
            <Contents>oraJDBC</Contents>
         </StringRefAddr>
         <StringRefAddr addrType="port">
            <Contents>39602</Contents>
         </StringRefAddr>
         <StringRefAddr addrType="hostname">
            <Contents>elshaddb.emrsn.com</Contents>
         </StringRefAddr>
         <StringRefAddr addrType="user">
            <Contents>ETH_DB3</Contents>
         </StringRefAddr>
         <SecureRefAddr addrType="password"/>
         <StringRefAddr addrType="DeployPassword">
            <Contents>true</Contents>
         </StringRefAddr>
         <StringRefAddr addrType="oraDriverType">
            <Contents>thin</Contents>
         </StringRefAddr>
      </RefAddresses>
   </Reference>
   <Reference name="Betsy_Dev" className="oracle.jdeveloper.db.adapter.DatabaseProvider" credentialStoreKey="Betsy_Dev" xmlns="">
      <Factory className="oracle.jdeveloper.db.adapter.DatabaseProviderFactory"/>
      <RefAddresses>
         <StringRefAddr addrType="sid">
            <Contents>BETSYN0</Contents>
         </StringRefAddr>
         <StringRefAddr addrType="subtype">
            <Contents>oraJDBC</Contents>
         </StringRefAddr>
         <StringRefAddr addrType="port">
            <Contents>24201</Contents>
         </StringRefAddr>
         <StringRefAddr addrType="hostname">
            <Contents>betsyn0db1.emrsn.com</Contents>
         </StringRefAddr>
         <StringRefAddr addrType="user">
            <Contents>apps</Contents>
         </StringRefAddr>
         <SecureRefAddr addrType="password"/>
         <StringRefAddr addrType="DeployPassword">
            <Contents>true</Contents>
         </StringRefAddr>
         <StringRefAddr addrType="oraDriverType">
            <Contents>thin</Contents>
         </StringRefAddr>
      </RefAddresses>
   </Reference>
   <Reference name="DEV_ICoE" className="oracle.jdeveloper.db.adapter.DatabaseProvider" credentialStoreKey="DEV_ICoE" xmlns="">
      <Factory className="oracle.jdeveloper.db.adapter.DatabaseProviderFactory"/>
      <RefAddresses>
         <StringRefAddr addrType="sid">
            <Contents>elshad2</Contents>
         </StringRefAddr>
         <StringRefAddr addrType="subtype">
            <Contents>oraJDBC</Contents>
         </StringRefAddr>
         <StringRefAddr addrType="port">
            <Contents>39602</Contents>
         </StringRefAddr>
         <StringRefAddr addrType="hostname">
            <Contents>elshaddb.emrsn.com</Contents>
         </StringRefAddr>
         <StringRefAddr addrType="user">
            <Contents>ICOE_MOHALI</Contents>
         </StringRefAddr>
         <SecureRefAddr addrType="password"/>
         <StringRefAddr addrType="DeployPassword">
            <Contents>true</Contents>
         </StringRefAddr>
         <StringRefAddr addrType="oraDriverType">
            <Contents>thin</Contents>
         </StringRefAddr>
      </RefAddresses>
   </Reference>
   <Reference name="DEV_SOA2_AIA_LFCycle" className="oracle.jdeveloper.db.adapter.DatabaseProvider" credentialStoreKey="DEV_SOA2_AIA_LFCycle" xmlns="">
      <Factory className="oracle.jdeveloper.db.adapter.DatabaseProviderFactory"/>
      <RefAddresses>
         <StringRefAddr addrType="sid">
            <Contents>oriond2</Contents>
         </StringRefAddr>
         <StringRefAddr addrType="subtype">
            <Contents>oraJDBC</Contents>
         </StringRefAddr>
         <StringRefAddr addrType="user">
            <Contents>AIA_AIALIFECYCLE</Contents>
         </StringRefAddr>
         <StringRefAddr addrType="hostname">
            <Contents>orionddb.emerson.com</Contents>
         </StringRefAddr>
         <StringRefAddr addrType="port">
            <Contents>34002</Contents>
         </StringRefAddr>
         <SecureRefAddr addrType="password"/>
         <StringRefAddr addrType="DeployPassword">
            <Contents>true</Contents>
         </StringRefAddr>
         <StringRefAddr addrType="oraDriverType">
            <Contents>thin</Contents>
         </StringRefAddr>
      </RefAddresses>
   </Reference>
   <Reference name="Local_XE" className="oracle.jdeveloper.db.adapter.DatabaseProvider" credentialStoreKey="Local_XE" xmlns="">
      <Factory className="oracle.jdeveloper.db.adapter.DatabaseProviderFactory"/>
      <RefAddresses>
         <StringRefAddr addrType="sid">
            <Contents>XE</Contents>
         </StringRefAddr>
         <StringRefAddr addrType="subtype">
            <Contents>oraJDBC</Contents>
         </StringRefAddr>
         <StringRefAddr addrType="user">
            <Contents>hr</Contents>
         </StringRefAddr>
         <StringRefAddr addrType="hostname">
            <Contents>localhost</Contents>
         </StringRefAddr>
         <StringRefAddr addrType="port">
            <Contents>1521</Contents>
         </StringRefAddr>
         <SecureRefAddr addrType="password"/>
         <StringRefAddr addrType="DeployPassword">
            <Contents>true</Contents>
         </StringRefAddr>
         <StringRefAddr addrType="oraDriverType">
            <Contents>thin</Contents>
         </StringRefAddr>
      </RefAddresses>
   </Reference>
   <Reference name="SOA2_ETH_MDS" className="oracle.tip.tools.ide.common.resourcepalette.adapter.mds.MDSProvider" credentialStoreKey="SOA2_ETH_MDS" xmlns="">
      <Factory className="oracle.tip.tools.ide.common.resourcepalette.adapter.mds.MDSProviderFactory"/>
      <RefAddresses>
         <SecureRefAddr addrType="DBMDSJDBCPASSWORD"/>
         <StringRefAddr addrType="ConnectionName">
            <Contents>SOA2_ETH_MDS</Contents>
         </StringRefAddr>
         <StringRefAddr addrType="DBMDS_JDBC_USERID">
            <Contents>SOA2_MDS</Contents>
         </StringRefAddr>
         <StringRefAddr addrType="ConnectionType">
            <Contents>oracle.mds.persistence.stores.db.DBMetadataStore</Contents>
         </StringRefAddr>
         <StringRefAddr addrType="MDS_PARTITION_NAME">
            <Contents>soa-infra</Contents>
         </StringRefAddr>
         <StringRefAddr addrType="DBMDSDBCONNECTIONNAME">
            <Contents>SOA2_ETH_MDS_DB</Contents>
         </StringRefAddr>
         <StringRefAddr addrType="DBMDS_JDBC_URL">
            <Contents>jdbc:oracle:thin:@orionddb.emerson.com:34002:oriond2</Contents>
         </StringRefAddr>
      </RefAddresses>
   </Reference>
   <Reference name="ICoE_DB" className="oracle.jdeveloper.db.adapter.DatabaseProvider" credentialStoreKey="ICoE_DB" xmlns="">
      <Factory className="oracle.jdeveloper.db.adapter.DatabaseProviderFactory"/>
      <RefAddresses>
         <StringRefAddr addrType="sid">
            <Contents>elshad2</Contents>
         </StringRefAddr>
         <StringRefAddr addrType="subtype">
            <Contents>oraJDBC</Contents>
         </StringRefAddr>
         <StringRefAddr addrType="port">
            <Contents>39602</Contents>
         </StringRefAddr>
         <StringRefAddr addrType="hostname">
            <Contents>elshaddb.emrsn.com</Contents>
         </StringRefAddr>
         <StringRefAddr addrType="user">
            <Contents>ICOE_MOHALI</Contents>
         </StringRefAddr>
         <SecureRefAddr addrType="password"/>
         <StringRefAddr addrType="DeployPassword">
            <Contents>true</Contents>
         </StringRefAddr>
         <StringRefAddr addrType="oraDriverType">
            <Contents>thin</Contents>
         </StringRefAddr>
      </RefAddresses>
   </Reference>
   <Reference name="SOA2_ETH_MDS_FILE" className="oracle.tip.tools.ide.common.resourcepalette.adapter.mds.MDSProvider" xmlns="">
      <Factory className="oracle.tip.tools.ide.common.resourcepalette.adapter.mds.MDSProviderFactory"/>
      <RefAddresses>
         <StringRefAddr addrType="ConnectionName">
            <Contents>SOA2_ETH_MDS_FILE</Contents>
         </StringRefAddr>
         <StringRefAddr addrType="ConnectionType">
            <Contents>oracle.mds.persistence.stores.file.FileMetadataStore</Contents>
         </StringRefAddr>
         <StringRefAddr addrType="MDS_PARTITION_NAME">
            <Contents>apps</Contents>
         </StringRefAddr>
         <StringRefAddr addrType="metadata-path">
            <Contents>D:\oracle\SOA11G\weblogic\Jdev\jdeveloper\integration\seed</Contents>
         </StringRefAddr>
         <StringRefAddr addrType="USER_FILEMDS_ROOT">
            <Contents>D:\oracle\SOA11G\weblogic\Jdev\jdeveloper\integration\seed\apps</Contents>
         </StringRefAddr>
      </RefAddresses>
   </Reference>
</References>
