<?xml version = '1.0' encoding = 'UTF-8'?>
<descriptor>
   <unique-filename>VDSTDBINSCatalogPricing.VdstCatalogPrice.ClassDescriptor</unique-filename>
   <active>true</active>
   <bldr-class>VDSTDBINSCatalogPricing.VdstCatalogPrice</bldr-class>
   <mappings>
      <mapping>
         <inherited>false</inherited>
         <instance-variable-name>vdstCatalogPriceUuid</instance-variable-name>
         <default-field-names>
            <default-field-name>direct field=</default-field-name>
         </default-field-names>
         <uses-method-accessing>false</uses-method-accessing>
         <read-only>false</read-only>
         <get-method-handle>
            <method-handle/>
         </get-method-handle>
         <set-method-handle>
            <method-handle/>
         </set-method-handle>
         <direct-mapping-field-handle>
            <field-handle>
               <field-table>CMC_VDST_IMPORT.VDST_CATALOG_PRICE</field-table>
               <field-name>VDST_CATALOG_PRICE_UUID</field-name>
            </field-handle>
         </direct-mapping-field-handle>
         <mapping-class>MWDirectToFieldMapping</mapping-class>
      </mapping>
      <mapping>
         <inherited>false</inherited>
         <instance-variable-name>senderId</instance-variable-name>
         <default-field-names>
            <default-field-name>direct field=</default-field-name>
         </default-field-names>
         <uses-method-accessing>false</uses-method-accessing>
         <read-only>false</read-only>
         <get-method-handle>
            <method-handle/>
         </get-method-handle>
         <set-method-handle>
            <method-handle/>
         </set-method-handle>
         <direct-mapping-field-handle>
            <field-handle>
               <field-table>CMC_VDST_IMPORT.VDST_CATALOG_PRICE</field-table>
               <field-name>SENDER_ID</field-name>
            </field-handle>
         </direct-mapping-field-handle>
         <mapping-class>MWDirectToFieldMapping</mapping-class>
      </mapping>
      <mapping>
         <inherited>false</inherited>
         <instance-variable-name>partNumber</instance-variable-name>
         <default-field-names>
            <default-field-name>direct field=</default-field-name>
         </default-field-names>
         <uses-method-accessing>false</uses-method-accessing>
         <read-only>false</read-only>
         <get-method-handle>
            <method-handle/>
         </get-method-handle>
         <set-method-handle>
            <method-handle/>
         </set-method-handle>
         <direct-mapping-field-handle>
            <field-handle>
               <field-table>CMC_VDST_IMPORT.VDST_CATALOG_PRICE</field-table>
               <field-name>PART_NUMBER</field-name>
            </field-handle>
         </direct-mapping-field-handle>
         <mapping-class>MWDirectToFieldMapping</mapping-class>
      </mapping>
      <mapping>
         <inherited>false</inherited>
         <instance-variable-name>partNumberDisplay</instance-variable-name>
         <default-field-names>
            <default-field-name>direct field=</default-field-name>
         </default-field-names>
         <uses-method-accessing>false</uses-method-accessing>
         <read-only>false</read-only>
         <get-method-handle>
            <method-handle/>
         </get-method-handle>
         <set-method-handle>
            <method-handle/>
         </set-method-handle>
         <direct-mapping-field-handle>
            <field-handle>
               <field-table>CMC_VDST_IMPORT.VDST_CATALOG_PRICE</field-table>
               <field-name>PART_NUMBER_DISPLAY</field-name>
            </field-handle>
         </direct-mapping-field-handle>
         <mapping-class>MWDirectToFieldMapping</mapping-class>
      </mapping>
      <mapping>
         <inherited>false</inherited>
         <instance-variable-name>shortName</instance-variable-name>
         <default-field-names>
            <default-field-name>direct field=</default-field-name>
         </default-field-names>
         <uses-method-accessing>false</uses-method-accessing>
         <read-only>false</read-only>
         <get-method-handle>
            <method-handle/>
         </get-method-handle>
         <set-method-handle>
            <method-handle/>
         </set-method-handle>
         <direct-mapping-field-handle>
            <field-handle>
               <field-table>CMC_VDST_IMPORT.VDST_CATALOG_PRICE</field-table>
               <field-name>SHORT_NAME</field-name>
            </field-handle>
         </direct-mapping-field-handle>
         <mapping-class>MWDirectToFieldMapping</mapping-class>
      </mapping>
      <mapping>
         <inherited>false</inherited>
         <instance-variable-name>longDescription</instance-variable-name>
         <default-field-names>
            <default-field-name>direct field=</default-field-name>
         </default-field-names>
         <uses-method-accessing>false</uses-method-accessing>
         <read-only>false</read-only>
         <get-method-handle>
            <method-handle/>
         </get-method-handle>
         <set-method-handle>
            <method-handle/>
         </set-method-handle>
         <direct-mapping-field-handle>
            <field-handle>
               <field-table>CMC_VDST_IMPORT.VDST_CATALOG_PRICE</field-table>
               <field-name>LONG_DESCRIPTION</field-name>
            </field-handle>
         </direct-mapping-field-handle>
         <mapping-class>MWDirectToFieldMapping</mapping-class>
      </mapping>
      <mapping>
         <inherited>false</inherited>
         <instance-variable-name>pkgUomCode</instance-variable-name>
         <default-field-names>
            <default-field-name>direct field=</default-field-name>
         </default-field-names>
         <uses-method-accessing>false</uses-method-accessing>
         <read-only>false</read-only>
         <get-method-handle>
            <method-handle/>
         </get-method-handle>
         <set-method-handle>
            <method-handle/>
         </set-method-handle>
         <direct-mapping-field-handle>
            <field-handle>
               <field-table>CMC_VDST_IMPORT.VDST_CATALOG_PRICE</field-table>
               <field-name>PKG_UOM_CODE</field-name>
            </field-handle>
         </direct-mapping-field-handle>
         <mapping-class>MWDirectToFieldMapping</mapping-class>
      </mapping>
      <mapping>
         <inherited>false</inherited>
         <instance-variable-name>unitPerCase</instance-variable-name>
         <default-field-names>
            <default-field-name>direct field=</default-field-name>
         </default-field-names>
         <uses-method-accessing>false</uses-method-accessing>
         <read-only>false</read-only>
         <get-method-handle>
            <method-handle/>
         </get-method-handle>
         <set-method-handle>
            <method-handle/>
         </set-method-handle>
         <direct-mapping-field-handle>
            <field-handle>
               <field-table>CMC_VDST_IMPORT.VDST_CATALOG_PRICE</field-table>
               <field-name>UNIT_PER_CASE</field-name>
            </field-handle>
         </direct-mapping-field-handle>
         <mapping-class>MWDirectToFieldMapping</mapping-class>
      </mapping>
      <mapping>
         <inherited>false</inherited>
         <instance-variable-name>weightPerUnit</instance-variable-name>
         <default-field-names>
            <default-field-name>direct field=</default-field-name>
         </default-field-names>
         <uses-method-accessing>false</uses-method-accessing>
         <read-only>false</read-only>
         <get-method-handle>
            <method-handle/>
         </get-method-handle>
         <set-method-handle>
            <method-handle/>
         </set-method-handle>
         <direct-mapping-field-handle>
            <field-handle>
               <field-table>CMC_VDST_IMPORT.VDST_CATALOG_PRICE</field-table>
               <field-name>WEIGHT_PER_UNIT</field-name>
            </field-handle>
         </direct-mapping-field-handle>
         <mapping-class>MWDirectToFieldMapping</mapping-class>
      </mapping>
      <mapping>
         <inherited>false</inherited>
         <instance-variable-name>color</instance-variable-name>
         <default-field-names>
            <default-field-name>direct field=</default-field-name>
         </default-field-names>
         <uses-method-accessing>false</uses-method-accessing>
         <read-only>false</read-only>
         <get-method-handle>
            <method-handle/>
         </get-method-handle>
         <set-method-handle>
            <method-handle/>
         </set-method-handle>
         <direct-mapping-field-handle>
            <field-handle>
               <field-table>CMC_VDST_IMPORT.VDST_CATALOG_PRICE</field-table>
               <field-name>COLOR</field-name>
            </field-handle>
         </direct-mapping-field-handle>
         <mapping-class>MWDirectToFieldMapping</mapping-class>
      </mapping>
      <mapping>
         <inherited>false</inherited>
         <instance-variable-name>productGrouping</instance-variable-name>
         <default-field-names>
            <default-field-name>direct field=</default-field-name>
         </default-field-names>
         <uses-method-accessing>false</uses-method-accessing>
         <read-only>false</read-only>
         <get-method-handle>
            <method-handle/>
         </get-method-handle>
         <set-method-handle>
            <method-handle/>
         </set-method-handle>
         <direct-mapping-field-handle>
            <field-handle>
               <field-table>CMC_VDST_IMPORT.VDST_CATALOG_PRICE</field-table>
               <field-name>PRODUCT_GROUPING</field-name>
            </field-handle>
         </direct-mapping-field-handle>
         <mapping-class>MWDirectToFieldMapping</mapping-class>
      </mapping>
      <mapping>
         <inherited>false</inherited>
         <instance-variable-name>groupingTypeList</instance-variable-name>
         <default-field-names>
            <default-field-name>direct field=</default-field-name>
         </default-field-names>
         <uses-method-accessing>false</uses-method-accessing>
         <read-only>false</read-only>
         <get-method-handle>
            <method-handle/>
         </get-method-handle>
         <set-method-handle>
            <method-handle/>
         </set-method-handle>
         <direct-mapping-field-handle>
            <field-handle>
               <field-table>CMC_VDST_IMPORT.VDST_CATALOG_PRICE</field-table>
               <field-name>GROUPING_TYPE_LIST</field-name>
            </field-handle>
         </direct-mapping-field-handle>
         <mapping-class>MWDirectToFieldMapping</mapping-class>
      </mapping>
      <mapping>
         <inherited>false</inherited>
         <instance-variable-name>dimensionUomCode</instance-variable-name>
         <default-field-names>
            <default-field-name>direct field=</default-field-name>
         </default-field-names>
         <uses-method-accessing>false</uses-method-accessing>
         <read-only>false</read-only>
         <get-method-handle>
            <method-handle/>
         </get-method-handle>
         <set-method-handle>
            <method-handle/>
         </set-method-handle>
         <direct-mapping-field-handle>
            <field-handle>
               <field-table>CMC_VDST_IMPORT.VDST_CATALOG_PRICE</field-table>
               <field-name>DIMENSION_UOM_CODE</field-name>
            </field-handle>
         </direct-mapping-field-handle>
         <mapping-class>MWDirectToFieldMapping</mapping-class>
      </mapping>
      <mapping>
         <inherited>false</inherited>
         <instance-variable-name>itemHeight</instance-variable-name>
         <default-field-names>
            <default-field-name>direct field=</default-field-name>
         </default-field-names>
         <uses-method-accessing>false</uses-method-accessing>
         <read-only>false</read-only>
         <get-method-handle>
            <method-handle/>
         </get-method-handle>
         <set-method-handle>
            <method-handle/>
         </set-method-handle>
         <direct-mapping-field-handle>
            <field-handle>
               <field-table>CMC_VDST_IMPORT.VDST_CATALOG_PRICE</field-table>
               <field-name>ITEM_HEIGHT</field-name>
            </field-handle>
         </direct-mapping-field-handle>
         <mapping-class>MWDirectToFieldMapping</mapping-class>
      </mapping>
      <mapping>
         <inherited>false</inherited>
         <instance-variable-name>itemWidth</instance-variable-name>
         <default-field-names>
            <default-field-name>direct field=</default-field-name>
         </default-field-names>
         <uses-method-accessing>false</uses-method-accessing>
         <read-only>false</read-only>
         <get-method-handle>
            <method-handle/>
         </get-method-handle>
         <set-method-handle>
            <method-handle/>
         </set-method-handle>
         <direct-mapping-field-handle>
            <field-handle>
               <field-table>CMC_VDST_IMPORT.VDST_CATALOG_PRICE</field-table>
               <field-name>ITEM_WIDTH</field-name>
            </field-handle>
         </direct-mapping-field-handle>
         <mapping-class>MWDirectToFieldMapping</mapping-class>
      </mapping>
      <mapping>
         <inherited>false</inherited>
         <instance-variable-name>itemDepth</instance-variable-name>
         <default-field-names>
            <default-field-name>direct field=</default-field-name>
         </default-field-names>
         <uses-method-accessing>false</uses-method-accessing>
         <read-only>false</read-only>
         <get-method-handle>
            <method-handle/>
         </get-method-handle>
         <set-method-handle>
            <method-handle/>
         </set-method-handle>
         <direct-mapping-field-handle>
            <field-handle>
               <field-table>CMC_VDST_IMPORT.VDST_CATALOG_PRICE</field-table>
               <field-name>ITEM_DEPTH</field-name>
            </field-handle>
         </direct-mapping-field-handle>
         <mapping-class>MWDirectToFieldMapping</mapping-class>
      </mapping>
      <mapping>
         <inherited>false</inherited>
         <instance-variable-name>listPrice</instance-variable-name>
         <default-field-names>
            <default-field-name>direct field=</default-field-name>
         </default-field-names>
         <uses-method-accessing>false</uses-method-accessing>
         <read-only>false</read-only>
         <get-method-handle>
            <method-handle/>
         </get-method-handle>
         <set-method-handle>
            <method-handle/>
         </set-method-handle>
         <direct-mapping-field-handle>
            <field-handle>
               <field-table>CMC_VDST_IMPORT.VDST_CATALOG_PRICE</field-table>
               <field-name>LIST_PRICE</field-name>
            </field-handle>
         </direct-mapping-field-handle>
         <mapping-class>MWDirectToFieldMapping</mapping-class>
      </mapping>
      <mapping>
         <inherited>false</inherited>
         <instance-variable-name>catalogNumber</instance-variable-name>
         <default-field-names>
            <default-field-name>direct field=</default-field-name>
         </default-field-names>
         <uses-method-accessing>false</uses-method-accessing>
         <read-only>false</read-only>
         <get-method-handle>
            <method-handle/>
         </get-method-handle>
         <set-method-handle>
            <method-handle/>
         </set-method-handle>
         <direct-mapping-field-handle>
            <field-handle>
               <field-table>CMC_VDST_IMPORT.VDST_CATALOG_PRICE</field-table>
               <field-name>CATALOG_NUMBER</field-name>
            </field-handle>
         </direct-mapping-field-handle>
         <mapping-class>MWDirectToFieldMapping</mapping-class>
      </mapping>
      <mapping>
         <inherited>false</inherited>
         <instance-variable-name>drawingName</instance-variable-name>
         <default-field-names>
            <default-field-name>direct field=</default-field-name>
         </default-field-names>
         <uses-method-accessing>false</uses-method-accessing>
         <read-only>false</read-only>
         <get-method-handle>
            <method-handle/>
         </get-method-handle>
         <set-method-handle>
            <method-handle/>
         </set-method-handle>
         <direct-mapping-field-handle>
            <field-handle>
               <field-table>CMC_VDST_IMPORT.VDST_CATALOG_PRICE</field-table>
               <field-name>DRAWING_NAME</field-name>
            </field-handle>
         </direct-mapping-field-handle>
         <mapping-class>MWDirectToFieldMapping</mapping-class>
      </mapping>
      <mapping>
         <inherited>false</inherited>
         <instance-variable-name>discontinueFlag</instance-variable-name>
         <default-field-names>
            <default-field-name>direct field=</default-field-name>
         </default-field-names>
         <uses-method-accessing>false</uses-method-accessing>
         <read-only>false</read-only>
         <get-method-handle>
            <method-handle/>
         </get-method-handle>
         <set-method-handle>
            <method-handle/>
         </set-method-handle>
         <direct-mapping-field-handle>
            <field-handle>
               <field-table>CMC_VDST_IMPORT.VDST_CATALOG_PRICE</field-table>
               <field-name>DISCONTINUE_FLAG</field-name>
            </field-handle>
         </direct-mapping-field-handle>
         <mapping-class>MWDirectToFieldMapping</mapping-class>
      </mapping>
      <mapping>
         <inherited>false</inherited>
         <instance-variable-name>usedInVdstFlag</instance-variable-name>
         <default-field-names>
            <default-field-name>direct field=</default-field-name>
         </default-field-names>
         <uses-method-accessing>false</uses-method-accessing>
         <read-only>false</read-only>
         <get-method-handle>
            <method-handle/>
         </get-method-handle>
         <set-method-handle>
            <method-handle/>
         </set-method-handle>
         <direct-mapping-field-handle>
            <field-handle>
               <field-table>CMC_VDST_IMPORT.VDST_CATALOG_PRICE</field-table>
               <field-name>USED_IN_VDST_FLAG</field-name>
            </field-handle>
         </direct-mapping-field-handle>
         <mapping-class>MWDirectToFieldMapping</mapping-class>
      </mapping>
      <mapping>
         <inherited>false</inherited>
         <instance-variable-name>usedInB2bFlag</instance-variable-name>
         <default-field-names>
            <default-field-name>direct field=</default-field-name>
         </default-field-names>
         <uses-method-accessing>false</uses-method-accessing>
         <read-only>false</read-only>
         <get-method-handle>
            <method-handle/>
         </get-method-handle>
         <set-method-handle>
            <method-handle/>
         </set-method-handle>
         <direct-mapping-field-handle>
            <field-handle>
               <field-table>CMC_VDST_IMPORT.VDST_CATALOG_PRICE</field-table>
               <field-name>USED_IN_B2B_FLAG</field-name>
            </field-handle>
         </direct-mapping-field-handle>
         <mapping-class>MWDirectToFieldMapping</mapping-class>
      </mapping>
      <mapping>
         <inherited>false</inherited>
         <instance-variable-name>usedInB2cFlag</instance-variable-name>
         <default-field-names>
            <default-field-name>direct field=</default-field-name>
         </default-field-names>
         <uses-method-accessing>false</uses-method-accessing>
         <read-only>false</read-only>
         <get-method-handle>
            <method-handle/>
         </get-method-handle>
         <set-method-handle>
            <method-handle/>
         </set-method-handle>
         <direct-mapping-field-handle>
            <field-handle>
               <field-table>CMC_VDST_IMPORT.VDST_CATALOG_PRICE</field-table>
               <field-name>USED_IN_B2C_FLAG</field-name>
            </field-handle>
         </direct-mapping-field-handle>
         <mapping-class>MWDirectToFieldMapping</mapping-class>
      </mapping>
      <mapping>
         <inherited>false</inherited>
         <instance-variable-name>configurableItemFlag</instance-variable-name>
         <default-field-names>
            <default-field-name>direct field=</default-field-name>
         </default-field-names>
         <uses-method-accessing>false</uses-method-accessing>
         <read-only>false</read-only>
         <get-method-handle>
            <method-handle/>
         </get-method-handle>
         <set-method-handle>
            <method-handle/>
         </set-method-handle>
         <direct-mapping-field-handle>
            <field-handle>
               <field-table>CMC_VDST_IMPORT.VDST_CATALOG_PRICE</field-table>
               <field-name>CONFIGURABLE_ITEM_FLAG</field-name>
            </field-handle>
         </direct-mapping-field-handle>
         <mapping-class>MWDirectToFieldMapping</mapping-class>
      </mapping>
      <mapping>
         <inherited>false</inherited>
         <instance-variable-name>catalogImage</instance-variable-name>
         <default-field-names>
            <default-field-name>direct field=</default-field-name>
         </default-field-names>
         <uses-method-accessing>false</uses-method-accessing>
         <read-only>false</read-only>
         <get-method-handle>
            <method-handle/>
         </get-method-handle>
         <set-method-handle>
            <method-handle/>
         </set-method-handle>
         <direct-mapping-field-handle>
            <field-handle>
               <field-table>CMC_VDST_IMPORT.VDST_CATALOG_PRICE</field-table>
               <field-name>CATALOG_IMAGE</field-name>
            </field-handle>
         </direct-mapping-field-handle>
         <mapping-class>MWDirectToFieldMapping</mapping-class>
      </mapping>
      <mapping>
         <inherited>false</inherited>
         <instance-variable-name>category</instance-variable-name>
         <default-field-names>
            <default-field-name>direct field=</default-field-name>
         </default-field-names>
         <uses-method-accessing>false</uses-method-accessing>
         <read-only>false</read-only>
         <get-method-handle>
            <method-handle/>
         </get-method-handle>
         <set-method-handle>
            <method-handle/>
         </set-method-handle>
         <direct-mapping-field-handle>
            <field-handle>
               <field-table>CMC_VDST_IMPORT.VDST_CATALOG_PRICE</field-table>
               <field-name>CATEGORY</field-name>
            </field-handle>
         </direct-mapping-field-handle>
         <mapping-class>MWDirectToFieldMapping</mapping-class>
      </mapping>
      <mapping>
         <inherited>false</inherited>
         <instance-variable-name>installTime</instance-variable-name>
         <default-field-names>
            <default-field-name>direct field=</default-field-name>
         </default-field-names>
         <uses-method-accessing>false</uses-method-accessing>
         <read-only>false</read-only>
         <get-method-handle>
            <method-handle/>
         </get-method-handle>
         <set-method-handle>
            <method-handle/>
         </set-method-handle>
         <direct-mapping-field-handle>
            <field-handle>
               <field-table>CMC_VDST_IMPORT.VDST_CATALOG_PRICE</field-table>
               <field-name>INSTALL_TIME</field-name>
            </field-handle>
         </direct-mapping-field-handle>
         <mapping-class>MWDirectToFieldMapping</mapping-class>
      </mapping>
      <mapping>
         <inherited>false</inherited>
         <instance-variable-name>language</instance-variable-name>
         <default-field-names>
            <default-field-name>direct field=</default-field-name>
         </default-field-names>
         <uses-method-accessing>false</uses-method-accessing>
         <read-only>false</read-only>
         <get-method-handle>
            <method-handle/>
         </get-method-handle>
         <set-method-handle>
            <method-handle/>
         </set-method-handle>
         <direct-mapping-field-handle>
            <field-handle>
               <field-table>CMC_VDST_IMPORT.VDST_CATALOG_PRICE</field-table>
               <field-name>LANGUAGE</field-name>
            </field-handle>
         </direct-mapping-field-handle>
         <mapping-class>MWDirectToFieldMapping</mapping-class>
      </mapping>
      <mapping>
         <inherited>false</inherited>
         <instance-variable-name>generatedTimestamp</instance-variable-name>
         <default-field-names>
            <default-field-name>direct field=</default-field-name>
         </default-field-names>
         <uses-method-accessing>false</uses-method-accessing>
         <read-only>false</read-only>
         <get-method-handle>
            <method-handle/>
         </get-method-handle>
         <set-method-handle>
            <method-handle/>
         </set-method-handle>
         <direct-mapping-field-handle>
            <field-handle>
               <field-table>CMC_VDST_IMPORT.VDST_CATALOG_PRICE</field-table>
               <field-name>GENERATED_TIMESTAMP</field-name>
            </field-handle>
         </direct-mapping-field-handle>
         <mapping-class>MWDirectToFieldMapping</mapping-class>
      </mapping>
   </mappings>
   <uses-sequencing>false</uses-sequencing>
   <should-always-refresh-cache>true</should-always-refresh-cache>
   <primary-key-field-handles>
      <field-handle>
         <field-table>CMC_VDST_IMPORT.VDST_CATALOG_PRICE</field-table>
         <field-name>VDST_CATALOG_PRICE_UUID</field-name>
      </field-handle>
   </primary-key-field-handles>
   <primary-table>CMC_VDST_IMPORT.VDST_CATALOG_PRICE</primary-table>
   <associated-tables>
      <associated-table>
         <name>CMC_VDST_IMPORT.VDST_CATALOG_PRICE</name>
      </associated-table>
   </associated-tables>
   <sequence-number-field-handle>
      <field-handle/>
   </sequence-number-field-handle>
   <class-descriptor-query-manager>
      <query-manager>
         <descriptor-alias>VdstCatalogPrice</descriptor-alias>
         <query-list>
            <query>
               <name>findAllVdstCatalogPrice</name>
               <query-type>oracle.toplink.queryframework.ReadAllQuery</query-type>
               <cache-usage>Check Cache by Primary Key</cache-usage>
               <lock-mode>Do Not Acquire Locks</lock-mode>
               <distinct-state>Uncomputed Distinct</distinct-state>
               <in-memory-query-indirection-policy>Throw Indirection Exception</in-memory-query-indirection-policy>
               <cache-query-results>false</cache-query-results>
               <maintain-cache>true</maintain-cache>
               <refresh-identity-map-result>false</refresh-identity-map-result>
               <refresh-remote-identity-map-result>false</refresh-remote-identity-map-result>
               <use-wrapper-policy>true</use-wrapper-policy>
               <prepare>true</prepare>
               <query-timeout>0</query-timeout>
               <maximum-rows>0</maximum-rows>
               <format>
                  <query-format>
                     <main-compound-expression>
                        <expression>
                           <operator-type>AND</operator-type>
                           <expression-class>MWCompoundExpression</expression-class>
                        </expression>
                     </main-compound-expression>
                     <query-format-class>MWExpressionQueryFormat</query-format-class>
                  </query-format>
               </format>
            </query>
         </query-list>
      </query-manager>
   </class-descriptor-query-manager>
   <class-descriptor-identity-policy>
      <identity-policy>
         <identity-map-size>100</identity-map-size>
         <identity-map-class-name>oracle.toplink.internal.identitymaps.WeakIdentityMap</identity-map-class-name>
         <existence-checking>Check database</existence-checking>
      </identity-policy>
   </class-descriptor-identity-policy>
   <descriptor-class>MWClassDescriptor</descriptor-class>
</descriptor>
