<?xml version = '1.0' encoding = 'UTF-8'?>
<metadata>
   <system name="DefaultSystem" guid="96DD76C0971311DABF1A87858E4395A7" qname="DefaultSystem" status="ENABLED">
      <versionInfo>
         <ID>1250524083911</ID>
         <lastModifiedTime>Mon Aug 17 21:18:03 GMT+05:30 2009</lastModifiedTime>
         <lastModifiedUser>oc4jadmin</lastModifiedUser>
      </versionInfo>
   </system>
   <system name="BPELSystem" guid="AC400E815B3F11DEBFB21BB3D92A8AFA" qname="BPELSystem" status="ENABLED">
      <versionInfo>
         <ID>1250524139254</ID>
         <lastModifiedTime>Mon Aug 17 21:18:59 GMT+05:30 2009</lastModifiedTime>
         <lastModifiedUser>oc4jadmin</lastModifiedUser>
      </versionInfo>
      <serviceGroup name="default" guid="AC400E825B3F11DEBFB21BB3D92A8AFA" qname="BPELSystem.default" status="ENABLED">
         <versionInfo>
            <ID>1245243990068</ID>
            <lastModifiedTime>Wed Jun 17 18:36:30 GMT+05:30 2009</lastModifiedTime>
            <lastModifiedUser>oc4jadmin</lastModifiedUser>
         </versionInfo>
         <parent guid="AC400E815B3F11DEBFB21BB3D92A8AFA" qname="BPELSystem" type="system"/>
         <serviceGroup name="Called_BPEL" guid="AC49AB705B3F11DEBFB21BB3D92A8AFA" qname="BPELSystem.default.Called_BPEL" status="ENABLED">
            <versionInfo>
               <ID>1245243990068</ID>
               <lastModifiedTime>Wed Jun 17 18:36:30 GMT+05:30 2009</lastModifiedTime>
               <lastModifiedUser>oc4jadmin</lastModifiedUser>
            </versionInfo>
            <parent guid="AC400E825B3F11DEBFB21BB3D92A8AFA" qname="BPELSystem.default" type="serviceGroup"/>
         </serviceGroup>
         <serviceGroup name="ETH_AQDEQ_Dummy" guid="6EDC940017A011DF9F14731A35385D3E" qname="BPELSystem.default.ETH_AQDEQ_Dummy" status="ENABLED">
            <versionInfo>
               <ID>1265956367094</ID>
               <lastModifiedTime>Fri Feb 12 12:02:47 GMT+05:30 2010</lastModifiedTime>
               <lastModifiedUser>oc4jadmin</lastModifiedUser>
            </versionInfo>
            <parent guid="AC400E825B3F11DEBFB21BB3D92A8AFA" qname="BPELSystem.default" type="serviceGroup"/>
         </serviceGroup>
         <serviceGroup name="ETH_AQENQ_Dummy" guid="1CD31DB1170411DF8F19EB563B60F474" qname="BPELSystem.default.ETH_AQENQ_Dummy" status="ENABLED">
            <versionInfo>
               <ID>1265889228687</ID>
               <lastModifiedTime>Thu Feb 11 17:23:48 GMT+05:30 2010</lastModifiedTime>
               <lastModifiedUser>oc4jadmin</lastModifiedUser>
            </versionInfo>
            <parent guid="AC400E825B3F11DEBFB21BB3D92A8AFA" qname="BPELSystem.default" type="serviceGroup"/>
         </serviceGroup>
         <serviceGroup name="readFile_BPEL" guid="1064026001F111DFBFFAC10334BFCB60" qname="BPELSystem.default.readFile_BPEL" status="ENABLED">
            <versionInfo>
               <ID>1263572072126</ID>
               <lastModifiedTime>Fri Jan 15 21:44:32 GMT+05:30 2010</lastModifiedTime>
               <lastModifiedUser>oc4jadmin</lastModifiedUser>
            </versionInfo>
            <parent guid="AC400E825B3F11DEBFB21BB3D92A8AFA" qname="BPELSystem.default" type="serviceGroup"/>
         </serviceGroup>
         <serviceGroup name="VDST_BPEL_CatalogPricingProvABCS" guid="E9881DA1633211DEBFD7ED4F3F27A39F" qname="BPELSystem.default.VDST_BPEL_CatalogPricingProvABCS" status="ENABLED">
            <versionInfo>
               <ID>1246118118865</ID>
               <lastModifiedTime>Sat Jun 27 21:25:18 GMT+05:30 2009</lastModifiedTime>
               <lastModifiedUser>oc4jadmin</lastModifiedUser>
            </versionInfo>
            <parent guid="AC400E825B3F11DEBFB21BB3D92A8AFA" qname="BPELSystem.default" type="serviceGroup"/>
         </serviceGroup>
         <serviceGroup name="VDST_BPEL_CSV_ChannelPartner_PartMapProvABCS" guid="31021FD066FF11DEBFB57BEE1B996D9D" qname="BPELSystem.default.VDST_BPEL_CSV_ChannelPartner_PartMapProvABCS" status="ENABLED">
            <versionInfo>
               <ID>1246535710401</ID>
               <lastModifiedTime>Thu Jul 02 17:25:10 GMT+05:30 2009</lastModifiedTime>
               <lastModifiedUser>oc4jadmin</lastModifiedUser>
            </versionInfo>
            <parent guid="AC400E825B3F11DEBFB21BB3D92A8AFA" qname="BPELSystem.default" type="serviceGroup"/>
         </serviceGroup>
         <serviceGroup name="VDST_BPEL_CatalogPricingReqABCS" guid="F8D00620633611DEBFD7ED4F3F27A39F" qname="BPELSystem.default.VDST_BPEL_CatalogPricingReqABCS" status="ENABLED">
            <versionInfo>
               <ID>1246119862396</ID>
               <lastModifiedTime>Sat Jun 27 21:54:22 GMT+05:30 2009</lastModifiedTime>
               <lastModifiedUser>oc4jadmin</lastModifiedUser>
            </versionInfo>
            <parent guid="AC400E825B3F11DEBFB21BB3D92A8AFA" qname="BPELSystem.default" type="serviceGroup"/>
         </serviceGroup>
         <serviceGroup name="SchedulerBPEL" guid="BBA6C4D16CB611DE9F3AA18AC7402A8E" qname="BPELSystem.default.SchedulerBPEL" status="ENABLED">
            <versionInfo>
               <ID>1247164296035</ID>
               <lastModifiedTime>Fri Jul 10 00:01:36 GMT+05:30 2009</lastModifiedTime>
               <lastModifiedUser>oc4jadmin</lastModifiedUser>
            </versionInfo>
            <parent guid="AC400E825B3F11DEBFB21BB3D92A8AFA" qname="BPELSystem.default" type="serviceGroup"/>
         </serviceGroup>
         <serviceGroup name="FetchALL" guid="2C902CF176E811DE9F651192DA734190" qname="BPELSystem.default.FetchALL" status="ENABLED">
            <versionInfo>
               <ID>1248285042358</ID>
               <lastModifiedTime>Wed Jul 22 23:20:42 GMT+05:30 2009</lastModifiedTime>
               <lastModifiedUser>oc4jadmin</lastModifiedUser>
            </versionInfo>
            <parent guid="AC400E825B3F11DEBFB21BB3D92A8AFA" qname="BPELSystem.default" type="serviceGroup"/>
         </serviceGroup>
         <serviceGroup name="FtpUtilProcess" guid="C31C5F4178AF11DEBFB9DBC53EB24902" qname="BPELSystem.default.FtpUtilProcess" status="ENABLED">
            <versionInfo>
               <ID>1248480716042</ID>
               <lastModifiedTime>Sat Jul 25 05:41:56 GMT+05:30 2009</lastModifiedTime>
               <lastModifiedUser>oc4jadmin</lastModifiedUser>
            </versionInfo>
            <parent guid="AC400E825B3F11DEBFB21BB3D92A8AFA" qname="BPELSystem.default" type="serviceGroup"/>
         </serviceGroup>
         <serviceGroup name="VDST_BPEL_CSV_CatalogPricingProvABCS" guid="06FE6F81658411DEBFFD4BED569D28AF" qname="BPELSystem.default.VDST_BPEL_CSV_CatalogPricingProvABCS" status="ENABLED">
            <versionInfo>
               <ID>1246372859575</ID>
               <lastModifiedTime>Tue Jun 30 20:10:59 GMT+05:30 2009</lastModifiedTime>
               <lastModifiedUser>oc4jadmin</lastModifiedUser>
            </versionInfo>
            <parent guid="AC400E825B3F11DEBFB21BB3D92A8AFA" qname="BPELSystem.default" type="serviceGroup"/>
         </serviceGroup>
         <serviceGroup name="VDST_BPEL_ChannelPartnerListReqABCS" guid="032B0D91667A11DE9F5F413449B3CC98" qname="BPELSystem.default.VDST_BPEL_ChannelPartnerListReqABCS" status="ENABLED">
            <versionInfo>
               <ID>1246478509382</ID>
               <lastModifiedTime>Thu Jul 02 01:31:49 GMT+05:30 2009</lastModifiedTime>
               <lastModifiedUser>oc4jadmin</lastModifiedUser>
            </versionInfo>
            <parent guid="AC400E825B3F11DEBFB21BB3D92A8AFA" qname="BPELSystem.default" type="serviceGroup"/>
         </serviceGroup>
         <serviceGroup name="VDST_BPEL_CSV_ChannelPartnerListProvABCS" guid="2AF53F60668611DE9F5F413449B3CC98" qname="BPELSystem.default.VDST_BPEL_CSV_ChannelPartnerListProvABCS" status="ENABLED">
            <versionInfo>
               <ID>1246483730053</ID>
               <lastModifiedTime>Thu Jul 02 02:58:50 GMT+05:30 2009</lastModifiedTime>
               <lastModifiedUser>oc4jadmin</lastModifiedUser>
            </versionInfo>
            <parent guid="AC400E825B3F11DEBFB21BB3D92A8AFA" qname="BPELSystem.default" type="serviceGroup"/>
         </serviceGroup>
         <serviceGroup name="ReachMailSend" guid="F20B5491A6AF11DEBFB7C964805917AD" qname="BPELSystem.default.ReachMailSend" status="ENABLED">
            <versionInfo>
               <ID>1253538548145</ID>
               <lastModifiedTime>Mon Sep 21 18:39:08 GMT+05:30 2009</lastModifiedTime>
               <lastModifiedUser>oc4jadmin</lastModifiedUser>
            </versionInfo>
            <parent guid="AC400E825B3F11DEBFB21BB3D92A8AFA" qname="BPELSystem.default" type="serviceGroup"/>
         </serviceGroup>
         <serviceGroup name="VDST_BPEL_ChannelPartner_PartMapReqABCS" guid="A408792166EB11DEBFB57BEE1B996D9D" qname="BPELSystem.default.VDST_BPEL_ChannelPartner_PartMapReqABCS" status="ENABLED">
            <versionInfo>
               <ID>1246527312946</ID>
               <lastModifiedTime>Thu Jul 02 15:05:12 GMT+05:30 2009</lastModifiedTime>
               <lastModifiedUser>oc4jadmin</lastModifiedUser>
            </versionInfo>
            <parent guid="AC400E825B3F11DEBFB21BB3D92A8AFA" qname="BPELSystem.default" type="serviceGroup"/>
         </serviceGroup>
         <serviceGroup name="RenameBPEL" guid="8D498B11A91811DEBF8FA3DA5DC783C4" qname="BPELSystem.default.RenameBPEL" status="ENABLED">
            <versionInfo>
               <ID>1253803378569</ID>
               <lastModifiedTime>Thu Sep 24 20:12:58 GMT+05:30 2009</lastModifiedTime>
               <lastModifiedUser>oc4jadmin</lastModifiedUser>
            </versionInfo>
            <parent guid="AC400E825B3F11DEBFB21BB3D92A8AFA" qname="BPELSystem.default" type="serviceGroup"/>
         </serviceGroup>
         <serviceGroup name="RenameBPEL1" guid="82A07050A91A11DEBF8FA3DA5DC783C4" qname="BPELSystem.default.RenameBPEL1" status="ENABLED">
            <versionInfo>
               <ID>1253804219458</ID>
               <lastModifiedTime>Thu Sep 24 20:26:59 GMT+05:30 2009</lastModifiedTime>
               <lastModifiedUser>oc4jadmin</lastModifiedUser>
            </versionInfo>
            <parent guid="AC400E825B3F11DEBFB21BB3D92A8AFA" qname="BPELSystem.default" type="serviceGroup"/>
         </serviceGroup>
         <serviceGroup name="CEH_BPEL_CommonErrorHandler" guid="6670D40093A911DEAF7B752086842111" qname="BPELSystem.default.CEH_BPEL_CommonErrorHandler" status="ENABLED">
            <versionInfo>
               <ID>1251446664809</ID>
               <lastModifiedTime>Fri Aug 28 13:34:24 GMT+05:30 2009</lastModifiedTime>
               <lastModifiedUser>oc4jadmin</lastModifiedUser>
            </versionInfo>
            <parent guid="AC400E825B3F11DEBFB21BB3D92A8AFA" qname="BPELSystem.default" type="serviceGroup"/>
         </serviceGroup>
         <serviceGroup name="CEH_BPEL_RejectedMsgHandler" guid="9E2F754093A911DEAF7B752086842111" qname="BPELSystem.default.CEH_BPEL_RejectedMsgHandler" status="ENABLED">
            <versionInfo>
               <ID>1251446758130</ID>
               <lastModifiedTime>Fri Aug 28 13:35:58 GMT+05:30 2009</lastModifiedTime>
               <lastModifiedUser>oc4jadmin</lastModifiedUser>
            </versionInfo>
            <parent guid="AC400E825B3F11DEBFB21BB3D92A8AFA" qname="BPELSystem.default" type="serviceGroup"/>
         </serviceGroup>
         <serviceGroup name="TestCatalogPricing_EBS" guid="E846BE4093A911DEAF7B752086842111" qname="BPELSystem.default.TestCatalogPricing_EBS" status="ENABLED">
            <versionInfo>
               <ID>1251446882528</ID>
               <lastModifiedTime>Fri Aug 28 13:38:02 GMT+05:30 2009</lastModifiedTime>
               <lastModifiedUser>oc4jadmin</lastModifiedUser>
            </versionInfo>
            <parent guid="AC400E825B3F11DEBFB21BB3D92A8AFA" qname="BPELSystem.default" type="serviceGroup"/>
         </serviceGroup>
         <serviceGroup name="LBT_BPEL_Invoke_UC13" guid="3AEEC2A09C5611DE9F5013FE414FBBEA" qname="BPELSystem.default.LBT_BPEL_Invoke_UC13" status="ENABLED">
            <versionInfo>
               <ID>1252400504378</ID>
               <lastModifiedTime>Tue Sep 08 14:31:44 GMT+05:30 2009</lastModifiedTime>
               <lastModifiedUser>oc4jadmin</lastModifiedUser>
            </versionInfo>
            <parent guid="AC400E825B3F11DEBFB21BB3D92A8AFA" qname="BPELSystem.default" type="serviceGroup"/>
         </serviceGroup>
         <serviceGroup name="FileReader" guid="A44B64619D3711DEBFDABB58029E5B4F" qname="BPELSystem.default.FileReader" status="ENABLED">
            <versionInfo>
               <ID>1252497317568</ID>
               <lastModifiedTime>Wed Sep 09 17:25:17 GMT+05:30 2009</lastModifiedTime>
               <lastModifiedUser>oc4jadmin</lastModifiedUser>
            </versionInfo>
            <parent guid="AC400E825B3F11DEBFB21BB3D92A8AFA" qname="BPELSystem.default" type="serviceGroup"/>
         </serviceGroup>
      </serviceGroup>
      <serviceGroup name="LiebertServices" guid="54FD1960F52211DE8F44579B7CB6D0F1" qname="BPELSystem.LiebertServices" status="ENABLED">
         <versionInfo>
            <ID>1262163867579</ID>
            <lastModifiedTime>Wed Dec 30 14:34:27 GMT+05:30 2009</lastModifiedTime>
            <lastModifiedUser>oc4jadmin</lastModifiedUser>
         </versionInfo>
         <parent guid="AC400E815B3F11DEBFB21BB3D92A8AFA" qname="BPELSystem" type="system"/>
         <serviceGroup name="LIEBERT_Ph2_UC3_PROC_BPEL" guid="743C5E10F54711DE8F44579B7CB6D0F1" qname="BPELSystem.LiebertServices.LIEBERT_Ph2_UC3_PROC_BPEL" status="ENABLED">
            <versionInfo>
               <ID>1262179810992</ID>
               <lastModifiedTime>Wed Dec 30 19:00:10 GMT+05:30 2009</lastModifiedTime>
               <lastModifiedUser>oc4jadmin</lastModifiedUser>
            </versionInfo>
            <parent guid="54FD1960F52211DE8F44579B7CB6D0F1" qname="BPELSystem.LiebertServices" type="serviceGroup"/>
         </serviceGroup>
         <serviceGroup name="TaskManager" guid="54FF6350F52211DE8F44579B7CB6D0F1" qname="BPELSystem.LiebertServices.TaskManager" status="ENABLED">
            <versionInfo>
               <ID>1262163867579</ID>
               <lastModifiedTime>Wed Dec 30 14:34:27 GMT+05:30 2009</lastModifiedTime>
               <lastModifiedUser>oc4jadmin</lastModifiedUser>
            </versionInfo>
            <parent guid="54FD1960F52211DE8F44579B7CB6D0F1" qname="BPELSystem.LiebertServices" type="serviceGroup"/>
         </serviceGroup>
         <serviceGroup name="LIEBERT_VENDAVO_INTEGRATION_Invoke_JDEPriceList_BPEL" guid="7AA943A0F52211DE8F44579B7CB6D0F1" qname="BPELSystem.LiebertServices.LIEBERT_VENDAVO_INTEGRATION_Invoke_JDEPriceList_BPEL" status="ENABLED">
            <versionInfo>
               <ID>1262163930408</ID>
               <lastModifiedTime>Wed Dec 30 14:35:30 GMT+05:30 2009</lastModifiedTime>
               <lastModifiedUser>oc4jadmin</lastModifiedUser>
            </versionInfo>
            <parent guid="54FD1960F52211DE8F44579B7CB6D0F1" qname="BPELSystem.LiebertServices" type="serviceGroup"/>
         </serviceGroup>
         <serviceGroup name="LIEBERT_VENDAVO_INTEGRATION_INVOKE_LESPriceList_BPEL" guid="B13AC070F52B11DE8F44579B7CB6D0F1" qname="BPELSystem.LiebertServices.LIEBERT_VENDAVO_INTEGRATION_INVOKE_LESPriceList_BPEL" status="ENABLED">
            <versionInfo>
               <ID>1262167887460</ID>
               <lastModifiedTime>Wed Dec 30 15:41:27 GMT+05:30 2009</lastModifiedTime>
               <lastModifiedUser>oc4jadmin</lastModifiedUser>
            </versionInfo>
            <parent guid="54FD1960F52211DE8F44579B7CB6D0F1" qname="BPELSystem.LiebertServices" type="serviceGroup"/>
         </serviceGroup>
      </serviceGroup>
      <serviceGroup name="VDSTServices" guid="C98E6FF1939C11DEAF7B752086842111" qname="BPELSystem.VDSTServices" status="ENABLED">
         <versionInfo>
            <ID>1251441249108</ID>
            <lastModifiedTime>Fri Aug 28 12:04:09 GMT+05:30 2009</lastModifiedTime>
            <lastModifiedUser>oc4jadmin</lastModifiedUser>
         </versionInfo>
         <parent guid="AC400E815B3F11DEBFB21BB3D92A8AFA" qname="BPELSystem" type="system"/>
         <serviceGroup name="TestCatalogPricing_EBS" guid="C9AAF8A0939C11DEAF7B752086842111" qname="BPELSystem.VDSTServices.TestCatalogPricing_EBS" status="ENABLED">
            <versionInfo>
               <ID>1251441249108</ID>
               <lastModifiedTime>Fri Aug 28 12:04:09 GMT+05:30 2009</lastModifiedTime>
               <lastModifiedUser>oc4jadmin</lastModifiedUser>
            </versionInfo>
            <parent guid="C98E6FF1939C11DEAF7B752086842111" qname="BPELSystem.VDSTServices" type="serviceGroup"/>
         </serviceGroup>
         <serviceGroup name="VDST_BPEL_MoveDrawing" guid="AA51AD30B33D11DEBFD569BF7059F425" qname="BPELSystem.VDSTServices.VDST_BPEL_MoveDrawing" status="ENABLED">
            <versionInfo>
               <ID>1254918830252</ID>
               <lastModifiedTime>Wed Oct 07 18:03:50 GMT+05:30 2009</lastModifiedTime>
               <lastModifiedUser>oc4jadmin</lastModifiedUser>
            </versionInfo>
            <parent guid="C98E6FF1939C11DEAF7B752086842111" qname="BPELSystem.VDSTServices" type="serviceGroup"/>
         </serviceGroup>
         <serviceGroup name="VDST_BPEL_ImportCAD" guid="BC3E5F41BF1B11DEBF5A7942F5D138E0" qname="BPELSystem.VDSTServices.VDST_BPEL_ImportCAD" status="ENABLED">
            <versionInfo>
               <ID>1256223671467</ID>
               <lastModifiedTime>Thu Oct 22 20:31:11 GMT+05:30 2009</lastModifiedTime>
               <lastModifiedUser>oc4jadmin</lastModifiedUser>
            </versionInfo>
            <parent guid="C98E6FF1939C11DEAF7B752086842111" qname="BPELSystem.VDSTServices" type="serviceGroup"/>
         </serviceGroup>
         <serviceGroup name="IntimateERP" guid="C12B4341C8B411DEBFAB87F5EC9A5A0F" qname="BPELSystem.VDSTServices.IntimateERP" status="ENABLED">
            <versionInfo>
               <ID>1257278953273</ID>
               <lastModifiedTime>Wed Nov 04 01:39:13 GMT+05:30 2009</lastModifiedTime>
               <lastModifiedUser>oc4jadmin</lastModifiedUser>
            </versionInfo>
            <parent guid="C98E6FF1939C11DEAF7B752086842111" qname="BPELSystem.VDSTServices" type="serviceGroup"/>
         </serviceGroup>
         <serviceGroup name="VDST_BPEL_CatalogPricingReqABCS" guid="2A6897C0970211DEBFA7C511DFA07514" qname="BPELSystem.VDSTServices.VDST_BPEL_CatalogPricingReqABCS" status="ENABLED">
            <versionInfo>
               <ID>1251814642633</ID>
               <lastModifiedTime>Tue Sep 01 19:47:22 GMT+05:30 2009</lastModifiedTime>
               <lastModifiedUser>oc4jadmin</lastModifiedUser>
            </versionInfo>
            <parent guid="C98E6FF1939C11DEAF7B752086842111" qname="BPELSystem.VDSTServices" type="serviceGroup"/>
         </serviceGroup>
         <serviceGroup name="VDST_BPEL_ChannelPartner_PartMapReqABCS" guid="05EA5ED0970511DEBFA7C511DFA07514" qname="BPELSystem.VDSTServices.VDST_BPEL_ChannelPartner_PartMapReqABCS" status="ENABLED">
            <versionInfo>
               <ID>1251815869882</ID>
               <lastModifiedTime>Tue Sep 01 20:07:49 GMT+05:30 2009</lastModifiedTime>
               <lastModifiedUser>oc4jadmin</lastModifiedUser>
            </versionInfo>
            <parent guid="C98E6FF1939C11DEAF7B752086842111" qname="BPELSystem.VDSTServices" type="serviceGroup"/>
         </serviceGroup>
         <serviceGroup name="VDST_BPEL_ChannelPartnerListReqABCS" guid="37763D20970511DEBFA7C511DFA07514" qname="BPELSystem.VDSTServices.VDST_BPEL_ChannelPartnerListReqABCS" status="ENABLED">
            <versionInfo>
               <ID>1251815952960</ID>
               <lastModifiedTime>Tue Sep 01 20:09:12 GMT+05:30 2009</lastModifiedTime>
               <lastModifiedUser>oc4jadmin</lastModifiedUser>
            </versionInfo>
            <parent guid="C98E6FF1939C11DEAF7B752086842111" qname="BPELSystem.VDSTServices" type="serviceGroup"/>
         </serviceGroup>
         <serviceGroup name="VDST_BPEL_CSV_CatalogPricingProvABCS" guid="259E7DD0970811DEBFA7C511DFA07514" qname="BPELSystem.VDSTServices.VDST_BPEL_CSV_CatalogPricingProvABCS" status="ENABLED">
            <versionInfo>
               <ID>1251817211562</ID>
               <lastModifiedTime>Tue Sep 01 20:30:11 GMT+05:30 2009</lastModifiedTime>
               <lastModifiedUser>oc4jadmin</lastModifiedUser>
            </versionInfo>
            <parent guid="C98E6FF1939C11DEAF7B752086842111" qname="BPELSystem.VDSTServices" type="serviceGroup"/>
         </serviceGroup>
         <serviceGroup name="VDST_BPEL_CSV_ChannelPartner_PartMapProvABCS" guid="5190A4E0970811DEBFA7C511DFA07514" qname="BPELSystem.VDSTServices.VDST_BPEL_CSV_ChannelPartner_PartMapProvABCS" status="ENABLED">
            <versionInfo>
               <ID>1251817285822</ID>
               <lastModifiedTime>Tue Sep 01 20:31:25 GMT+05:30 2009</lastModifiedTime>
               <lastModifiedUser>oc4jadmin</lastModifiedUser>
            </versionInfo>
            <parent guid="C98E6FF1939C11DEAF7B752086842111" qname="BPELSystem.VDSTServices" type="serviceGroup"/>
         </serviceGroup>
         <serviceGroup name="VDST_BPEL_CSV_ChannelPartnerListProvABCS" guid="79C26890970811DEBFA7C511DFA07514" qname="BPELSystem.VDSTServices.VDST_BPEL_CSV_ChannelPartnerListProvABCS" status="ENABLED">
            <versionInfo>
               <ID>1251817352663</ID>
               <lastModifiedTime>Tue Sep 01 20:32:32 GMT+05:30 2009</lastModifiedTime>
               <lastModifiedUser>oc4jadmin</lastModifiedUser>
            </versionInfo>
            <parent guid="C98E6FF1939C11DEAF7B752086842111" qname="BPELSystem.VDSTServices" type="serviceGroup"/>
         </serviceGroup>
      </serviceGroup>
      <serviceGroup name="CommonServices" guid="E8EB4321970011DEBFA7C511DFA07514" qname="BPELSystem.CommonServices" status="ENABLED">
         <versionInfo>
            <ID>1251814103357</ID>
            <lastModifiedTime>Tue Sep 01 19:38:23 GMT+05:30 2009</lastModifiedTime>
            <lastModifiedUser>oc4jadmin</lastModifiedUser>
         </versionInfo>
         <parent guid="AC400E815B3F11DEBFB21BB3D92A8AFA" qname="BPELSystem" type="system"/>
         <serviceGroup name="TaskManager" guid="E8EDB420970011DEBFA7C511DFA07514" qname="BPELSystem.CommonServices.TaskManager" status="ENABLED">
            <versionInfo>
               <ID>1251814103357</ID>
               <lastModifiedTime>Tue Sep 01 19:38:23 GMT+05:30 2009</lastModifiedTime>
               <lastModifiedUser>oc4jadmin</lastModifiedUser>
            </versionInfo>
            <parent guid="E8EB4321970011DEBFA7C511DFA07514" qname="BPELSystem.CommonServices" type="serviceGroup"/>
         </serviceGroup>
         <serviceGroup name="CEH_BPEL_CommonErrorHandler" guid="160519C19BC111DEBF6F4F2B31DDB9D4" qname="BPELSystem.CommonServices.CEH_BPEL_CommonErrorHandler" status="ENABLED">
            <versionInfo>
               <ID>1252336447062</ID>
               <lastModifiedTime>Mon Sep 07 20:44:07 GMT+05:30 2009</lastModifiedTime>
               <lastModifiedUser>oc4jadmin</lastModifiedUser>
            </versionInfo>
            <parent guid="E8EB4321970011DEBFA7C511DFA07514" qname="BPELSystem.CommonServices" type="serviceGroup"/>
         </serviceGroup>
         <serviceGroup name="CEH_BPEL_RejectedMsgHandler" guid="4E15D2A09BC111DEBF6F4F2B31DDB9D4" qname="BPELSystem.CommonServices.CEH_BPEL_RejectedMsgHandler" status="ENABLED">
            <versionInfo>
               <ID>1252336540983</ID>
               <lastModifiedTime>Mon Sep 07 20:45:40 GMT+05:30 2009</lastModifiedTime>
               <lastModifiedUser>oc4jadmin</lastModifiedUser>
            </versionInfo>
            <parent guid="E8EB4321970011DEBFA7C511DFA07514" qname="BPELSystem.CommonServices" type="serviceGroup"/>
         </serviceGroup>
      </serviceGroup>
   </system>
   <system name="VDST_IntegrationSystem" guid="D5235020667D11DE8F34ADC545AA0A86" qname="VDST_IntegrationSystem" status="ENABLED">
      <versionInfo>
         <ID>1253184552773</ID>
         <lastModifiedTime>Thu Sep 17 16:19:12 GMT+05:30 2009</lastModifiedTime>
         <lastModifiedUser>JDev_VDSTv1_VDST_ESB_ChannelPartnerEBS</lastModifiedUser>
      </versionInfo>
      <serviceGroup name="VDSTSysGrp_Test" guid="0AA98E91A37C11DEBFE131C60F4267F4" qname="VDST_IntegrationSystem.VDSTSysGrp_Test" status="ENABLED">
         <versionInfo>
            <ID>1253192598004</ID>
            <lastModifiedTime>Thu Sep 17 18:33:18 GMT+05:30 2009</lastModifiedTime>
            <lastModifiedUser>JDev_VDSTv1_TestESB</lastModifiedUser>
         </versionInfo>
         <parent guid="D5235020667D11DE8F34ADC545AA0A86" qname="VDST_IntegrationSystem" type="system"/>
      </serviceGroup>
      <serviceGroup name="VDSTSysGrp_CatalogPricing" guid="E4F3CC70609511DEBF958316DE2D66B2" qname="VDST_IntegrationSystem.VDSTSysGrp_CatalogPricing" status="ENABLED">
         <versionInfo>
            <ID>1253185220908</ID>
            <lastModifiedTime>Thu Sep 17 16:30:20 GMT+05:30 2009</lastModifiedTime>
            <lastModifiedUser>JDev_VDSTv1_VDST_ESB_CatalogPricingEBS</lastModifiedUser>
         </versionInfo>
         <parent guid="D5235020667D11DE8F34ADC545AA0A86" qname="VDST_IntegrationSystem" type="system"/>
      </serviceGroup>
      <serviceGroup name="VDSTSysGrp_ChannelPartner" guid="E280CA90667D11DE8F34ADC545AA0A86" qname="VDST_IntegrationSystem.VDSTSysGrp_ChannelPartner" status="ENABLED">
         <versionInfo>
            <ID>1253184552773</ID>
            <lastModifiedTime>Thu Sep 17 16:19:12 GMT+05:30 2009</lastModifiedTime>
            <lastModifiedUser>JDev_VDSTv1_VDST_ESB_ChannelPartnerEBS</lastModifiedUser>
         </versionInfo>
         <parent guid="D5235020667D11DE8F34ADC545AA0A86" qname="VDST_IntegrationSystem" type="system"/>
      </serviceGroup>
   </system>
   <system name="ETHSystem_InputServices" guid="1A5682D1A5E311DE8F3A1BCFDD788F6D" qname="ETHSystem_InputServices" status="ENABLED">
      <versionInfo>
         <ID>1265360915114</ID>
         <lastModifiedTime>Fri Feb 05 09:08:35 GMT+00:00 2010</lastModifiedTime>
         <lastModifiedUser>oc4jadmin</lastModifiedUser>
      </versionInfo>
      <description/>
      <parameters>
         <parameter name="Fax"/>
         <parameter name="Mobile"/>
         <parameter name="Host">soa-stg.emerson.com</parameter>
         <parameter name="Phone"/>
         <parameter name="Pager"/>
         <parameter name="Email">inderpal.dhami@emerson.com</parameter>
         <parameter name="Port">8800</parameter>
      </parameters>
      <clusterName>esb</clusterName>
      <deferredQueueName numberOfListeners="1" topicConnectionFactory="OracleOJMS/XATCF">ESBTopics/Topics/ESB_JAVA_DEFERRED</deferredQueueName>
      <serviceGroup status="ENABLED" name="ETHSysGrp_Liebert_Process" guid="02B9F251D8E311DEBFF4E177418C329B" qname="ETHSystem_InputServices.ETHSysGrp_Liebert_Process">
         <description/>
         <versionInfo>
            <ID>1266567335710</ID>
            <lastModifiedTime>Fri Feb 19 08:15:35 GMT+00:00 2010</lastModifiedTime>
            <lastModifiedUser>JDev_ETH_WorkingESB_ETH_ESB_LIEBERT_PROCESS</lastModifiedUser>
         </versionInfo>
         <parent guid="1A5682D1A5E311DE8F3A1BCFDD788F6D" qname="ETHSystem_InputServices" type="system"/>
         <service name="ETH_PutFL_LiebertBatchFiles" guid="E6C9227130FB11DFBF863B88AC359C68" qname="ETHSystem_InputServices.ETHSysGrp_Liebert_Process.ETH_PutFL_LiebertBatchFiles" serviceType="OutboundAdapterService" serviceSubType="File" typeDescription="Outbound File Adapter Service" isWSDLEditable="false" xmlns:tns="http://xmlns.oracle.com/pcbpel/adapter/file/ETH_PutFL_LiebertBatchFiles/" dirty="true" soapEndpointStatus="ENABLED">
            <parent guid="02B9F251D8E311DEBFF4E177418C329B" qname="ETHSystem_InputServices.ETHSysGrp_Liebert_Process" type="serviceGroup"/>
            <serviceDefinition>
               <wsdlURL>ETH_PutFL_LiebertBatchFiles.wsdl</wsdlURL>
               <portType>tns:Write_ptt</portType>
            </serviceDefinition>
            <operations>
               <operationInfo wsdlOperation="Write" guid="E6CB937030FB11DFBF863B88AC359C68" mep="OneWay"/>
            </operations>
         </service>
         <service name="ETH_ENQJMS_PO_LiebertFlatFile" guid="E8CE84900CA111DEBFB957152A29AC2D" qname="ETHSystem_InputServices.ETHSysGrp_Liebert_Process.ETH_ENQJMS_PO_LiebertFlatFile" status="ENABLED" serviceType="OutboundAdapterService" serviceSubType="JMS" typeDescription="Outbound JMS Adapter Service" isWSDLEditable="false" soapEndpointStatus="ENABLED">
            <versionInfo>
               <ID>1266567335710</ID>
               <lastModifiedTime>Fri Feb 19 08:15:35 GMT+00:00 2010</lastModifiedTime>
               <lastModifiedUser>JDev_ETH_WorkingESB_ETH_ESB_LIEBERT_PROCESS</lastModifiedUser>
            </versionInfo>
            <parent guid="02B9F251D8E311DEBFF4E177418C329B" qname="ETHSystem_InputServices.ETHSysGrp_Liebert_Process" type="serviceGroup"/>
            <serviceDefinition>
               <wsdlURL>ETH_ENQJMS_PO_LiebertFlatFile.wsdl</wsdlURL>
               <portType xmlns:tns="http://xmlns.oracle.com/pcbpel/adapter/jms/ETH_ENQJMS_PO_LiebertFlatFile/">tns:Produce_Message_ptt</portType>
               <endpointDefinition>
                  <concreteWSDLURL>/esb/wsil/ETHSystem_InputServices/ETHSysGrp_Liebert_Process/ETH_ENQJMS_PO_LiebertFlatFile?wsdl</concreteWSDLURL>
                  <soapEndpointURI>http://soa-stg.emerson.com:8800/event/ETHSystem_InputServices/ETHSysGrp_Liebert_Process/ETH_ENQJMS_PO_LiebertFlatFile</soapEndpointURI>
               </endpointDefinition>
            </serviceDefinition>
            <operations>
               <operationInfo guid="E8D0CE800CA111DEBFB957152A29AC2D" qname="ETHSystem_InputServices.ETHSysGrp_Liebert_Process.ETH_ENQJMS_PO_LiebertFlatFile.Produce_Message" wsdlOperation="Produce_Message" mepDisplayName="One Way" mep="OneWay">
                  <request validate="false" xmlns:tns="http://xmlns.emrsn.com/CustomLiebertPurchaseOrder" element="tns:CustomLiebertPO"/>
               </operationInfo>
            </operations>
         </service>
         <service name="ETH_GETFL_FlatFile" guid="9E377AB0B29911DEBF19353201C4DBF0" qname="ETHSystem_InputServices.ETHSysGrp_Liebert_Process.ETH_GETFL_FlatFile" status="ENABLED" serviceType="InboundAdapterService" serviceSubType="File" typeDescription="Inbound File Adapter Service" isWSDLEditable="false" dirty="true">
            <versionInfo>
               <ID>1266567335710</ID>
               <lastModifiedTime>Fri Feb 19 08:15:35 GMT+00:00 2010</lastModifiedTime>
               <lastModifiedUser>JDev_ETH_WorkingESB_ETH_ESB_LIEBERT_PROCESS</lastModifiedUser>
            </versionInfo>
            <parent guid="02B9F251D8E311DEBFF4E177418C329B" qname="ETHSystem_InputServices.ETHSysGrp_Liebert_Process" type="serviceGroup"/>
            <invocation>
               <targetService guid="9E377AB1B29911DEBF19353201C4DBF0" qname="ETHSystem_InputServices.ETHSysGrp_Liebert_Process.ETH_GETFL_FlatFile_RS"/>
               <interface>
                  <wsdlURL>ETH_GETFL_FlatFile.wsdl</wsdlURL>
                  <portType xmlns:tns="http://xmlns.oracle.com/pcbpel/adapter/file/ETH_GETFL_FlatFile/">tns:Read_ptt</portType>
               </interface>
            </invocation>
            <endpointProperties>
               <property name="ETH_LBT_FlatFile" value="/ftpdata/elshap1/lbt/infile/850"/>
               <property name="ETH_LBT_FlatFile_Archive" value="/ftpdata/elshap1/lbt/archive/850"/>
               <property name="ETH_LIEBERT_FileName_PO" value="LIE.*\.txt"/>
               <property name="ETH_LIEBERT_POLL_FREQ_PO" value="10"/>
               <property name="rejectedMessageHandlers" value="file:///ftpdata/elshap1/lbt/error/850"/>
               <property name="clusterGroupId" value="ETHSysGrp_Liebert_Process_Poller2"/>
            </endpointProperties>
         </service>
         <service name="ETH_GETFL_FlatFile_RS" guid="9E377AB1B29911DEBF19353201C4DBF0" qname="ETHSystem_InputServices.ETHSysGrp_Liebert_Process.ETH_GETFL_FlatFile_RS" status="ENABLED" serviceType="RoutingService" typeDescription="Routing Service" isWSDLEditable="false" soapEndpointStatus="ENABLED">
            <description>This is the Routing Service for Adapter Service ETH_GETFL_FlatFile</description>
            <versionInfo>
               <ID>1266567335710</ID>
               <lastModifiedTime>Fri Feb 19 08:15:35 GMT+00:00 2010</lastModifiedTime>
               <lastModifiedUser>JDev_ETH_WorkingESB_ETH_ESB_LIEBERT_PROCESS</lastModifiedUser>
            </versionInfo>
            <parent guid="02B9F251D8E311DEBFF4E177418C329B" qname="ETHSystem_InputServices.ETHSysGrp_Liebert_Process" type="serviceGroup"/>
            <serviceDefinition>
               <wsdlURL>ETH_GETFL_FlatFile.wsdl</wsdlURL>
               <portType xmlns:tns="http://xmlns.oracle.com/pcbpel/adapter/file/ETH_GETFL_FlatFile/">tns:Read_ptt</portType>
               <endpointDefinition>
                  <concreteWSDLURL>/esb/wsil/ETHSystem_InputServices/ETHSysGrp_Liebert_Process/ETH_GETFL_FlatFile_RS?wsdl</concreteWSDLURL>
                  <soapEndpointURI>http://soa-stg.emerson.com:8800/event/ETHSystem_InputServices/ETHSysGrp_Liebert_Process/ETH_GETFL_FlatFile_RS</soapEndpointURI>
               </endpointDefinition>
            </serviceDefinition>
            <operations>
               <operationInfo guid="9E39C4A0B29911DEBF19353201C4DBF0" qname="ETHSystem_InputServices.ETHSysGrp_Liebert_Process.ETH_GETFL_FlatFile_RS.Read" wsdlOperation="Read" mepDisplayName="One Way" mep="OneWay">
                  <request validate="false" xmlns:tns="http://xmlns.emrsn.com/LiebertPurchaseOrder" element="tns:Root-Element"/>
                  <routingRules>
                     <routingRule guid="C57B0DD0B29911DEBF19353201C4DBF0" subscriptionType="ANY" executionType="Immediate" status="ENABLED">
                        <targetOperation guid="838BE4900C9411DEBFB957152A29AC2D" qname="ETHSystem_InputServices.ETHSysGrp_Liebert_Process.ETH_GETFTP_ELSHA_LiebertFlatFile_RS.Get" serviceGUID="838973910C9411DEBFB957152A29AC2D" serviceQName="ETHSystem_InputServices.ETHSysGrp_Liebert_Process.ETH_GETFTP_ELSHA_LiebertFlatFile_RS" mepDisplayName="One Way" mep="OneWay"/>
                     </routingRule>
                  </routingRules>
               </operationInfo>
            </operations>
         </service>
         <service name="ETH_GETFTP_ELSHA_LiebertFlatFile" guid="838973900C9411DEBFB957152A29AC2D" qname="ETHSystem_InputServices.ETHSysGrp_Liebert_Process.ETH_GETFTP_ELSHA_LiebertFlatFile" status="ENABLED" serviceType="InboundAdapterService" serviceSubType="FTP" typeDescription="Inbound FTP Adapter Service" isWSDLEditable="false">
            <versionInfo>
               <ID>1266567335710</ID>
               <lastModifiedTime>Fri Feb 19 08:15:35 GMT+00:00 2010</lastModifiedTime>
               <lastModifiedUser>JDev_ETH_WorkingESB_ETH_ESB_LIEBERT_PROCESS</lastModifiedUser>
            </versionInfo>
            <parent guid="02B9F251D8E311DEBFF4E177418C329B" qname="ETHSystem_InputServices.ETHSysGrp_Liebert_Process" type="serviceGroup"/>
            <invocation>
               <targetService guid="838973910C9411DEBFB957152A29AC2D" qname="ETHSystem_InputServices.ETHSysGrp_Liebert_Process.ETH_GETFTP_ELSHA_LiebertFlatFile_RS"/>
               <interface>
                  <wsdlURL>ETH_GETFTP_ELSHA_LiebertFlatFile.wsdl</wsdlURL>
                  <portType xmlns:tns="http://xmlns.oracle.com/pcbpel/adapter/ftp/ETH_GETFTP_ELSHA_LiebertFlatFile/">tns:Get_ptt</portType>
               </interface>
            </invocation>
            <endpointProperties>
               <property name="ETH_LIEBERT_FTP_Folder_PO" value="infile/850/"/>
               <property name="ETH_LIEBERT_Archive_Folder_PO" value="archive/850/"/>
               <property name="ETH_LIEBERT_POLL_FREQ_PO" value="10"/>
               <property name="ETH_LIEBERT_FileName_PO" value="Disable_LIE.*\.txt"/>
               <property name="rejectedMessageHandlers" value="file:///ftpdata/Files/SC/RejectedMessages/LIEBERT"/>
               <property name="clusterGroupId" value="ETHSysGrp_Liebert_Process_Poller1"/>
            </endpointProperties>
         </service>
         <service name="ETH_GETFTP_ELSHA_LiebertFlatFile_RS" guid="838973910C9411DEBFB957152A29AC2D" qname="ETHSystem_InputServices.ETHSysGrp_Liebert_Process.ETH_GETFTP_ELSHA_LiebertFlatFile_RS" status="ENABLED" serviceType="RoutingService" typeDescription="Routing Service" isWSDLEditable="false" soapEndpointStatus="ENABLED">
            <description>This is the Routing Service for Adapter Service ETH_GETFTP_ELSHA_LiebertFlatFile</description>
            <versionInfo>
               <ID>1266567335710</ID>
               <lastModifiedTime>Fri Feb 19 08:15:35 GMT+00:00 2010</lastModifiedTime>
               <lastModifiedUser>JDev_ETH_WorkingESB_ETH_ESB_LIEBERT_PROCESS</lastModifiedUser>
            </versionInfo>
            <parent guid="02B9F251D8E311DEBFF4E177418C329B" qname="ETHSystem_InputServices.ETHSysGrp_Liebert_Process" type="serviceGroup"/>
            <serviceDefinition>
               <wsdlURL>ETH_GETFTP_ELSHA_LiebertFlatFile.wsdl</wsdlURL>
               <portType xmlns:tns="http://xmlns.oracle.com/pcbpel/adapter/ftp/ETH_GETFTP_ELSHA_LiebertFlatFile/">tns:Get_ptt</portType>
               <endpointDefinition>
                  <concreteWSDLURL>/esb/wsil/ETHSystem_InputServices/ETHSysGrp_Liebert_Process/ETH_GETFTP_ELSHA_LiebertFlatFile_RS?wsdl</concreteWSDLURL>
                  <soapEndpointURI>http://soa-stg.emerson.com:8800/event/ETHSystem_InputServices/ETHSysGrp_Liebert_Process/ETH_GETFTP_ELSHA_LiebertFlatFile_RS</soapEndpointURI>
               </endpointDefinition>
            </serviceDefinition>
            <operations>
               <operationInfo guid="838BE4900C9411DEBFB957152A29AC2D" qname="ETHSystem_InputServices.ETHSysGrp_Liebert_Process.ETH_GETFTP_ELSHA_LiebertFlatFile_RS.Get" wsdlOperation="Get" mepDisplayName="One Way" mep="OneWay">
                  <request validate="false" xmlns:tns="http://xmlns.emrsn.com/LiebertPurchaseOrder" element="tns:Root-Element"/>
                  <routingRules>
                     <routingRule guid="10F4AF800CA211DEBFB957152A29AC2D" subscriptionType="ANY" executionType="Immediate" status="ENABLED">
                        <targetOperation guid="E8D0CE800CA111DEBFB957152A29AC2D" qname="ETHSystem_InputServices.ETHSysGrp_Liebert_Process.ETH_ENQJMS_PO_LiebertFlatFile.Produce_Message" serviceGUID="E8CE84900CA111DEBFB957152A29AC2D" serviceQName="ETHSystem_InputServices.ETHSysGrp_Liebert_Process.ETH_ENQJMS_PO_LiebertFlatFile" mepDisplayName="One Way" mep="OneWay"/>
                        <transformation>
                           <xslFileURL>Root_Element_To_CustomLiebertPO_V1.xsl</xslFileURL>
                        </transformation>
                     </routingRule>
                  </routingRules>
               </operationInfo>
            </operations>
            <endpointProperties>
               <property name="enableAccessBusinessEvent" value="true"/>
            </endpointProperties>
         </service>
      </serviceGroup>
   </system>
</metadata>
