<?xml version = '1.0' encoding = 'UTF-8'?>
<metadata>
   <system name="DefaultSystem" guid="96DD76C0971311DABF1A87858E4395A7" qname="DefaultSystem" status="ENABLED">
      <versionInfo>
         <ID>1234262497316</ID>
         <lastModifiedTime>Tue Feb 10 16:11:37 IST 2009</lastModifiedTime>
         <lastModifiedUser>oc4jadmin</lastModifiedUser>
      </versionInfo>
   </system>
   <system name="BPELSystem" guid="27BE6331F73C11DDBFE667C029489D26" qname="BPELSystem" status="ENABLED">
      <versionInfo>
         <ID>1234247363194</ID>
         <lastModifiedTime>Tue Feb 10 11:59:23 IST 2009</lastModifiedTime>
         <lastModifiedUser>oc4jadmin</lastModifiedUser>
      </versionInfo>
      <serviceGroup name="default" guid="27C0D430F73C11DDBFE667C029489D26" qname="BPELSystem.default" status="ENABLED">
         <versionInfo>
            <ID>1234247363194</ID>
            <lastModifiedTime>Tue Feb 10 11:59:23 IST 2009</lastModifiedTime>
            <lastModifiedUser>oc4jadmin</lastModifiedUser>
         </versionInfo>
         <parent guid="27BE6331F73C11DDBFE667C029489D26" qname="BPELSystem" type="system"/>
         <serviceGroup name="TaskManager" guid="27C0D431F73C11DDBFE667C029489D26" qname="BPELSystem.default.TaskManager" status="ENABLED">
            <versionInfo>
               <ID>1234247363194</ID>
               <lastModifiedTime>Tue Feb 10 11:59:23 IST 2009</lastModifiedTime>
               <lastModifiedUser>oc4jadmin</lastModifiedUser>
            </versionInfo>
            <parent guid="27C0D430F73C11DDBFE667C029489D26" qname="BPELSystem.default" type="serviceGroup"/>
         </serviceGroup>
         <serviceGroup name="BPELProcess1" guid="605B3041FBEE11DDAF0D9FF379D326E8" qname="BPELSystem.default.BPELProcess1" status="ENABLED">
            <versionInfo>
               <ID>1234763713555</ID>
               <lastModifiedTime>Mon Feb 16 11:25:13 IST 2009</lastModifiedTime>
               <lastModifiedUser>oc4jadmin</lastModifiedUser>
            </versionInfo>
            <parent guid="27C0D430F73C11DDBFE667C029489D26" qname="BPELSystem.default" type="serviceGroup"/>
         </serviceGroup>
         <serviceGroup name="BPELProcess2" guid="50E048A0FCE111DD8F173DA2051387E6" qname="BPELSystem.default.BPELProcess2" status="ENABLED">
            <versionInfo>
               <ID>1234868054695</ID>
               <lastModifiedTime>Tue Feb 17 16:24:14 IST 2009</lastModifiedTime>
               <lastModifiedUser>oc4jadmin</lastModifiedUser>
            </versionInfo>
            <parent guid="27C0D430F73C11DDBFE667C029489D26" qname="BPELSystem.default" type="serviceGroup"/>
         </serviceGroup>
         <serviceGroup name="BPELProcess3" guid="2E543600FCD411DDBF17EBF3FD7E37C2" qname="BPELSystem.default.BPELProcess3" status="ENABLED">
            <versionInfo>
               <ID>1234862413246</ID>
               <lastModifiedTime>Tue Feb 17 14:50:13 IST 2009</lastModifiedTime>
               <lastModifiedUser>oc4jadmin</lastModifiedUser>
            </versionInfo>
            <parent guid="27C0D430F73C11DDBFE667C029489D26" qname="BPELSystem.default" type="serviceGroup"/>
         </serviceGroup>
         <serviceGroup name="BPEL_error_generator" guid="0A23282101B811DEBF436BD950FE245A" qname="BPELSystem.default.BPEL_error_generator" status="ENABLED">
            <versionInfo>
               <ID>1235400083213</ID>
               <lastModifiedTime>Mon Feb 23 20:11:23 IST 2009</lastModifiedTime>
               <lastModifiedUser>oc4jadmin</lastModifiedUser>
            </versionInfo>
            <parent guid="27C0D430F73C11DDBFE667C029489D26" qname="BPELSystem.default" type="serviceGroup"/>
         </serviceGroup>
         <serviceGroup name="FaultPolicies" guid="08802441026D11DEBF435B02220CC5E9" qname="BPELSystem.default.FaultPolicies" status="ENABLED">
            <versionInfo>
               <ID>1235477819875</ID>
               <lastModifiedTime>Tue Feb 24 17:46:59 IST 2009</lastModifiedTime>
               <lastModifiedUser>oc4jadmin</lastModifiedUser>
            </versionInfo>
            <parent guid="27C0D430F73C11DDBFE667C029489D26" qname="BPELSystem.default" type="serviceGroup"/>
         </serviceGroup>
         <serviceGroup name="CEH_BPEL_ReceiveData" guid="5ECBD3D1049811DEBFA269BB1E2DA9EC" qname="BPELSystem.default.CEH_BPEL_ReceiveData" status="ENABLED">
            <versionInfo>
               <ID>1235716334418</ID>
               <lastModifiedTime>Fri Feb 27 12:02:14 IST 2009</lastModifiedTime>
               <lastModifiedUser>oc4jadmin</lastModifiedUser>
            </versionInfo>
            <parent guid="27C0D430F73C11DDBFE667C029489D26" qname="BPELSystem.default" type="serviceGroup"/>
         </serviceGroup>
      </serviceGroup>
   </system>
   <system name="Process1" guid="57A9EDE0FBF011DD9F75B99054634EA7" qname="Process1" status="ENABLED">
      <versionInfo>
         <ID>1234872990996</ID>
         <lastModifiedTime>Tue Feb 17 17:46:30 IST 2009</lastModifiedTime>
         <lastModifiedUser>JDev_Dhami1_ESBProcess1</lastModifiedUser>
      </versionInfo>
   </system>
   <system name="CEHSys_EHPOC1" guid="E0277CE1040711DEBF8BA9BFEFE09888" qname="CEHSys_EHPOC1" status="ENABLED">
      <versionInfo>
         <ID>1235720519223</ID>
         <lastModifiedTime>Fri Feb 27 13:11:59 IST 2009</lastModifiedTime>
         <lastModifiedUser>JDev_ErrorHandlingPOC1_CEH_ESB_FetchCustomerData</lastModifiedUser>
      </versionInfo>
      <service name="CEH_FL_GET_FetchProductData" guid="78C4568004AD11DE8F7CE9923B183B07" qname="CEHSys_EHPOC1.CEH_FL_GET_FetchProductData" serviceType="InboundAdapterService" serviceSubType="File" typeDescription="Inbound File Adapter Service" isWSDLEditable="false" dirty="true" xmlns:tns="http://xmlns.oracle.com/pcbpel/adapter/file/CEH_FL_GET_FetchProductData/">
         <parent guid="E0277CE1040711DEBF8BA9BFEFE09888" qname="CEHSys_EHPOC1" type="system"/>
         <invocation>
            <interface>
               <wsdlURL>CEH_FL_GET_FetchProductData.wsdl</wsdlURL>
               <portType>tns:ReadProductData_ptt</portType>
            </interface>
            <targetService guid="78C4568104AD11DE8F7CE9923B183B07" qname="CEHSys_EHPOC1.CEH_FL_GET_FetchProductData_RS"/>
         </invocation>
         <operations>
            <operationInfo wsdlOperation="ReadProductData" guid="78C9117004AD11DE8F7CE9923B183B07" mep="OneWay"/>
         </operations>
         <endpointProperties>
            <property name="productInDir" value="C:/oracle/Files/EHPOC1/ProdIN"/>
         </endpointProperties>
      </service>
      <service name="CEH_FL_GET_FetchProductData_RS" guid="78C4568104AD11DE8F7CE9923B183B07" qname="CEHSys_EHPOC1.CEH_FL_GET_FetchProductData_RS" serviceType="RoutingService" typeDescription="Routing Service" isWSDLEditable="false" dirty="true" soapEndpointStatus="ENABLED" xmlns:tns="http://xmlns.oracle.com/pcbpel/adapter/file/CEH_FL_GET_FetchProductData/">
         <description>This is the Routing Service for Adapter Service CEH_FL_GET_FetchProductData</description>
         <parent guid="E0277CE1040711DEBF8BA9BFEFE09888" qname="CEHSys_EHPOC1" type="system"/>
         <serviceDefinition>
            <wsdlURL>CEH_FL_GET_FetchProductData.wsdl</wsdlURL>
            <portType>tns:ReadProductData_ptt</portType>
         </serviceDefinition>
         <operations>
            <operationInfo wsdlOperation="ReadProductData" guid="78C6C78004AD11DE8F7CE9923B183B07" mep="OneWay"/>
         </operations>
         <endpointProperties>
            <property name="enableAccessBusinessEvent" value="true"/>
         </endpointProperties>
      </service>
   </system>
</metadata>
