<?xml version="1.0" encoding="UTF-8"?>
<process name="BPELProcess1" targetNamespace="http://xmlns.oracle.com/testAppl/ReadFileRejectSrvc/BPELProcess1" xmlns="http://schemas.xmlsoap.org/ws/2003/03/business-process/" xmlns:client="http://xmlns.oracle.com/testAppl/ReadFileRejectSrvc/BPELProcess1" xmlns:ora="http://schemas.oracle.com/xpath/extension" xmlns:bpws="http://schemas.xmlsoap.org/ws/2003/03/business-process/" xmlns:ns1="http://xmlns.oracle.com/pcbpel/adapter/file/testAppl/ReadFileRejectSrvc/ReadFile" xmlns:bpelx="http://schemas.oracle.com/bpel/extension" id="BpPrc0">

  <!-- 
    ////////////////////////////////////////////////////////////////////////////////////////////////////////////////////////////////////////////////////////
     ORCHESTRATION LOGIC                                               
     Set of activities coordinating the flow of messages across the    
     services integrated within this business process                  
    ////////////////////////////////////////////////////////////////////////////////////////////////////////////////////////////////////////////////////////
  -->
  <partnerLinks>
    <partnerLink name="ReadFile" partnerLinkType="ns1:Read_plt" myRole="Read_role"/>
  </partnerLinks>
  <variables>
    <variable name="Receive1_Read_InputVariable" messageType="ns1:Read_msg"/>
  </variables>
  <sequence name="main" id="BpSeq0">
    <receive name="Receive1" createInstance="yes" variable="Receive1_Read_InputVariable" partnerLink="ReadFile" portType="ns1:Read_ptt" operation="Read" id="BpRcv0"/>
  </sequence>
</process><!--
////////////////////////////////////////////////////////////////////////////////////////////////////////////////////////////////////////////////////////
  Oracle JDeveloper BPEL Designer 
  
  Created: Wed Jun 08 19:06:00 GMT+05:30 2011
  Author:  DRao
  Type: BPEL 1.1 Process
  Purpose: Empty BPEL Process
////////////////////////////////////////////////////////////////////////////////////////////////////////////////////////////////////////////////////////
-->