<?xml version = '1.0' encoding = 'UTF-8'?>
<References xmlns="http://xmlns.oracle.com/adf/jndi">
   <Reference name="ethcustomschema" className="oracle.jdeveloper.db.adapter.DatabaseProvider" credentialStoreKey="ethcustomschema" xmlns="">
      <Factory className="oracle.jdeveloper.db.adapter.DatabaseProviderFactory"/>
      <RefAddresses>
         <StringRefAddr addrType="sid">
            <Contents>oriond2</Contents>
         </StringRefAddr>
         <StringRefAddr addrType="subtype">
            <Contents>oraJDBC</Contents>
         </StringRefAddr>
         <StringRefAddr addrType="port">
            <Contents>34002</Contents>
         </StringRefAddr>
         <StringRefAddr addrType="hostname">
            <Contents>orionddb.emerson.com</Contents>
         </StringRefAddr>
         <StringRefAddr addrType="user">
            <Contents>eth_custom_schema</Contents>
         </StringRefAddr>
         <SecureRefAddr addrType="password"/>
         <StringRefAddr addrType="DeployPassword">
            <Contents>true</Contents>
         </StringRefAddr>
         <StringRefAddr addrType="oraDriverType">
            <Contents>thin</Contents>
         </StringRefAddr>
      </RefAddresses>
   </Reference>
</References>
