<?xml version="1.0" encoding="UTF-8"?>
<process name="BPELProcess1" targetNamespace="http://xmlns.oracle.com/ETH_APP_18thJUNE/ETH_AQDEMO/BPELProcess1" xmlns="http://schemas.xmlsoap.org/ws/2003/03/business-process/" xmlns:client="http://xmlns.oracle.com/ETH_APP_18thJUNE/ETH_AQDEMO/BPELProcess1" xmlns:ora="http://schemas.oracle.com/xpath/extension" xmlns:bpws="http://schemas.xmlsoap.org/ws/2003/03/business-process/" xmlns:ns1="http://xmlns.oracle.com/pcbpel/adapter/aq/ETH_APP_18thJUNE/ETH_AQDEMO/aq_dq_mdn" xmlns:bpelx="http://schemas.oracle.com/bpel/extension" id="BpPrc0">

  <!-- 
    ////////////////////////////////////////////////////////////////////////////////////////////////////////////////////////////////////////////////////////
     ORCHESTRATION LOGIC                                               
     Set of activities coordinating the flow of messages across the    
     services integrated within this business process                  
    ////////////////////////////////////////////////////////////////////////////////////////////////////////////////////////////////////////////////////////
  -->
  <partnerLinks>
    <partnerLink name="aq_dq_mdn" partnerLinkType="ns1:Dequeue_plt" myRole="Dequeue_role"/>
  </partnerLinks>
  <variables>
    <variable name="Receive1_Dequeue_InputVariable" messageType="ns1:Dequeue_msg"/>
  </variables>
  <sequence name="main" id="BpSeq0">
    <receive name="Receive1" createInstance="yes" variable="Receive1_Dequeue_InputVariable" partnerLink="aq_dq_mdn" portType="ns1:Dequeue_ptt" operation="Dequeue" id="BpRcv0"/>
  </sequence>
</process><!--
////////////////////////////////////////////////////////////////////////////////////////////////////////////////////////////////////////////////////////
  Oracle JDeveloper BPEL Designer 
  
  Created: Mon Jun 18 15:21:58 IST 2012
  Author:  NCholanekar
  Type: BPEL 1.1 Process
  Purpose: Empty BPEL Process
////////////////////////////////////////////////////////////////////////////////////////////////////////////////////////////////////////////////////////
-->