<?xml version = '1.0' encoding = 'UTF-8'?>
<ns1:CreatePurchaseOrderEBM xmlns:ns1="http://xmlns.oracle.com/EnterpriseObjects/Manufacturing/EBO/PurchaseOrder/Emerson">
   <ns12:EBMHeader xmlns:ns12="http://xmlns.oracle.com/EnterpriseObjects/Core/Common/V2">
      <ns12:Sender>
         <ns12:ID>EMR240</ns12:ID>
      </ns12:Sender>
      <ns12:Custom>
         <ns11:ApplicationArea xmlns:ns11="http://www.openapplications.org/oagis/9">
            <ns11:Sender>
               <ns11:LogicalID>LEROY SOMER</ns11:LogicalID>
               <ns11:ComponentID>PURCHASING</ns11:ComponentID>
               <ns11:TaskID>POISSUE</ns11:TaskID>
               <ns11:ReferenceID>SARAH.DEV.EMRSN.ORG:oracle.apps.po.event.xmlpo:273720-326780</ns11:ReferenceID>
               <ns11:AuthorizationID>APPS</ns11:AuthorizationID>
            </ns11:Sender>
            <ns11:CreationDateTime>2011-03-01T14:32:22.0000+00:00</ns11:CreationDateTime>
         </ns11:ApplicationArea>
      </ns12:Custom>
   </ns12:EBMHeader>
   <ns1:DataArea>
      <ns12:Create xmlns:ns12="http://xmlns.oracle.com/EnterpriseObjects/Core/Common/V2" responseCode="N"/>
      <ns1:CreatePurchaseOrder>
         <ns11:PurchaseOrderHeader xmlns:ns11="http://www.openapplications.org/oagis/9">
            <ns11:DocumentID>
               <ns11:ID>240001209705</ns11:ID>
               <ns11:RevisionID>0</ns11:RevisionID>
               <ns11:VariationID>STANDARD</ns11:VariationID>
            </ns11:DocumentID>
            <ns11:DocumentDateTime>2011-03-01T14:28:53.0000+00:00</ns11:DocumentDateTime>
            <ns11:Description/>
            <ns11:Note author="1"/>
            <ns11:SupplierParty>
               <ns11:PartyIDs>
                  <ns11:ID>2400001572</ns11:ID>
                  <ns11:TaxID>MIS-920325-4C5</ns11:TaxID>
                  <ns11:DUNSID/>
               </ns11:PartyIDs>
               <ns11:Name>MECANIZADOS INDUSTRIALES SANCHEZ, S.A. DE C.V.</ns11:Name>
               <ns11:Location>
                  <ns11:ID>82-2400001572-000</ns11:ID>
                  <ns11:Address>
                     <ns11:ID>MONTERREY</ns11:ID>
                     <ns11:AddressLine sequence="1">Plan De Guadalupe #402</ns11:AddressLine>
                     <ns11:AddressLine sequence="2">Col. Antonio I. Villarreal</ns11:AddressLine>
                     <ns11:AddressLine sequence="3"/>
                     <ns11:CitySubDivisionName/>
                     <ns11:CityName>Monterrey</ns11:CityName>
                     <ns11:CountrySubDivisionCode>NLE</ns11:CountrySubDivisionCode>
                     <ns11:CountryCode>MX</ns11:CountryCode>
                     <ns11:PostalCode>64390</ns11:PostalCode>
                  </ns11:Address>
               </ns11:Location>
               <ns11:Contact>
                  <ns11:Communication>
                     <ns11:DialNumber>81 86766732</ns11:DialNumber>
                  </ns11:Communication>
               </ns11:Contact>
            </ns11:SupplierParty>
            <ns11:ShipToParty>
               <ns11:Location>
                  <ns11:Note>0</ns11:Note>
               </ns11:Location>
            </ns11:ShipToParty>
            <ns11:ContractReference>
               <ns11:DocumentID>
                  <ns11:ID/>
               </ns11:DocumentID>
            </ns11:ContractReference>
            <ns11:ExtendedAmount currencyID="USD">270.0</ns11:ExtendedAmount>
            <ns11:BillToParty>
               <ns11:PartyIDs>
                  <ns11:ID>82</ns11:ID>
                  <ns11:TaxID/>
                  <ns11:DUNSID/>
               </ns11:PartyIDs>
               <ns11:Name>LEROY SOMER</ns11:Name>
               <ns11:Location>
                  <ns11:ID/>
                  <ns11:Address>
                     <ns11:AddressLine sequence="1">LEROY SOMER-DATASERV</ns11:AddressLine>
                     <ns11:AddressLine sequence="2">PO Box 29289</ns11:AddressLine>
                     <ns11:AddressLine sequence="3"/>
                     <ns11:CitySubDivisionName>US</ns11:CitySubDivisionName>
                     <ns11:CityName>SAINT LOUIS</ns11:CityName>
                     <ns11:CountrySubDivisionCode>MO</ns11:CountrySubDivisionCode>
                     <ns11:CountryCode>SAINT LOUIS</ns11:CountryCode>
                     <ns11:PostalCode>63127-9289</ns11:PostalCode>
                  </ns11:Address>
               </ns11:Location>
               <ns11:Contact>
                  <ns11:Communication>
                     <ns11:DialNumber/>
                  </ns11:Communication>
               </ns11:Contact>
            </ns11:BillToParty>
            <ns11:CarrierParty>
               <ns11:PartyIDs>
                  <ns11:ID/>
                  <ns11:TaxID/>
                  <ns11:DUNSID/>
               </ns11:PartyIDs>
               <ns11:Name/>
               <ns11:Location>
                  <ns11:ID/>
                  <ns11:Address>
                     <ns11:CitySubDivisionName/>
                     <ns11:CityName/>
                     <ns11:CountrySubDivisionCode/>
                     <ns11:CountryCode/>
                     <ns11:PostalCode/>
                  </ns11:Address>
               </ns11:Location>
               <ns11:Contact>
                  <ns11:Communication/>
               </ns11:Contact>
            </ns11:CarrierParty>
            <ns11:PaymentTerm>
               <ns11:Term>
                  <ns11:ID>2%10, NET30</ns11:ID>
                  <ns11:Description>2% DISC 10 DAYS, NET 30</ns11:Description>
               </ns11:Term>
            </ns11:PaymentTerm>
            <ns11:BuyerParty>
               <ns11:PartyIDs>
                  <ns11:ID>82</ns11:ID>
                  <ns11:TaxID/>
                  <ns11:DUNSID/>
               </ns11:PartyIDs>
               <ns11:Name>LEROY SOMER</ns11:Name>
               <ns11:Location>
                  <ns11:ID/>
                  <ns11:Address>
                     <ns11:AddressLine sequence="1">669 NATCHEZ CHASE DR</ns11:AddressLine>
                     <ns11:AddressLine sequence="2"/>
                     <ns11:AddressLine sequence="3"/>
                     <ns11:CitySubDivisionName>HENDERSON</ns11:CitySubDivisionName>
                     <ns11:CityName>LEXINGTON</ns11:CityName>
                     <ns11:CountrySubDivisionCode>TN</ns11:CountrySubDivisionCode>
                     <ns11:CountryCode>HENDERSON</ns11:CountryCode>
                     <ns11:PostalCode>38551</ns11:PostalCode>
                  </ns11:Address>
               </ns11:Location>
               <ns11:Contact>
                  <ns11:Communication>
                     <ns11:ChannelCode>TELEPHONE1</ns11:ChannelCode>
                     <ns11:DialNumber/>
                  </ns11:Communication>
                  <ns11:Communication>
                     <ns11:ChannelCode>TELEPHONE2</ns11:ChannelCode>
                     <ns11:DialNumber/>
                  </ns11:Communication>
                  <ns11:Communication>
                     <ns11:ChannelCode>TELEPHONE3</ns11:ChannelCode>
                     <ns11:DialNumber/>
                  </ns11:Communication>
               </ns11:Contact>
               <ns11:CustomerAccountID/>
               <ns11:BuyerContact>
                  <ns11:Name>REYES, MR. EVERARDO</ns11:Name>
                  <ns11:JobTitle/>
               </ns11:BuyerContact>
            </ns11:BuyerParty>
            <ns11:ReleaseNumber/>
            <ns11:UserArea>
               <ns11:EmersonPurchaseOrderHeaderUserArea>
                  <ns11:ActualStartDateTime>2011-03-01T00:00:00.0000+00:00</ns11:ActualStartDateTime>
                  <ns11:ActualEndDateTime>2011-03-01T00:00:00.0000+00:00</ns11:ActualEndDateTime>
                  <ns11:ExchangeRateDate>2011-03-01</ns11:ExchangeRateDate>
               </ns11:EmersonPurchaseOrderHeaderUserArea>
               <USERAREA xmlns="http://www.openapplications.org/003_process_po_007">
          <DATETIME qualifier="ACTSTART" type="T" index="1">
            <YEAR>2011</YEAR>
            <MONTH>03</MONTH>
            <DAY>01</DAY>
            <HOUR>00</HOUR>
            <MINUTE>00</MINUTE>
            <SECOND>00</SECOND>
            <SUBSECOND>0000</SUBSECOND>
            <TIMEZONE>+0000</TIMEZONE>
          </DATETIME>
          <DATETIME qualifier="ACTEND" type="T" index="1">
            <YEAR>2011</YEAR>
            <MONTH>03</MONTH>
            <DAY>01</DAY>
            <HOUR>00</HOUR>
            <MINUTE>00</MINUTE>
            <SECOND>00</SECOND>
            <SUBSECOND>0000</SUBSECOND>
            <TIMEZONE>+0000</TIMEZONE>
          </DATETIME>
         
          <FOB>
<!-- Put in TransportaionTerm/PlaceofOwnership-->        
            <DESCRIPTN>Shipping Point</DESCRIPTN>
<!-- Put in TransportaionTerm/IncoTermCode-->              
            <TERMID>Shipping Point</TERMID>
          </FOB>
          <TANDC/>
          <FTTERM>
          <!-- No Mapping--> 
            <DESCRIPTN>UCC FOB ORIGIN COL</DESCRIPTN>
<!-- Put in TransportaionTerm/FreightTermCode-->    
            <TERMID>UCC FOB ORIGIN COL</TERMID>
          </FTTERM>
          <EXCHRATE/>
          <DATETIME qualifier="EXCHRATEDATE">
            <YEAR>2011</YEAR>
            <MONTH>03</MONTH>
            <DAY>01</DAY>
            <HOUR>00</HOUR>
            <MINUTE>00</MINUTE>
            <SECOND>00</SECOND>
            <SUBSECOND>0000</SUBSECOND>
            <TIMEZONE>+0000</TIMEZONE>
          </DATETIME>
          <!-- Acceptance to date-->
          <DATETIME qualifier="APPREQ" type="T" index="1">
            <YEAR/>
            <MONTH/>
            <DAY/>
            <HOUR/>
            <MINUTE/>
            <SECOND/>
            <SUBSECOND/>
            <TIMEZONE/>
          </DATETIME>
<!-- Put in Sender/ConfimationCode-->          
          <CONFIRM>N</CONFIRM>
          <SHIPPINGCONTROL/>
          <!-- Put in POHeader/UserArea--> 
          <DFFPOHEADER>
            <ATTRIBUTE1/>
            <ATTRIBUTE2/>
            <ATTRIBUTE3/>
            <ATTRIBUTE4/>
            <ATTRIBUTE5/>
            <ATTRIBUTE6/>
            <ATTRIBUTE7/>
            <ATTRIBUTE8/>
            <ATTRIBUTE9/>
            <ATTRIBUTE10/>
            <ATTRIBUTE11/>
            <ATTRIBUTE12/>
            <ATTRIBUTE13/>
            <ATTRIBUTE14/>
            <ATTRIBUTE15/>
            <ATTRIBUTE16/>
          </DFFPOHEADER>
<!-- Not mapped -->        
          <PCARDHDR>
            <MEMBERNAME/>
            <PCARDNUM>0</PCARDNUM>
            <DATETIME qualifier="EXPIRATION">
              <YEAR>2011</YEAR>
              <MONTH>03</MONTH>
              <DAY>01</DAY>
              <HOUR>14</HOUR>
              <MINUTE>32</MINUTE>
              <SECOND>22</SECOND>
              <SUBSECOND>0000</SUBSECOND>
              <TIMEZONE>+0000</TIMEZONE>
            </DATETIME>
            <PCARDBRAND/>
          </PCARDHDR>
          <!-- Under Purchase Order Header Userarea-->
          <DOCSTYLE>Standard Purchase Order</DOCSTYLE>
        </USERAREA>
            </ns11:UserArea>
         </ns11:PurchaseOrderHeader>
         <ns11:PurchaseOrderLine xmlns:ns11="http://www.openapplications.org/oagis/9">
            <ns11:LineNumber>2</ns11:LineNumber>
            <ns11:Description>OUTSIDE PROCESSING FOR 1445FR SHAFT BB ALT 21.65" (550MM)CL 4P 2BRG L7 MAT:C35E - SPEC:A5/C023</ns11:Description>
            <ns11:Note/>
            <ns11:Item>
               <ns11:ItemID>
                  <ns11:ID>OSPABE120AL005</ns11:ID>
                  <ns11:RevisionID/>
                  <ns11:VariationID/>
               </ns11:ItemID>
               <ns11:HazardousMaterial>
                  <ns11:ID/>
               </ns11:HazardousMaterial>
            </ns11:Item>
            <ns11:UnitPrice>
               <ns11:Amount currencyID="USD"/>
            </ns11:UnitPrice>
            <ns11:PurchaseOrderSchedule>
               <ns11:LineNumber>1</ns11:LineNumber>
               <ns11:Quantity>
            1
            
            +
            PC
          </ns11:Quantity>
               <ns11:RequiredDeliveryDateTime>
            2011
            03
            02
            00
            00
            00
            0000
            +0000
          </ns11:RequiredDeliveryDateTime>
            </ns11:PurchaseOrderSchedule>
         </ns11:PurchaseOrderLine>
      </ns1:CreatePurchaseOrder>
   </ns1:DataArea>
</ns1:CreatePurchaseOrderEBM>
