<?xml version="1.0" encoding="UTF-8" ?>
<!-- Generated by Oracle SOA Modeler version 1.0 at [7/21/11 2:20 PM]. -->
<composite name="FileDelete_11GAdapter"
           revision="1.0"
           label="2011-07-21_14-20-01_799"
           mode="active"
           state="on"
           xmlns="http://xmlns.oracle.com/sca/1.0"
           xmlns:xs="http://www.w3.org/2001/XMLSchema"
           xmlns:wsp="http://schemas.xmlsoap.org/ws/2004/09/policy"
           xmlns:orawsp="http://schemas.oracle.com/ws/2006/01/policy"
           xmlns:ui="http://xmlns.oracle.com/soa/designer/">
  <import namespace="http://xmlns.oracle.com/Dhami_SOA/FileDelete_11GAdapter/FileDelete_11GAdapter"
          location="FileDelete_11GAdapter.wsdl" importType="wsdl"/>
  <import namespace="http://xmlns.oracle.com/pcbpel/adapter/file/Dhami-SOA/FileDelete_11GAdapter/FileDelete_FL_DL_File"
          location="FileDelete_FL_DL_File.wsdl" importType="wsdl"/>
  <service name="filedelete_11gadapter_client_ep"
           ui:wsdlLocation="FileDelete_11GAdapter.wsdl">
    <interface.wsdl interface="http://xmlns.oracle.com/Dhami_SOA/FileDelete_11GAdapter/FileDelete_11GAdapter#wsdl.interface(FileDelete_11GAdapter)"/>
    <binding.ws port="http://xmlns.oracle.com/Dhami_SOA/FileDelete_11GAdapter/FileDelete_11GAdapter#wsdl.endpoint(filedelete_11gadapter_client_ep/FileDelete_11GAdapter_pt)"/>
  </service>
  <component name="FileDelete_11GAdapter" version="1.1">
    <implementation.bpel src="FileDelete_11GAdapter.bpel"/>
  </component>
  <reference name="FileDelete_FL_DL_File"
             ui:wsdlLocation="FileDelete_FL_DL_File.wsdl">
    <interface.wsdl interface="http://xmlns.oracle.com/pcbpel/adapter/file/Dhami-SOA/FileDelete_11GAdapter/FileDelete_FL_DL_File#wsdl.interface(FileDelete_ptt)"/>
    <binding.jca config="FileDelete_FL_DL_File_file.jca"/>
    <property name="OPERATION_DIR" type="xs:string" many="false" override="may"></property>
  </reference>
  <wire>
    <source.uri>filedelete_11gadapter_client_ep</source.uri>
    <target.uri>FileDelete_11GAdapter/filedelete_11gadapter_client</target.uri>
  </wire>
  <wire>
    <source.uri>FileDelete_11GAdapter/FileDelete_FL_DL_File</source.uri>
    <target.uri>FileDelete_FL_DL_File</target.uri>
  </wire>
</composite>
