<?xml version="1.0" encoding="UTF-8" ?>
<!-- Generated by Oracle SOA Modeler version 1.0 at [3/2/11 5:04 PM]. -->
<composite name="ETH_Sarah_ConnectorService"
           revision="1.0"
           label="2011-03-02_17-04-19_284"
           mode="active"
           state="on"
           xmlns="http://xmlns.oracle.com/sca/1.0"
           xmlns:xs="http://www.w3.org/2001/XMLSchema"
           xmlns:wsp="http://schemas.xmlsoap.org/ws/2004/09/policy"
           xmlns:orawsp="http://schemas.oracle.com/ws/2006/01/policy"
           xmlns:ui="http://xmlns.oracle.com/soa/designer/">
  <import namespace="http://xmlns.oracle.com/pcbpel/adapter/file/Sarah_Mappings/ETH_Sarah_ConnectorService/ETH_FL_RD_Sarah"
          location="ETH_FL_RD_Sarah.wsdl" importType="wsdl"/>
  <import namespace="http://xmlns.oracle.com/pcbpel/adapter/file/Sarah_Mappings/ETH_Sarah_ConnectorService/ETH_FL_WR_Sarah"
          location="ETH_FL_WR_Sarah.wsdl" importType="wsdl"/>
  <import namespace="http://xmlns.oracle.com/pcbpel/adapter/file/Sarah_Mappings/ETH_Sarah_ConnectorService/ETH_RD_POCO_SARAH"
          location="ETH_RD_POCO_SARAH.wsdl" importType="wsdl"/>
  <import namespace="http://xmlns.oracle.com/pcbpel/adapter/file/Sarah_Mappings/ETH_Sarah_ConnectorService/ETH_WR_POCO_EBM"
          location="ETH_WR_POCO_EBM.wsdl" importType="wsdl"/>
  <service name="ETH_FL_RD_Sarah" ui:wsdlLocation="ETH_FL_RD_Sarah.wsdl">
    <interface.wsdl interface="http://xmlns.oracle.com/pcbpel/adapter/file/Sarah_Mappings/ETH_Sarah_ConnectorService/ETH_FL_RD_Sarah#wsdl.interface(ReadSarah_ptt)"/>
    <binding.jca config="ETH_FL_RD_Sarah_file.jca"/>
    <property name="INPUT_DIR" type="xs:string" many="false" override="may"></property>
  </service>
  <service name="ETH_RD_POCO_SARAH" ui:wsdlLocation="ETH_RD_POCO_SARAH.wsdl">
    <interface.wsdl interface="http://xmlns.oracle.com/pcbpel/adapter/file/Sarah_Mappings/ETH_Sarah_ConnectorService/ETH_RD_POCO_SARAH#wsdl.interface(Read_ptt)"/>
    <binding.jca config="ETH_RD_POCO_SARAH_file.jca"/>
    <property name="INFILE" type="xs:string" many="false" override="may"></property>
  </service>
  <component name="ETH_MDT_SarahMapping">
    <implementation.mediator src="ETH_MDT_SarahMapping.mplan"/>
  </component>
  <component name="ETH_MDT_POCO_Mapping">
    <implementation.mediator src="ETH_MDT_POCO_Mapping.mplan"/>
  </component>
  <reference name="ETH_FL_WR_Sarah" ui:wsdlLocation="ETH_FL_WR_Sarah.wsdl">
    <interface.wsdl interface="http://xmlns.oracle.com/pcbpel/adapter/file/Sarah_Mappings/ETH_Sarah_ConnectorService/ETH_FL_WR_Sarah#wsdl.interface(WriteSarah_ptt)"/>
    <binding.jca config="ETH_FL_WR_Sarah_file.jca"/>
    <property name="OUTPUT_DIR" type="xs:string" many="false" override="may"></property>
  </reference>
  <reference name="ETH_WR_POCO_EBM" ui:wsdlLocation="ETH_WR_POCO_EBM.wsdl">
    <interface.wsdl interface="http://xmlns.oracle.com/pcbpel/adapter/file/Sarah_Mappings/ETH_Sarah_ConnectorService/ETH_WR_POCO_EBM#wsdl.interface(Write_ptt)"/>
    <binding.jca config="ETH_WR_POCO_EBM_file.jca"/>
    <property name="OUTFILE" type="xs:string" many="false" override="may"></property>
  </reference>
  <wire>
    <source.uri>ETH_FL_RD_Sarah</source.uri>
    <target.uri>ETH_MDT_SarahMapping/ETH_MDT_SarahMapping</target.uri>
  </wire>
  <wire>
    <source.uri>ETH_MDT_SarahMapping/ETH_FL_WR_Sarah</source.uri>
    <target.uri>ETH_FL_WR_Sarah</target.uri>
  </wire>
  <wire>
    <source.uri>ETH_RD_POCO_SARAH</source.uri>
    <target.uri>ETH_MDT_POCO_Mapping/ETH_MDT_POCO_Mapping</target.uri>
  </wire>
  <wire>
    <source.uri>ETH_MDT_POCO_Mapping/ETH_WR_POCO_EBM</source.uri>
    <target.uri>ETH_WR_POCO_EBM</target.uri>
  </wire>
</composite>
