<?xml version="1.0" encoding="UTF-8" ?>
<!-- Generated by Oracle SOA Modeler version 1.0 at [3/13/12 8:05 PM]. -->
<composite name="Message_Enqueue"
           revision="1.0"
           label="2012-03-13_20-05-48_529"
           mode="active"
           state="on"
           xmlns="http://xmlns.oracle.com/sca/1.0"
           xmlns:xs="http://www.w3.org/2001/XMLSchema"
           xmlns:wsp="http://schemas.xmlsoap.org/ws/2004/09/policy"
           xmlns:orawsp="http://schemas.oracle.com/ws/2006/01/policy"
           xmlns:ui="http://xmlns.oracle.com/soa/designer/">
  <import namespace="http://xmlns.oracle.com/SOAApp/Message_Enqueue/Message_Enqueue"
          location="Message_Enqueue.wsdl" importType="wsdl"/>
  <import namespace="http://xmlns.oracle.com/pcbpel/adapter/jms/SOAApp/Message_Enqueue/JMS_Enqueue"
          location="JMS_Enqueue.wsdl" importType="wsdl"/>
  <service name="message_enqueue_client_ep"
           ui:wsdlLocation="Message_Enqueue.wsdl">
    <interface.wsdl interface="http://xmlns.oracle.com/SOAApp/Message_Enqueue/Message_Enqueue#wsdl.interface(Message_Enqueue)"/>
    <binding.ws port="http://xmlns.oracle.com/SOAApp/Message_Enqueue/Message_Enqueue#wsdl.endpoint(message_enqueue_client_ep/Message_Enqueue_pt)"/>
  </service>
  <component name="Message_Enqueue" version="1.1">
    <implementation.bpel src="Message_Enqueue.bpel"/>
  </component>
  <reference name="JMS_Enqueue" ui:wsdlLocation="JMS_Enqueue.wsdl">
    <interface.wsdl interface="http://xmlns.oracle.com/pcbpel/adapter/jms/SOAApp/Message_Enqueue/JMS_Enqueue#wsdl.interface(Produce_Message_ptt)"/>
    <binding.jca config="JMS_Enqueue_jms.jca"/>
  </reference>
  <wire>
    <source.uri>message_enqueue_client_ep</source.uri>
    <target.uri>Message_Enqueue/message_enqueue_client</target.uri>
  </wire>
  <wire>
    <source.uri>Message_Enqueue/JMS_Enqueue</source.uri>
    <target.uri>JMS_Enqueue</target.uri>
  </wire>
</composite>
