<?xml version="1.0" encoding="UTF-8" ?>
<!-- Generated by Oracle SOA Modeler version 1.0 at [3/24/11 3:31 PM]. -->
<composite name="SOAPReceiver"
           revision="1.0"
           label="2011-03-24_15-31-21_325"
           mode="active"
           state="on"
           xmlns="http://xmlns.oracle.com/sca/1.0"
           xmlns:xs="http://www.w3.org/2001/XMLSchema"
           xmlns:wsp="http://schemas.xmlsoap.org/ws/2004/09/policy"
           xmlns:orawsp="http://schemas.oracle.com/ws/2006/01/policy"
           xmlns:ui="http://xmlns.oracle.com/soa/designer/">
  <import namespace="http://xmlns.oracle.com/Dhami_SOA/SOAPReceiver/SOAPReceiver_BPELProcess"
          location="SOAPReceiver_BPELProcess.wsdl" importType="wsdl"/>
  <service name="soapreceiver_bpelprocess_client_ep"
           ui:wsdlLocation="SOAPReceiver_BPELProcess.wsdl">
    <interface.wsdl interface="http://xmlns.oracle.com/Dhami_SOA/SOAPReceiver/SOAPReceiver_BPELProcess#wsdl.interface(SOAPReceiver_BPELProcess)"/>
    <binding.ws port="http://xmlns.oracle.com/Dhami_SOA/SOAPReceiver/SOAPReceiver_BPELProcess#wsdl.endpoint(soapreceiver_bpelprocess_client_ep/SOAPReceiver_BPELProcess_pt)"/>
  </service>
  <component name="SOAPReceiver_BPELProcess" version="1.1">
    <implementation.bpel src="SOAPReceiver_BPELProcess.bpel"/>
  </component>
  <wire>
    <source.uri>soapreceiver_bpelprocess_client_ep</source.uri>
    <target.uri>SOAPReceiver_BPELProcess/soapreceiver_bpelprocess_client</target.uri>
  </wire>
</composite>
