<?xml version="1.0" encoding="UTF-8" ?>
<!-- Generated by Oracle SOA Modeler version 1.0 at [8/23/11 2:12 PM]. -->
<composite name="Issue93_BPEL"
           revision="1.0"
           label="2011-08-23_14-12-40_723"
           mode="active"
           state="on"
           xmlns="http://xmlns.oracle.com/sca/1.0"
           xmlns:xs="http://www.w3.org/2001/XMLSchema"
           xmlns:wsp="http://schemas.xmlsoap.org/ws/2004/09/policy"
           xmlns:orawsp="http://schemas.oracle.com/ws/2006/01/policy"
           xmlns:ui="http://xmlns.oracle.com/soa/designer/">
  <import namespace="http://xmlns.oracle.com/pcbpel/adapter/file/Sarah_Mappings/Issue93_BPEL/Issue93_bpel_FL_IN"
          location="Issue93_bpel_FL_IN.wsdl" importType="wsdl"/>
  <service name="Issue93_bpel_FL_IN" ui:wsdlLocation="Issue93_bpel_FL_IN.wsdl">
    <interface.wsdl interface="http://xmlns.oracle.com/pcbpel/adapter/file/Sarah_Mappings/Issue93_BPEL/Issue93_bpel_FL_IN#wsdl.interface(Read_ptt)"/>
    <binding.jca config="Issue93_bpel_FL_IN_file.jca"/>
    <property name="IN_DIR" type="xs:string" many="false" override="may">/orionap/u01/app_SOA2/oracle/workingfolder/ETH/runtime/test/input</property>
  </service>
  <component name="Issue93_BPEL" version="1.1">
    <implementation.bpel src="Issue93_BPEL.bpel"/>
    <property name="bpel.config.oneWayDeliveryPolicy" many="false" type="xs:string">async.persist</property>
  </component>
  <wire>
    <source.uri>Issue93_bpel_FL_IN</source.uri>
    <target.uri>Issue93_BPEL/Issue93_bpel_FL_IN</target.uri>
  </wire>
</composite>
