<?xml version="1.0" encoding="UTF-8" ?>
<!-- Generated by Oracle SOA Modeler version 1.0 at [9/4/11 6:08 PM]. -->
<composite name="JMS_DEQUEUE"
           revision="1.0"
           label="2011-09-04_18-08-31_096"
           mode="active"
           state="on"
           xmlns="http://xmlns.oracle.com/sca/1.0"
           xmlns:xs="http://www.w3.org/2001/XMLSchema"
           xmlns:wsp="http://schemas.xmlsoap.org/ws/2004/09/policy"
           xmlns:orawsp="http://schemas.oracle.com/ws/2006/01/policy"
           xmlns:ui="http://xmlns.oracle.com/soa/designer/">
  <import namespace="http://xmlns.oracle.com/pcbpel/adapter/jms/Sarah_Mappings/JMS_DEQUEUE/JMS_DEQUEUE_DIST"
          location="JMS_DEQUEUE_DIST.wsdl" importType="wsdl"/>
  <service name="JMS_DEQUEUE_DIST" ui:wsdlLocation="JMS_DEQUEUE_DIST.wsdl">
    <interface.wsdl interface="http://xmlns.oracle.com/pcbpel/adapter/jms/Sarah_Mappings/JMS_DEQUEUE/JMS_DEQUEUE_DIST#wsdl.interface(Consume_Message_ptt)"/>
    <binding.jca config="JMS_DEQUEUE_DIST_jms.jca"/>
  </service>
  <component name="JMS_DEQUEUE_BPEL" version="1.1">
    <implementation.bpel src="JMS_DEQUEUE_BPEL.bpel"/>
  </component>
  <wire>
    <source.uri>JMS_DEQUEUE_DIST</source.uri>
    <target.uri>JMS_DEQUEUE_BPEL/JMS_DEQUEUE_DIST</target.uri>
  </wire>
</composite>
