<?xml version = '1.0' encoding = 'UTF-8'?>
<ns1:CreatePurchaseOrderEBM xmlns:aia="http://www.oracle.com/XSL/Transform/java/oracle.apps.aia.core.xpath.AIAFunctions" xmlns:ns1="http://xmlns.oracle.com/EnterpriseObjects/Manufacturing/EBO/PurchaseOrder/Emerson">
   <ns12:EBMHeader xmlns:ns12="http://xmlns.oracle.com/EnterpriseObjects/Core/Common/V2">
      <ns12:Sender>
         <ns12:ID>EMR240</ns12:ID>
      </ns12:Sender>
      <ns12:Custom>
         <ns11:ApplicationArea xmlns:ns11="http://www.openapplications.org/oagis/9">
            <ns11:Sender>
               <ns11:LogicalID>LEROY SOMER</ns11:LogicalID>
               <ns11:ComponentID>PURCHASING</ns11:ComponentID>
               <ns11:TaskID>POISSUE</ns11:TaskID>
               <ns11:ReferenceID>SARAH.DEV.EMRSN.ORG:oracle.apps.po.event.xmlpo:273720-326780</ns11:ReferenceID>
               <ns11:ConfirmationCode>N</ns11:ConfirmationCode>
               <ns11:AuthorizationID>APPS</ns11:AuthorizationID>
            </ns11:Sender>
            <ns11:CreationDateTime>2011-03-01T14:32:22.0000+00:00</ns11:CreationDateTime>
         </ns11:ApplicationArea>
      </ns12:Custom>
   </ns12:EBMHeader>
   <ns1:DataArea>
      <ns12:Create xmlns:ns12="http://xmlns.oracle.com/EnterpriseObjects/Core/Common/V2" responseCode="N"/>
      <ns1:CreatePurchaseOrder>
         <ns11:PurchaseOrderHeader xmlns:ns11="http://www.openapplications.org/oagis/9">
            <ns11:DocumentID>
               <ns11:ID>240001209705</ns11:ID>
               <ns11:RevisionID>0</ns11:RevisionID>
               <ns11:VariationID>STANDARD</ns11:VariationID>
            </ns11:DocumentID>
            <ns11:DocumentDateTime>2011-03-01T14:28:53.0000+00:00</ns11:DocumentDateTime>
            <ns11:Description/>
            <ns11:Note author="1"/>
            <ns11:SupplierParty>
               <ns11:PartyIDs>
                  <ns11:ID>2400001572</ns11:ID>
                  <ns11:TaxID>MIS-920325-4C5</ns11:TaxID>
                  <ns11:DUNSID/>
               </ns11:PartyIDs>
               <ns11:Name>MECANIZADOS INDUSTRIALES SANCHEZ, S.A. DE C.V.</ns11:Name>
               <ns11:Location>
                  <ns11:ID>82-2400001572-000</ns11:ID>
                  <ns11:Address>
                     <ns11:ID>MONTERREY</ns11:ID>
                     <ns11:AddressLine sequence="1">Plan De Guadalupe #402</ns11:AddressLine>
                     <ns11:AddressLine sequence="2">Col. Antonio I. Villarreal</ns11:AddressLine>
                     <ns11:AddressLine sequence="3"/>
                     <ns11:CitySubDivisionName/>
                     <ns11:CityName>Monterrey</ns11:CityName>
                     <ns11:CountrySubDivisionCode>NLE</ns11:CountrySubDivisionCode>
                     <ns11:CountryCode>MX</ns11:CountryCode>
                     <ns11:PostalCode>64390</ns11:PostalCode>
                     <ns11:UserArea>
                        <ns11:CustomPurchaseOrderHeaderUserArea>
                           <ns11:CustomPartnerUserArea>
                              <ns11:CustomPartnerAddressUserArea>
                                 <ns11:Telephone sequence="1">81 86766732</ns11:Telephone>
                                 <ns11:Telephone sequence="2"/>
                                 <ns11:Telephone sequence="3"/>
                                 <ns11:Fax sequence="1">818989-6411</ns11:Fax>
                                 <ns11:URI/>
                                 <ns11:DFFVENDORSITE>
                                    <ns11:ATTRIBUTE1/>
                                    <ns11:ATTRIBUTE2/>
                                    <ns11:ATTRIBUTE3/>
                                    <ns11:ATTRIBUTE4/>
                                    <ns11:ATTRIBUTE5/>
                                    <ns11:ATTRIBUTE6/>
                                    <ns11:ATTRIBUTE7/>
                                    <ns11:ATTRIBUTE8/>
                                    <ns11:ATTRIBUTE9/>
                                    <ns11:ATTRIBUTE10/>
                                    <ns11:ATTRIBUTE11/>
                                    <ns11:ATTRIBUTE12/>
                                    <ns11:ATTRIBUTE13/>
                                    <ns11:ATTRIBUTE14>24943</ns11:ATTRIBUTE14>
                                    <ns11:ATTRIBUTE15>30903</ns11:ATTRIBUTE15>
                                    <ns11:ATTRIBUTE16/>
                                 </ns11:DFFVENDORSITE>
                              </ns11:CustomPartnerAddressUserArea>
                           </ns11:CustomPartnerUserArea>
                        </ns11:CustomPurchaseOrderHeaderUserArea>
                     </ns11:UserArea>
                  </ns11:Address>
               </ns11:Location>
               <ns11:Contact>
                  <ns11:Name>  </ns11:Name>
                  <ns11:Communication>
                     <ns11:ChannelCode>EMAIL</ns11:ChannelCode>
                     <ns11:Text>cesar.sanchez@missamx.com</ns11:Text>
                  </ns11:Communication>
               </ns11:Contact>
               <ns11:UserArea>
                  <ns11:CustomPurchaseOrderHeaderUserArea>
                     <ns11:CustomPartnerUserArea>
                        <ns11:DFFVENDOR>
                           <ns11:ATTRIBUTE1/>
                           <ns11:ATTRIBUTE2/>
                           <ns11:ATTRIBUTE3/>
                           <ns11:ATTRIBUTE4/>
                           <ns11:ATTRIBUTE5/>
                           <ns11:ATTRIBUTE6/>
                           <ns11:ATTRIBUTE7/>
                           <ns11:ATTRIBUTE8/>
                           <ns11:ATTRIBUTE9/>
                           <ns11:ATTRIBUTE10/>
                           <ns11:ATTRIBUTE11/>
                           <ns11:ATTRIBUTE12/>
                           <ns11:ATTRIBUTE13/>
                           <ns11:ATTRIBUTE14/>
                           <ns11:ATTRIBUTE15>24943</ns11:ATTRIBUTE15>
                           <ns11:ATTRIBUTE16>LSNA</ns11:ATTRIBUTE16>
                        </ns11:DFFVENDOR>
                        <ns11:CUSTOMERNUM/>
                     </ns11:CustomPartnerUserArea>
                  </ns11:CustomPurchaseOrderHeaderUserArea>
               </ns11:UserArea>
            </ns11:SupplierParty>
            <ns11:ContractReference>
               <ns11:DocumentID>
                  <ns11:ID/>
               </ns11:DocumentID>
            </ns11:ContractReference>
            <ns11:ExtendedAmount currencyID="USD">2700</ns11:ExtendedAmount>
            <ns11:BillToParty>
               <ns11:PartyIDs>
                  <ns11:ID>82</ns11:ID>
                  <ns11:TaxID/>
                  <ns11:DUNSID/>
               </ns11:PartyIDs>
               <ns11:Name>LEROY SOMER</ns11:Name>
               <ns11:Location>
                  <ns11:ID/>
                  <ns11:Address>
                     <ns11:AddressLine sequence="1">LEROY SOMER-DATASERV</ns11:AddressLine>
                     <ns11:AddressLine sequence="2">PO Box 29289</ns11:AddressLine>
                     <ns11:AddressLine sequence="3"/>
                     <ns11:CitySubDivisionName>US</ns11:CitySubDivisionName>
                     <ns11:CityName>SAINT LOUIS</ns11:CityName>
                     <ns11:CountrySubDivisionCode>MO</ns11:CountrySubDivisionCode>
                     <ns11:CountryCode>SAINT LOUIS</ns11:CountryCode>
                     <ns11:PostalCode>63127-9289</ns11:PostalCode>
                     <ns11:UserArea>
                        <ns11:CustomPurchaseOrderHeaderUserArea>
                           <ns11:CustomPartnerUserArea>
                              <ns11:CustomPartnerAddressUserArea>
                                 <ns11:URI/>
                              </ns11:CustomPartnerAddressUserArea>
                           </ns11:CustomPartnerUserArea>
                        </ns11:CustomPurchaseOrderHeaderUserArea>
                     </ns11:UserArea>
                  </ns11:Address>
               </ns11:Location>
               <ns11:UserArea>
                  <ns11:CustomPurchaseOrderHeaderUserArea>
                     <ns11:CustomPartnerUserArea>
                        <ns11:CUSTOMERNUM/>
                     </ns11:CustomPartnerUserArea>
                  </ns11:CustomPurchaseOrderHeaderUserArea>
               </ns11:UserArea>
            </ns11:BillToParty>
            <ns11:CarrierParty>
               <ns11:PartyIDs>
                  <ns11:ID/>
                  <ns11:TaxID/>
                  <ns11:DUNSID/>
               </ns11:PartyIDs>
               <ns11:Name/>
               <ns11:Location>
                  <ns11:ID/>
                  <ns11:Address>
                     <ns11:CitySubDivisionName/>
                     <ns11:CityName/>
                     <ns11:CountrySubDivisionCode/>
                     <ns11:CountryCode/>
                     <ns11:PostalCode/>
                     <ns11:UserArea>
                        <ns11:CustomPurchaseOrderHeaderUserArea>
                           <ns11:CustomPartnerUserArea>
                              <ns11:CustomPartnerAddressUserArea>
                                 <ns11:URI/>
                              </ns11:CustomPartnerAddressUserArea>
                           </ns11:CustomPartnerUserArea>
                        </ns11:CustomPurchaseOrderHeaderUserArea>
                     </ns11:UserArea>
                  </ns11:Address>
               </ns11:Location>
               <ns11:UserArea>
                  <ns11:CustomPurchaseOrderHeaderUserArea>
                     <ns11:CustomPartnerUserArea>
                        <ns11:CUSTOMERNUM/>
                     </ns11:CustomPartnerUserArea>
                  </ns11:CustomPurchaseOrderHeaderUserArea>
               </ns11:UserArea>
            </ns11:CarrierParty>
            <ns11:TransportationTerm>
               <ns11:IncotermsCode>Shipping Point</ns11:IncotermsCode>
               <ns11:PlaceOfOwnershipTransferLocation>
                  <ns11:Description>Shipping Point</ns11:Description>
               </ns11:PlaceOfOwnershipTransferLocation>
               <ns11:FreightTermCode>UCC FOB ORIGIN COL</ns11:FreightTermCode>
            </ns11:TransportationTerm>
            <ns11:PaymentTerm>
               <ns11:Term>
                  <ns11:ID>2%10, NET30</ns11:ID>
                  <ns11:Description>2% DISC 10 DAYS, NET 30</ns11:Description>
               </ns11:Term>
            </ns11:PaymentTerm>
            <ns11:BuyerParty>
               <ns11:PartyIDs>
                  <ns11:ID>82</ns11:ID>
                  <ns11:TaxID/>
                  <ns11:DUNSID/>
               </ns11:PartyIDs>
               <ns11:Name>LEROY SOMER</ns11:Name>
               <ns11:Location>
                  <ns11:ID/>
                  <ns11:Address>
                     <ns11:AddressLine sequence="1">669 NATCHEZ CHASE DR</ns11:AddressLine>
                     <ns11:AddressLine sequence="2"/>
                     <ns11:AddressLine sequence="3"/>
                     <ns11:CitySubDivisionName>HENDERSON</ns11:CitySubDivisionName>
                     <ns11:CityName>LEXINGTON</ns11:CityName>
                     <ns11:CountrySubDivisionCode>TN</ns11:CountrySubDivisionCode>
                     <ns11:CountryCode>HENDERSON</ns11:CountryCode>
                     <ns11:PostalCode>38551</ns11:PostalCode>
                     <ns11:UserArea>
                        <ns11:CustomPurchaseOrderHeaderUserArea>
                           <ns11:CustomPartnerUserArea>
                              <ns11:CustomPartnerAddressUserArea>
                                 <ns11:URI/>
                              </ns11:CustomPartnerAddressUserArea>
                           </ns11:CustomPartnerUserArea>
                        </ns11:CustomPurchaseOrderHeaderUserArea>
                     </ns11:UserArea>
                  </ns11:Address>
               </ns11:Location>
               <ns11:CustomerAccountID/>
               <ns11:BuyerContact>
                  <ns11:Name>REYES, MR. EVERARDO</ns11:Name>
                  <ns11:JobTitle/>
               </ns11:BuyerContact>
               <ns11:UserArea>
                  <ns11:CustomPurchaseOrderHeaderUserArea>
                     <ns11:CustomPartnerUserArea>
                        <ns11:CUSTOMERNUM/>
                     </ns11:CustomPartnerUserArea>
                  </ns11:CustomPurchaseOrderHeaderUserArea>
               </ns11:UserArea>
            </ns11:BuyerParty>
            <ns11:ReleaseNumber/>
            <ns11:UserArea>
               <ns11:CustomPurchaseOrderHeaderUserArea>
                  <ns11:ActualStartDateTime>2011-03-01T00:00:00.0000+00:00</ns11:ActualStartDateTime>
                  <ns11:EXCHRATE/>
                  <ns11:ExchangeRateDate>2011-03-01</ns11:ExchangeRateDate>
                  <ns11:CONFIRM>N</ns11:CONFIRM>
                  <ns11:SHIPPINGCONTROL/>
                  <ns11:DOCSTYLE>Standard Purchase Order</ns11:DOCSTYLE>
                  <ns11:DFFPOHEADER>
                     <ns11:ATTRIBUTE1/>
                     <ns11:ATTRIBUTE2/>
                     <ns11:ATTRIBUTE3/>
                     <ns11:ATTRIBUTE4/>
                     <ns11:ATTRIBUTE5/>
                     <ns11:ATTRIBUTE6/>
                     <ns11:ATTRIBUTE7/>
                     <ns11:ATTRIBUTE8/>
                     <ns11:ATTRIBUTE9/>
                     <ns11:ATTRIBUTE10/>
                     <ns11:ATTRIBUTE11/>
                     <ns11:ATTRIBUTE12/>
                     <ns11:ATTRIBUTE13/>
                     <ns11:ATTRIBUTE14/>
                     <ns11:ATTRIBUTE15/>
                     <ns11:ATTRIBUTE16/>
                  </ns11:DFFPOHEADER>
               </ns11:CustomPurchaseOrderHeaderUserArea>
            </ns11:UserArea>
         </ns11:PurchaseOrderHeader>
         <ns11:PurchaseOrderLine xmlns:ns11="http://www.openapplications.org/oagis/9">
            <ns11:LineNumber>2</ns11:LineNumber>
            <ns11:Description>OUTSIDE PROCESSING FOR 1445FR SHAFT BB ALT 21.65" (550MM)CL 4P 2BRG L7 MAT:C35E - SPEC:A5/C023</ns11:Description>
            <ns11:Note author="1"/>
            <ns11:Status>
               <ns11:Code/>
            </ns11:Status>
            <ns11:Item>
               <ns11:ItemID>
                  <ns11:ID>OSPABE120AL005</ns11:ID>
                  <ns11:RevisionID/>
               </ns11:ItemID>
               <ns11:SupplierItemID>
                  <ns11:ID/>
               </ns11:SupplierItemID>
               <ns11:HazardousMaterial>
                  <ns11:ID/>
               </ns11:HazardousMaterial>
            </ns11:Item>
            <ns11:Quantity unitCode="PC">1</ns11:Quantity>
            <ns11:UnitPrice>
               <ns11:Amount currencyID="PC">300</ns11:Amount>
            </ns11:UnitPrice>
            <ns11:PurchaseOrderSchedule>
               <ns11:LineNumber>1</ns11:LineNumber>
               <ns11:Quantity>1</ns11:Quantity>
               <ns11:RequiredDeliveryDateTime>2011-03-02T00:00:00.0000+00:00</ns11:RequiredDeliveryDateTime>
               <ns11:UserArea>
                  <ns11:CustomPurchaseOrderLineUserArea>
                     <ns11:CustomPurchaseOrderLineScheduleUserArea>
                        <ns11:UnitAmount>300</ns11:UnitAmount>
                        <ns11:PRICEOVRRD/>
                        <ns11:TAXABLE>N</ns11:TAXABLE>
                        <ns11:TAXCODE/>
                        <ns11:DropShipmentIndicator>N</ns11:DropShipmentIndicator>
                        <ns11:CONSIGNEDINV>N</ns11:CONSIGNEDINV>
                        <ns11:DISTPROJECT>
                           <ns11:REQUESTOR>REYES, MR. EVERARDO</ns11:REQUESTOR>
                           <ns11:EMAIL>Everardo.Reyes@emerson.com</ns11:EMAIL>
                           <ns11:TELEPHONE sequence="1"/>
                           <ns11:DISTNUM>1</ns11:DISTNUM>
                           <ns11:PROJECTNUM/>
                           <ns11:PROJECTTYPE/>
                           <ns11:TASKNUM/>
                           <ns11:ORDERED_QUANTITY>1</ns11:ORDERED_QUANTITY>
                           <ns11:EXCHRATEDATE>2011-03-01</ns11:EXCHRATEDATE>
                           <ns11:DESTTYPE>SHOP FLOOR</ns11:DESTTYPE>
                           <ns11:DFFDISTRIBUTN>
                              <ns11:ATTRIBUTE1/>
                              <ns11:ATTRIBUTE2/>
                              <ns11:ATTRIBUTE3/>
                              <ns11:ATTRIBUTE4/>
                              <ns11:ATTRIBUTE5/>
                              <ns11:ATTRIBUTE6/>
                              <ns11:ATTRIBUTE7/>
                              <ns11:ATTRIBUTE8/>
                              <ns11:ATTRIBUTE9/>
                              <ns11:ATTRIBUTE10/>
                              <ns11:ATTRIBUTE11/>
                              <ns11:ATTRIBUTE12/>
                              <ns11:ATTRIBUTE13/>
                              <ns11:ATTRIBUTE14/>
                              <ns11:ATTRIBUTE15/>
                              <ns11:ATTRIBUTE16/>
                           </ns11:DFFDISTRIBUTN>
                        </ns11:DISTPROJECT>
                     </ns11:CustomPurchaseOrderLineScheduleUserArea>
                  </ns11:CustomPurchaseOrderLineUserArea>
               </ns11:UserArea>
            </ns11:PurchaseOrderSchedule>
            <ns11:UserArea>
               <ns11:CustomPurchaseOrderLineUserArea>
                  <ns11:REQUESTOR>REYES, MR. EVERARDO</ns11:REQUESTOR>
                  <ns11:DFFLINE>
                     <ns11:ATTRIBUTE1/>
                     <ns11:ATTRIBUTE2/>
                     <ns11:ATTRIBUTE3/>
                     <ns11:ATTRIBUTE4/>
                     <ns11:ATTRIBUTE5/>
                     <ns11:ATTRIBUTE6/>
                     <ns11:ATTRIBUTE7/>
                     <ns11:ATTRIBUTE8/>
                     <ns11:ATTRIBUTE9/>
                     <ns11:ATTRIBUTE10/>
                     <ns11:ATTRIBUTE11/>
                     <ns11:ATTRIBUTE12/>
                     <ns11:ATTRIBUTE13/>
                     <ns11:ATTRIBUTE14/>
                     <ns11:ATTRIBUTE15/>
                     <ns11:ATTRIBUTE16/>
                  </ns11:DFFLINE>
                  <ns11:DFFITEM>
                     <ns11:ATTRIBUTE1/>
                     <ns11:ATTRIBUTE2/>
                     <ns11:ATTRIBUTE3/>
                     <ns11:ATTRIBUTE4/>
                     <ns11:ATTRIBUTE5/>
                     <ns11:ATTRIBUTE6/>
                     <ns11:ATTRIBUTE7/>
                     <ns11:ATTRIBUTE8/>
                     <ns11:ATTRIBUTE9/>
                     <ns11:ATTRIBUTE10/>
                     <ns11:ATTRIBUTE11/>
                     <ns11:ATTRIBUTE12/>
                     <ns11:ATTRIBUTE13/>
                     <ns11:ATTRIBUTE14/>
                     <ns11:ATTRIBUTE15>145</ns11:ATTRIBUTE15>
                     <ns11:ATTRIBUTE16/>
                  </ns11:DFFITEM>
                  <ns11:KFFITEM>
                     <ns11:ATTRIBUTE1>00</ns11:ATTRIBUTE1>
                     <ns11:ATTRIBUTE2>00</ns11:ATTRIBUTE2>
                     <ns11:ATTRIBUTE3>00</ns11:ATTRIBUTE3>
                     <ns11:ATTRIBUTE4>00</ns11:ATTRIBUTE4>
                     <ns11:ATTRIBUTE5>00</ns11:ATTRIBUTE5>
                     <ns11:ATTRIBUTE6/>
                     <ns11:ATTRIBUTE7/>
                     <ns11:ATTRIBUTE8/>
                     <ns11:ATTRIBUTE9/>
                     <ns11:ATTRIBUTE10/>
                     <ns11:ATTRIBUTE11/>
                     <ns11:ATTRIBUTE12/>
                     <ns11:ATTRIBUTE13/>
                     <ns11:ATTRIBUTE14/>
                     <ns11:ATTRIBUTE15/>
                     <ns11:ATTRIBUTE16/>
                     <ns11:ATTRIBUTE17/>
                     <ns11:ATTRIBUTE18/>
                     <ns11:ATTRIBUTE19/>
                     <ns11:ATTRIBUTE20/>
                  </ns11:KFFITEM>
               </ns11:CustomPurchaseOrderLineUserArea>
            </ns11:UserArea>
         </ns11:PurchaseOrderLine>
         <ns11:PurchaseOrderLine xmlns:ns11="http://www.openapplications.org/oagis/9">
            <ns11:LineNumber>1</ns11:LineNumber>
            <ns11:Description>OUTSIDE PROCESSING FOR SHAFT BB ALT SAE#0  HE</ns11:Description>
            <ns11:Note author="1"/>
            <ns11:Status>
               <ns11:Code/>
            </ns11:Status>
            <ns11:Item>
               <ns11:ItemID>
                  <ns11:ID>OSP40926103</ns11:ID>
                  <ns11:RevisionID/>
               </ns11:ItemID>
               <ns11:SupplierItemID>
                  <ns11:ID/>
               </ns11:SupplierItemID>
               <ns11:HazardousMaterial>
                  <ns11:ID/>
               </ns11:HazardousMaterial>
            </ns11:Item>
            <ns11:Quantity unitCode="PC">12</ns11:Quantity>
            <ns11:UnitPrice>
               <ns11:Amount currencyID="PC">200</ns11:Amount>
            </ns11:UnitPrice>
            <ns11:PurchaseOrderSchedule>
               <ns11:LineNumber>1</ns11:LineNumber>
               <ns11:Quantity>12</ns11:Quantity>
               <ns11:RequiredDeliveryDateTime>2011-03-02T00:00:00.0000+00:00</ns11:RequiredDeliveryDateTime>
               <ns11:UserArea>
                  <ns11:CustomPurchaseOrderLineUserArea>
                     <ns11:CustomPurchaseOrderLineScheduleUserArea>
                        <ns11:UnitAmount>200</ns11:UnitAmount>
                        <ns11:PRICEOVRRD/>
                        <ns11:TAXABLE>N</ns11:TAXABLE>
                        <ns11:TAXCODE/>
                        <ns11:DropShipmentIndicator>N</ns11:DropShipmentIndicator>
                        <ns11:CONSIGNEDINV>N</ns11:CONSIGNEDINV>
                        <ns11:DISTPROJECT>
                           <ns11:REQUESTOR>REYES, MR. EVERARDO</ns11:REQUESTOR>
                           <ns11:EMAIL>Everardo.Reyes@emerson.com</ns11:EMAIL>
                           <ns11:TELEPHONE sequence="1"/>
                           <ns11:DISTNUM>1</ns11:DISTNUM>
                           <ns11:PROJECTNUM/>
                           <ns11:PROJECTTYPE/>
                           <ns11:TASKNUM/>
                           <ns11:ORDERED_QUANTITY>12</ns11:ORDERED_QUANTITY>
                           <ns11:EXCHRATEDATE>2011-03-01</ns11:EXCHRATEDATE>
                           <ns11:DESTTYPE>SHOP FLOOR</ns11:DESTTYPE>
                           <ns11:DFFDISTRIBUTN>
                              <ns11:ATTRIBUTE1/>
                              <ns11:ATTRIBUTE2/>
                              <ns11:ATTRIBUTE3/>
                              <ns11:ATTRIBUTE4/>
                              <ns11:ATTRIBUTE5/>
                              <ns11:ATTRIBUTE6/>
                              <ns11:ATTRIBUTE7/>
                              <ns11:ATTRIBUTE8/>
                              <ns11:ATTRIBUTE9/>
                              <ns11:ATTRIBUTE10/>
                              <ns11:ATTRIBUTE11/>
                              <ns11:ATTRIBUTE12/>
                              <ns11:ATTRIBUTE13/>
                              <ns11:ATTRIBUTE14/>
                              <ns11:ATTRIBUTE15/>
                              <ns11:ATTRIBUTE16/>
                           </ns11:DFFDISTRIBUTN>
                        </ns11:DISTPROJECT>
                     </ns11:CustomPurchaseOrderLineScheduleUserArea>
                  </ns11:CustomPurchaseOrderLineUserArea>
               </ns11:UserArea>
            </ns11:PurchaseOrderSchedule>
            <ns11:UserArea>
               <ns11:CustomPurchaseOrderLineUserArea>
                  <ns11:REQUESTOR>REYES, MR. EVERARDO</ns11:REQUESTOR>
                  <ns11:DFFLINE>
                     <ns11:ATTRIBUTE1/>
                     <ns11:ATTRIBUTE2/>
                     <ns11:ATTRIBUTE3/>
                     <ns11:ATTRIBUTE4/>
                     <ns11:ATTRIBUTE5/>
                     <ns11:ATTRIBUTE6/>
                     <ns11:ATTRIBUTE7/>
                     <ns11:ATTRIBUTE8/>
                     <ns11:ATTRIBUTE9/>
                     <ns11:ATTRIBUTE10/>
                     <ns11:ATTRIBUTE11/>
                     <ns11:ATTRIBUTE12/>
                     <ns11:ATTRIBUTE13/>
                     <ns11:ATTRIBUTE14/>
                     <ns11:ATTRIBUTE15/>
                     <ns11:ATTRIBUTE16/>
                  </ns11:DFFLINE>
                  <ns11:DFFITEM>
                     <ns11:ATTRIBUTE1/>
                     <ns11:ATTRIBUTE2/>
                     <ns11:ATTRIBUTE3/>
                     <ns11:ATTRIBUTE4/>
                     <ns11:ATTRIBUTE5/>
                     <ns11:ATTRIBUTE6/>
                     <ns11:ATTRIBUTE7/>
                     <ns11:ATTRIBUTE8/>
                     <ns11:ATTRIBUTE9/>
                     <ns11:ATTRIBUTE10/>
                     <ns11:ATTRIBUTE11/>
                     <ns11:ATTRIBUTE12/>
                     <ns11:ATTRIBUTE13/>
                     <ns11:ATTRIBUTE14/>
                     <ns11:ATTRIBUTE15>145</ns11:ATTRIBUTE15>
                     <ns11:ATTRIBUTE16/>
                  </ns11:DFFITEM>
                  <ns11:KFFITEM>
                     <ns11:ATTRIBUTE1>00</ns11:ATTRIBUTE1>
                     <ns11:ATTRIBUTE2>00</ns11:ATTRIBUTE2>
                     <ns11:ATTRIBUTE3>00</ns11:ATTRIBUTE3>
                     <ns11:ATTRIBUTE4>00</ns11:ATTRIBUTE4>
                     <ns11:ATTRIBUTE5>00</ns11:ATTRIBUTE5>
                     <ns11:ATTRIBUTE6/>
                     <ns11:ATTRIBUTE7/>
                     <ns11:ATTRIBUTE8/>
                     <ns11:ATTRIBUTE9/>
                     <ns11:ATTRIBUTE10/>
                     <ns11:ATTRIBUTE11/>
                     <ns11:ATTRIBUTE12/>
                     <ns11:ATTRIBUTE13/>
                     <ns11:ATTRIBUTE14/>
                     <ns11:ATTRIBUTE15/>
                     <ns11:ATTRIBUTE16/>
                     <ns11:ATTRIBUTE17/>
                     <ns11:ATTRIBUTE18/>
                     <ns11:ATTRIBUTE19/>
                     <ns11:ATTRIBUTE20/>
                  </ns11:KFFITEM>
               </ns11:CustomPurchaseOrderLineUserArea>
            </ns11:UserArea>
         </ns11:PurchaseOrderLine>
      </ns1:CreatePurchaseOrder>
   </ns1:DataArea>
</ns1:CreatePurchaseOrderEBM>
