<?xml version = '1.0' encoding = 'UTF-8'?>
<BPELSuitcase>
   <BPELProcess id="ETH_BPEL_PO_PM_InputService" src="ETH_BPEL_PO_PM_InputService.bpel">
      <partnerLinkBindings>
         <partnerLinkBinding name="ETH_DEQ_AQ_PO_PM">
            <property name="wsdlLocation">ETH_DEQ_AQ_PO_PM.wsdl</property>
         </partnerLinkBinding>
         <partnerLinkBinding name="ETH_DBSEL_ItemKey">
            <property name="wsdlLocation">ETH_DBSEL_ItemKey.wsdl</property>
            <property name="retryInterval">60</property>
         </partnerLinkBinding>
         <partnerLinkBinding name="ETH_DBSP_CompleteActivity">
            <property name="wsdlLocation">ETH_DBSP_CompleteActivity.wsdl</property>
            <property name="retryInterval">60</property>
         </partnerLinkBinding>
         <partnerLinkBinding name="ETH_ENQJMS_ChangePO">
            <property name="wsdlLocation">ETH_ENQJMS_ChangePO.wsdl</property>
            <property name="retryInterval">60</property>
         </partnerLinkBinding>
         <partnerLinkBinding name="ETH_ENQJMS_ProcessPO">
            <property name="wsdlLocation">ETH_ENQJMS_ProcessPO.wsdl</property>
            <property name="retryInterval">60</property>
         </partnerLinkBinding>
      </partnerLinkBindings>
      <activationAgents>
         <activationAgent className="oracle.tip.adapter.fw.agent.jca.JCAActivationAgent" partnerLink="ETH_DEQ_AQ_PO_PM">
            <property name="AQ_BETSY_CONN">eis/AQ/ETH_PMGNT</property>
            <property name="portType">Dequeue_ptt</property>
            <property name="CORRELATION_ID">ETHPO</property>
         </activationAgent>
      </activationAgents>
   </BPELProcess>
</BPELSuitcase>
