<?xml version = '1.0' encoding = 'UTF-8'?>
<graphics>
   <outliner outliner_mode="false"/>
   <partnerlink_locations>
      <partnerlink name="ETH_DEQ_AQ_PO_PM" x="0" y="96" side="left" image="aq_adapter_palette.png"/>
      <partnerlink name="ETH_ENQJMS_ChangePO" x="0" y="1422" side="left" image="jms_adapter_palette.png"/>
      <partnerlink name="ETH_DBSEL_ItemKey" x="1030" y="320" side="right" image="db_adapter_palette.png"/>
      <partnerlink name="ETH_DBSP_CompleteActivity" x="1030" y="671" side="right" image="db_adapter_palette.png"/>
      <partnerlink name="ETH_ENQJMS_ProcessPO" x="1030" y="1422" side="right" image="jms_adapter_palette.png"/>
   </partnerlink_locations>
   <diagram popupeditor="false" fixed_width_swimlanes="true" rounded_partnerlinks="true" centerzoom="true" validateonload="true" confirmbeforedelete="true" SELECTED_PARTNERLINK_COLOR="0,0,153" SWIMLANE_BACKGROUND="240,240,240" SWIMLANE_DIVIDER_BACKGROUND="218,218,218" GRAPH_BACKGROUND="255,255,255" SELECTED_BORDER_BACKGROUND="0,153,153" CONNECTED_PARTNERLINK_COLOR="204,204,255" CONNECTABLE_PARTNERLINK_COLOR="0,0,255" UNCONNECTED_PARTNERLINK_COLOR="192,192,192"/>
   <graph_layout save_collapse_state="yes" viewport="0,1301,1199,376" show_swimlanes="true">
      <layout_item collapsed="false" xpath="/process/process" type="Process" showhandlers="true"/>
      <layout_item collapsed="false" xpath="/process/sequence" type="Sequence"/>
      <layout_item collapsed="false" xpath="/process/sequence/switch[1]" type="Switch"/>
      <layout_item collapsed="false" xpath="/process/sequence/switch[1]/case" type="Case"/>
      <layout_item collapsed="false" xpath="/process/sequence/switch[1]/case/sequence" type="Sequence"/>
      <layout_item collapsed="false" xpath="/process/sequence/switch[1]/otherwise" type="Default"/>
      <layout_item collapsed="false" xpath="/process/sequence/switch[2]" type="Switch"/>
      <layout_item collapsed="false" xpath="/process/sequence/switch[2]/case[1]" type="Case"/>
      <layout_item collapsed="false" xpath="/process/sequence/switch[2]/case[1]/sequence" type="Sequence"/>
      <layout_item collapsed="false" xpath="/process/sequence/switch[2]/case[2]" type="Case"/>
      <layout_item collapsed="false" xpath="/process/sequence/switch[2]/case[2]/sequence" type="Sequence"/>
      <layout_item collapsed="false" xpath="/process/sequence/switch[2]/otherwise" type="Default"/>
   </graph_layout>
   <iconize assign="no" invoke="no" receive="no" reply="no" transform="no" terminate="no" wait="no" compensate="no" empty="no" java_embed="no" throw="no" validate="no" dropzones="no" sequences="no" scopes="no" picks="no" whiles="no" flows="no" optimize="no"/>
   <bookmarks/>
</graphics>
