<?xml version="1.0" encoding="UTF-8"?>
<process name="JMS_DEQUEUE_BPEL" targetNamespace="http://xmlns.oracle.com/Sarah_Mappings/JMS_DEQUEUE/JMS_DEQUEUE_BPEL" xmlns="http://schemas.xmlsoap.org/ws/2003/03/business-process/" xmlns:client="http://xmlns.oracle.com/Sarah_Mappings/JMS_DEQUEUE/JMS_DEQUEUE_BPEL" xmlns:ora="http://schemas.oracle.com/xpath/extension" xmlns:bpws="http://schemas.xmlsoap.org/ws/2003/03/business-process/" xmlns:ns1="http://xmlns.oracle.com/pcbpel/adapter/jms/Sarah_Mappings/JMS_DEQUEUE/JMS_DEQUEUE_DIST" xmlns:bpelx="http://schemas.oracle.com/bpel/extension" id="BpPrc0">

  <!-- 
    ////////////////////////////////////////////////////////////////////////////////////////////////////////////////////////////////////////////////////////
     ORCHESTRATION LOGIC                                               
     Set of activities coordinating the flow of messages across the    
     services integrated within this business process                  
    ////////////////////////////////////////////////////////////////////////////////////////////////////////////////////////////////////////////////////////
  -->
  <partnerLinks>
    <partnerLink name="JMS_DEQUEUE_DIST" partnerLinkType="ns1:Consume_Message_plt" myRole="Consume_Message_role"/>
  </partnerLinks>
  <variables>
    <variable name="Receive1_Consume_Message_InputVariable" messageType="ns1:Consume_Message_msg"/>
  </variables>
  <sequence name="main" id="BpSeq0">
    <receive name="Receive1" createInstance="yes" variable="Receive1_Consume_Message_InputVariable" partnerLink="JMS_DEQUEUE_DIST" portType="ns1:Consume_Message_ptt" operation="Consume_Message" id="BpRcv0"/>
  </sequence>
</process><!--
////////////////////////////////////////////////////////////////////////////////////////////////////////////////////////////////////////////////////////
  Oracle JDeveloper BPEL Designer 
  
  Created: Sun Sep 04 18:08:45 GMT+05:30 2011
  Author:  idhami
  Type: BPEL 1.1 Process
  Purpose: Empty BPEL Process
////////////////////////////////////////////////////////////////////////////////////////////////////////////////////////////////////////////////////////
-->