<?xml version = '1.0' encoding = 'UTF-8'?>
<ebo:AcknowledgePurchaseOrderEBM xmlns:ebo="http://xmlns.oracle.com/EnterpriseObjects/Manufacturing/EBO/AcknowledgePurchaseOrder/Emerson" releaseID="9.0">
   <corecom:EBMHeader xmlns:corecom="http://xmlns.oracle.com/EnterpriseObjects/Core/Common/V2">
      <corecom:Sender>
         <corecom:ID>EMR629</corecom:ID>
      </corecom:Sender>
      <corecom:Custom>
         <ns6:ApplicationArea xmlns:ns6="http://schemas.emerson.com/eth/customEBMHeader">
            <ns6:Sender>
               <ns6:LogicalID>EMR999</ns6:LogicalID>
               <ns6:ComponentID>ACKNOWLEDGE</ns6:ComponentID>
               <ns6:TaskID>PO</ns6:TaskID>
               <ns6:ReferenceID>370959789-4614</ns6:ReferenceID>
               <ns6:ConfirmationCode>N</ns6:ConfirmationCode>
               <ns6:AuthorizationID>APPS</ns6:AuthorizationID>
            </ns6:Sender>
            <ns6:CreationDateTime>2011-05-02T18:48:00.0000+00:00</ns6:CreationDateTime>
            <ns6:UserArea>
               <ns6:CustomAcknowledgementUserArea>
                  <ns6:CustomAcknowledgementApplicationAreaUserArea>
                     <ns6:SystemID>EMR999</ns6:SystemID>
                  </ns6:CustomAcknowledgementApplicationAreaUserArea>
               </ns6:CustomAcknowledgementUserArea>
            </ns6:UserArea>
         </ns6:ApplicationArea>
      </corecom:Custom>
   </corecom:EBMHeader>
   <ebo:DataArea>
      <corecom:Acknowledge xmlns:corecom="http://xmlns.oracle.com/EnterpriseObjects/Core/Common/V2">
         <ns12:OriginalApplicationArea xmlns:ns12="http://www.openapplications.org/oagis/9">
            <ns12:Sender>
               <ns12:LogicalID/>
               <ns12:ComponentID>PURCHASING</ns12:ComponentID>
               <ns12:TaskID>POISSUE</ns12:TaskID>
               <ns12:ReferenceID/>
               <ns12:ConfirmationCode>N</ns12:ConfirmationCode>
               <ns12:AuthorizationID>APPS</ns12:AuthorizationID>
            </ns12:Sender>
            <ns11:CreationDateTime xmlns:ns11="http://xmlns.oracle.com/EnterpriseServices/Manufacturing/EBO/AAcknowledgePurchaseOrder/Emerson">2011-04-29T00:00:00.0000+00:00</ns11:CreationDateTime>
            <ns12:UserArea>
               <ns12:CustomAcknowledgementUserArea>
                  <ns12:CustomAcknowledgementApplicationAreaUserArea>
                     <ns12:SystemID>EMERSON</ns12:SystemID>
                  </ns12:CustomAcknowledgementApplicationAreaUserArea>
               </ns12:CustomAcknowledgementUserArea>
            </ns12:UserArea>
         </ns12:OriginalApplicationArea>
      </corecom:Acknowledge>
      <ebo:AcknowledgePurchaseOrder>
         <ns12:PurchaseOrderHeader xmlns:ns12="http://www.openapplications.org/oagis/9">
            <ns12:DocumentID>
               <ns12:ID>501LBR363428</ns12:ID>
               <ns12:VariationID>STANDARD</ns12:VariationID>
            </ns12:DocumentID>
            <ns12:DocumentDateTime>2011-04-29T00:00:00.0000+00:00</ns12:DocumentDateTime>
            <ns12:Note author="EDI Version Number 5020">EMR999855V1.0</ns12:Note>
            <ns12:DocumentReference type="ACKNOWLEDGEMENT">
               <ns12:DocumentID>
                  <ns12:ID/>
               </ns12:DocumentID>
               <ns12:DocumentDateTime>2011-05-02T00:00:00.0000+00:00</ns12:DocumentDateTime>
            </ns12:DocumentReference>
            <ns12:Status>
               <ns12:Code name="ACKNOWLEDGECODE">ACCEPTED</ns12:Code>
            </ns12:Status>
            <ns12:SupplierParty>
               <ns12:PartyIDs>
                  <ns12:ID>501V00036296</ns12:ID>
               </ns12:PartyIDs>
               <ns12:Name>HUNEIDIEDI</ns12:Name>
               <ns12:Location>
                  <ns12:ID/>
                  <ns12:Address>
                     <ns12:AddressLine sequence="1">2001 THEURER BLVD</ns12:AddressLine>
                     <ns12:AddressLine sequence="2"/>
                     <ns12:AddressLine sequence="3"/>
                     <ns12:AddressLine sequence="4"/>
                     <ns12:CityName>WINONA</ns12:CityName>
                     <ns12:CountrySubDivisionCode/>
                     <ns12:CountryCode>US</ns12:CountryCode>
                     <ns12:PostalCode>55987</ns12:PostalCode>
                  </ns12:Address>
               </ns12:Location>
               <ns12:Contact>
                  <ns12:Name>HUNEIDIEDI BRANCH: WTOH</ns12:Name>
                  <ns12:Communication>
                     <ns12:ChannelCode>TELEPHONE</ns12:ChannelCode>
                     <ns12:Text/>
                  </ns12:Communication>
                  <ns12:Communication>
                     <ns12:ChannelCode>FAX</ns12:ChannelCode>
                     <ns12:Text>6.14351e+009</ns12:Text>
                  </ns12:Communication>
               </ns12:Contact>
            </ns12:SupplierParty>
            <ns12:OrderDateTime>2011-04-29T00:00:00.0000+00:00</ns12:OrderDateTime>
            <ns12:ReleaseNumber/>
            <ns12:UserArea>
               <ns12:CustomAcknowledgementUserArea>
                  <ns12:CustomAckPurchaseOrderHeaderUserArea>
                     <ns12:SystemID>EMR501</ns12:SystemID>
                  </ns12:CustomAckPurchaseOrderHeaderUserArea>
               </ns12:CustomAcknowledgementUserArea>
            </ns12:UserArea>
         </ns12:PurchaseOrderHeader>
         <ns12:PurchaseOrderLine xmlns:ns12="http://www.openapplications.org/oagis/9">
            <ns12:LineNumber>001</ns12:LineNumber>
            <ns12:Status/>
            <ns12:Item>
               <ns12:ItemID>
                  <ns12:ID>S12-1330</ns12:ID>
               </ns12:ItemID>
               <ns12:RevisionID/>
               <ns12:SupplierItemID>
                  <ns12:ID>11115</ns12:ID>
               </ns12:SupplierItemID>
               <ns12:Description>SCREW CAP HX G2 Z 3/8-16 X 3</ns12:Description>
            </ns12:Item>
            <ns12:Quantity unitCode="EA">975</ns12:Quantity>
            <ns12:UnitPrice>
               <ns12:Amount currencyID="USD">92</ns12:Amount>
               <ns12:PerQuantity unitCode="EA">1</ns12:PerQuantity>
            </ns12:UnitPrice>
            <ns12:PurchaseOrderSchedule>
               <ns12:LineNumber>1</ns12:LineNumber>
               <ns12:Quantity unitCode="EA">975</ns12:Quantity>
               <ns12:RequiredDeliveryDateTime>2011-05-10T00:00:00.0000+00:00</ns12:RequiredDeliveryDateTime>
               <ns12:UserArea>
                  <ns12:CustomAcknowledgementUserArea>
                     <ns12:CustomAckPurchaseOrderLineUserArea>
                        <ns12:CustomAckPurchaseOrderScheduleUserArea>
                           <ns12:PromisedShipDateTime>2011-05-10T22:10:40.0000+00:00</ns12:PromisedShipDateTime>
                           <ns12:ShipFromParty>
                              <ns12:PartyIDs>
                                 <ns12:ID>ZZ</ns12:ID>
                              </ns12:PartyIDs>
                              <ns12:Name>FASTENAL001</ns12:Name>
                              <ns12:Location>
                                 <ns12:ID/>
                                 <ns12:Address>
                                    <ns12:AddressLine sequence="1">1201 S HOUK RD001</ns12:AddressLine>
                                    <ns12:AddressLine sequence="2"/>
                                    <ns12:AddressLine sequence="3"/>
                                    <ns12:AddressLine sequence="4"/>
                                    <ns12:CityName>DELAWARE001</ns12:CityName>
                                    <ns12:CountrySubDivisionCode/>
                                    <ns12:CountryCode>US001</ns12:CountryCode>
                                    <ns12:PostalCode>43015001</ns12:PostalCode>
                                 </ns12:Address>
                              </ns12:Location>
                              <ns12:Contact>
                                 <ns12:Name/>
                              </ns12:Contact>
                           </ns12:ShipFromParty>
                           <ns12:ShipToParty>
                              <ns12:PartyIDs>
                                 <ns12:ID>ZZ</ns12:ID>
                              </ns12:PartyIDs>
                              <ns12:Name>LIEBERT CORPORATION</ns12:Name>
                              <ns12:Location>
                                 <ns12:ID/>
                                 <ns12:Address>
                                    <ns12:AddressLine sequence="1">1201 S HOUK RD</ns12:AddressLine>
                                    <ns12:AddressLine sequence="2"/>
                                    <ns12:AddressLine sequence="3"/>
                                    <ns12:AddressLine sequence="4"/>
                                    <ns12:CityName>DELAWARE</ns12:CityName>
                                    <ns12:CountrySubDivisionCode/>
                                    <ns12:CountryCode>US</ns12:CountryCode>
                                    <ns12:PostalCode>43015</ns12:PostalCode>
                                 </ns12:Address>
                              </ns12:Location>
                              <ns12:Contact>
                                 <ns12:Name/>
                              </ns12:Contact>
                           </ns12:ShipToParty>
                        </ns12:CustomAckPurchaseOrderScheduleUserArea>
                     </ns12:CustomAckPurchaseOrderLineUserArea>
                  </ns12:CustomAcknowledgementUserArea>
               </ns12:UserArea>
            </ns12:PurchaseOrderSchedule>
         </ns12:PurchaseOrderLine>
         <ns12:PurchaseOrderLine xmlns:ns12="http://www.openapplications.org/oagis/9">
            <ns12:LineNumber>002</ns12:LineNumber>
            <ns12:Status/>
            <ns12:Item>
               <ns12:ItemID>
                  <ns12:ID>09-02GN0Z-17</ns12:ID>
               </ns12:ItemID>
               <ns12:RevisionID/>
               <ns12:SupplierItemID>
                  <ns12:ID>10818-00664</ns12:ID>
               </ns12:SupplierItemID>
               <ns12:Description>BOLT CARRIAGE M10-1.5 X 60 ZP</ns12:Description>
            </ns12:Item>
            <ns12:Quantity unitCode="EA">200</ns12:Quantity>
            <ns12:UnitPrice>
               <ns12:Amount currencyID="USD">1.919</ns12:Amount>
               <ns12:PerQuantity unitCode="EA">1</ns12:PerQuantity>
            </ns12:UnitPrice>
            <ns12:PurchaseOrderSchedule>
               <ns12:LineNumber>1</ns12:LineNumber>
               <ns12:Quantity unitCode="EA">200</ns12:Quantity>
               <ns12:RequiredDeliveryDateTime>2011-06-16T00:00:00.0000+00:00</ns12:RequiredDeliveryDateTime>
               <ns12:UserArea>
                  <ns12:CustomAcknowledgementUserArea>
                     <ns12:CustomAckPurchaseOrderLineUserArea>
                        <ns12:CustomAckPurchaseOrderScheduleUserArea>
                           <ns12:PromisedShipDateTime>2011-06-16T22:10:40.0000+00:00</ns12:PromisedShipDateTime>
                           <ns12:ShipFromParty>
                              <ns12:PartyIDs>
                                 <ns12:ID>ZZ</ns12:ID>
                              </ns12:PartyIDs>
                              <ns12:Name>FASTENAL002</ns12:Name>
                              <ns12:Location>
                                 <ns12:ID/>
                                 <ns12:Address>
                                    <ns12:AddressLine sequence="1">1201 S HOUK RD002</ns12:AddressLine>
                                    <ns12:AddressLine sequence="2"/>
                                    <ns12:AddressLine sequence="3"/>
                                    <ns12:AddressLine sequence="4"/>
                                    <ns12:CityName>DELAWARE002</ns12:CityName>
                                    <ns12:CountrySubDivisionCode/>
                                    <ns12:CountryCode>US002</ns12:CountryCode>
                                    <ns12:PostalCode>43015002</ns12:PostalCode>
                                 </ns12:Address>
                              </ns12:Location>
                              <ns12:Contact>
                                 <ns12:Name/>
                              </ns12:Contact>
                           </ns12:ShipFromParty>
                           <ns12:ShipToParty>
                              <ns12:PartyIDs>
                                 <ns12:ID>ZZ</ns12:ID>
                              </ns12:PartyIDs>
                              <ns12:Name>LIEBERT CORPORATION</ns12:Name>
                              <ns12:Location>
                                 <ns12:ID/>
                                 <ns12:Address>
                                    <ns12:AddressLine sequence="1">1201 S HOUK RD</ns12:AddressLine>
                                    <ns12:AddressLine sequence="2"/>
                                    <ns12:AddressLine sequence="3"/>
                                    <ns12:AddressLine sequence="4"/>
                                    <ns12:CityName>DELAWARE</ns12:CityName>
                                    <ns12:CountrySubDivisionCode/>
                                    <ns12:CountryCode>US</ns12:CountryCode>
                                    <ns12:PostalCode>43015</ns12:PostalCode>
                                 </ns12:Address>
                              </ns12:Location>
                              <ns12:Contact>
                                 <ns12:Name/>
                              </ns12:Contact>
                           </ns12:ShipToParty>
                        </ns12:CustomAckPurchaseOrderScheduleUserArea>
                     </ns12:CustomAckPurchaseOrderLineUserArea>
                  </ns12:CustomAcknowledgementUserArea>
               </ns12:UserArea>
            </ns12:PurchaseOrderSchedule>
         </ns12:PurchaseOrderLine>
         <ns12:PurchaseOrderLine xmlns:ns12="http://www.openapplications.org/oagis/9">
            <ns12:LineNumber>003</ns12:LineNumber>
            <ns12:Status/>
            <ns12:Item>
               <ns12:ItemID>
                  <ns12:ID>10-33MJ59Z-53</ns12:ID>
               </ns12:ItemID>
               <ns12:RevisionID/>
               <ns12:SupplierItemID>
                  <ns12:ID>10818-00497</ns12:ID>
               </ns12:SupplierItemID>
               <ns12:Description>STUD SC STEEL M6X1X8MM ZP</ns12:Description>
            </ns12:Item>
            <ns12:Quantity unitCode="EA">1000</ns12:Quantity>
            <ns12:UnitPrice>
               <ns12:Amount currencyID="USD">1.161</ns12:Amount>
               <ns12:PerQuantity unitCode="EA">1</ns12:PerQuantity>
            </ns12:UnitPrice>
            <ns12:PurchaseOrderSchedule>
               <ns12:LineNumber>1</ns12:LineNumber>
               <ns12:Quantity unitCode="EA">1000</ns12:Quantity>
               <ns12:RequiredDeliveryDateTime>2011-06-09T00:00:00.0000+00:00</ns12:RequiredDeliveryDateTime>
               <ns12:UserArea>
                  <ns12:CustomAcknowledgementUserArea>
                     <ns12:CustomAckPurchaseOrderLineUserArea>
                        <ns12:CustomAckPurchaseOrderScheduleUserArea>
                           <ns12:PromisedShipDateTime>2011-06-09T22:10:40.0000+00:00</ns12:PromisedShipDateTime>
                           <ns12:ShipFromParty>
                              <ns12:PartyIDs>
                                 <ns12:ID>ZZ</ns12:ID>
                              </ns12:PartyIDs>
                              <ns12:Name>FASTENAL003</ns12:Name>
                              <ns12:Location>
                                 <ns12:ID/>
                                 <ns12:Address>
                                    <ns12:AddressLine sequence="1">1201 S HOUK RD003</ns12:AddressLine>
                                    <ns12:AddressLine sequence="2"/>
                                    <ns12:AddressLine sequence="3"/>
                                    <ns12:AddressLine sequence="4"/>
                                    <ns12:CityName>DELAWARE003</ns12:CityName>
                                    <ns12:CountrySubDivisionCode/>
                                    <ns12:CountryCode>US003</ns12:CountryCode>
                                    <ns12:PostalCode>43015003</ns12:PostalCode>
                                 </ns12:Address>
                              </ns12:Location>
                              <ns12:Contact>
                                 <ns12:Name/>
                              </ns12:Contact>
                           </ns12:ShipFromParty>
                           <ns12:ShipToParty>
                              <ns12:PartyIDs>
                                 <ns12:ID>ZZ</ns12:ID>
                              </ns12:PartyIDs>
                              <ns12:Name>LIEBERT CORPORATION</ns12:Name>
                              <ns12:Location>
                                 <ns12:ID/>
                                 <ns12:Address>
                                    <ns12:AddressLine sequence="1">1201 S HOUK RD</ns12:AddressLine>
                                    <ns12:AddressLine sequence="2"/>
                                    <ns12:AddressLine sequence="3"/>
                                    <ns12:AddressLine sequence="4"/>
                                    <ns12:CityName>DELAWARE</ns12:CityName>
                                    <ns12:CountrySubDivisionCode/>
                                    <ns12:CountryCode>US</ns12:CountryCode>
                                    <ns12:PostalCode>43015</ns12:PostalCode>
                                 </ns12:Address>
                              </ns12:Location>
                              <ns12:Contact>
                                 <ns12:Name/>
                              </ns12:Contact>
                           </ns12:ShipToParty>
                        </ns12:CustomAckPurchaseOrderScheduleUserArea>
                     </ns12:CustomAckPurchaseOrderLineUserArea>
                  </ns12:CustomAcknowledgementUserArea>
               </ns12:UserArea>
            </ns12:PurchaseOrderSchedule>
         </ns12:PurchaseOrderLine>
      </ebo:AcknowledgePurchaseOrder>
   </ebo:DataArea>
</ebo:AcknowledgePurchaseOrderEBM>
