<?xml version = '1.0' encoding = 'UTF-8'?>
<metadata>
   <system name="DefaultSystem" guid="96DD76C0971311DABF1A87858E4395A7" qname="DefaultSystem" status="ENABLED">
      <versionInfo>
         <ID>1139232135202</ID>
         <lastModifiedTime>Thu Jun 29 21:00:55 GMT+05:30 2006</lastModifiedTime>
         <lastModifiedUser>JDev</lastModifiedUser>
      </versionInfo>
   </system>
   <system name="ETHSys_IntegrationServices" guid="17966820F82E11DDBFE65184CC52E945" qname="ETHSys_IntegrationServices" status="ENABLED">
      <versionInfo>
         <ID>1244825629926</ID>
         <lastModifiedTime>Fri Jun 12 22:23:49 GMT+05:30 2009</lastModifiedTime>
         <lastModifiedUser>JDev_Dhami2_ETH_ESB_ProcessPurchaseOrder</lastModifiedUser>
      </versionInfo>
      <serviceGroup name="ETHSysGrp_ProcessPurchaseOrder" guid="46F6DAF0F82E11DDBFE65184CC52E945" qname="ETHSys_IntegrationServices.ETHSysGrp_ProcessPurchaseOrder" status="ENABLED">
         <versionInfo>
            <ID>1245869496530</ID>
            <lastModifiedTime>Thu Jun 25 00:21:36 GMT+05:30 2009</lastModifiedTime>
            <lastModifiedUser>JDev_Dhami2_ETH_ESB_ProcessPurchaseOrder</lastModifiedUser>
         </versionInfo>
         <parent guid="17966820F82E11DDBFE65184CC52E945" qname="ETHSys_IntegrationServices" type="system"/>
      </serviceGroup>
   </system>
   <system name="BPELSystem" guid="AC400E815B3F11DEBFB21BB3D92A8AFA" qname="BPELSystem" status="ENABLED">
      <versionInfo>
         <ID>1245243990068</ID>
         <lastModifiedTime>Wed Jun 17 18:36:30 GMT+05:30 2009</lastModifiedTime>
         <lastModifiedUser>oc4jadmin</lastModifiedUser>
      </versionInfo>
      <serviceGroup name="default" guid="AC400E825B3F11DEBFB21BB3D92A8AFA" qname="BPELSystem.default" status="ENABLED">
         <versionInfo>
            <ID>1245243990068</ID>
            <lastModifiedTime>Wed Jun 17 18:36:30 GMT+05:30 2009</lastModifiedTime>
            <lastModifiedUser>oc4jadmin</lastModifiedUser>
         </versionInfo>
         <parent guid="AC400E815B3F11DEBFB21BB3D92A8AFA" qname="BPELSystem" type="system"/>
         <serviceGroup name="Called_BPEL" guid="AC49AB705B3F11DEBFB21BB3D92A8AFA" qname="BPELSystem.default.Called_BPEL" status="ENABLED">
            <versionInfo>
               <ID>1245243990068</ID>
               <lastModifiedTime>Wed Jun 17 18:36:30 GMT+05:30 2009</lastModifiedTime>
               <lastModifiedUser>oc4jadmin</lastModifiedUser>
            </versionInfo>
            <parent guid="AC400E825B3F11DEBFB21BB3D92A8AFA" qname="BPELSystem.default" type="serviceGroup"/>
         </serviceGroup>
         <serviceGroup name="VDST_BPEL_CatalogPricingProvABCS" guid="E9881DA1633211DEBFD7ED4F3F27A39F" qname="BPELSystem.default.VDST_BPEL_CatalogPricingProvABCS" status="ENABLED">
            <versionInfo>
               <ID>1246118118865</ID>
               <lastModifiedTime>Sat Jun 27 21:25:18 GMT+05:30 2009</lastModifiedTime>
               <lastModifiedUser>oc4jadmin</lastModifiedUser>
            </versionInfo>
            <parent guid="AC400E825B3F11DEBFB21BB3D92A8AFA" qname="BPELSystem.default" type="serviceGroup"/>
         </serviceGroup>
         <serviceGroup name="VDST_BPEL_CatalogPricingReqABCS" guid="F8D00620633611DEBFD7ED4F3F27A39F" qname="BPELSystem.default.VDST_BPEL_CatalogPricingReqABCS" status="ENABLED">
            <versionInfo>
               <ID>1246119862396</ID>
               <lastModifiedTime>Sat Jun 27 21:54:22 GMT+05:30 2009</lastModifiedTime>
               <lastModifiedUser>oc4jadmin</lastModifiedUser>
            </versionInfo>
            <parent guid="AC400E825B3F11DEBFB21BB3D92A8AFA" qname="BPELSystem.default" type="serviceGroup"/>
         </serviceGroup>
         <serviceGroup name="VDST_BPEL_CSV_CatalogPricingProvABCS" guid="06FE6F81658411DEBFFD4BED569D28AF" qname="BPELSystem.default.VDST_BPEL_CSV_CatalogPricingProvABCS" status="ENABLED">
            <versionInfo>
               <ID>1246372859575</ID>
               <lastModifiedTime>Tue Jun 30 20:10:59 GMT+05:30 2009</lastModifiedTime>
               <lastModifiedUser>oc4jadmin</lastModifiedUser>
            </versionInfo>
            <parent guid="AC400E825B3F11DEBFB21BB3D92A8AFA" qname="BPELSystem.default" type="serviceGroup"/>
         </serviceGroup>
         <serviceGroup name="VDST_BPEL_ChannelPartnerListReqABCS" guid="032B0D91667A11DE9F5F413449B3CC98" qname="BPELSystem.default.VDST_BPEL_ChannelPartnerListReqABCS" status="ENABLED">
            <versionInfo>
               <ID>1246478509382</ID>
               <lastModifiedTime>Thu Jul 02 01:31:49 GMT+05:30 2009</lastModifiedTime>
               <lastModifiedUser>oc4jadmin</lastModifiedUser>
            </versionInfo>
            <parent guid="AC400E825B3F11DEBFB21BB3D92A8AFA" qname="BPELSystem.default" type="serviceGroup"/>
         </serviceGroup>
         <serviceGroup name="VDST_BPEL_CSV_ChannelPartnerListProvABCS" guid="2AF53F60668611DE9F5F413449B3CC98" qname="BPELSystem.default.VDST_BPEL_CSV_ChannelPartnerListProvABCS" status="ENABLED">
            <versionInfo>
               <ID>1246483730053</ID>
               <lastModifiedTime>Thu Jul 02 02:58:50 GMT+05:30 2009</lastModifiedTime>
               <lastModifiedUser>oc4jadmin</lastModifiedUser>
            </versionInfo>
            <parent guid="AC400E825B3F11DEBFB21BB3D92A8AFA" qname="BPELSystem.default" type="serviceGroup"/>
         </serviceGroup>
         <serviceGroup name="VDST_BPEL_ChannelPartner_PartMapReqABCS" guid="A408792166EB11DEBFB57BEE1B996D9D" qname="BPELSystem.default.VDST_BPEL_ChannelPartner_PartMapReqABCS" status="ENABLED">
            <versionInfo>
               <ID>1246527312946</ID>
               <lastModifiedTime>Thu Jul 02 15:05:12 GMT+05:30 2009</lastModifiedTime>
               <lastModifiedUser>oc4jadmin</lastModifiedUser>
            </versionInfo>
            <parent guid="AC400E825B3F11DEBFB21BB3D92A8AFA" qname="BPELSystem.default" type="serviceGroup"/>
         </serviceGroup>
      </serviceGroup>
   </system>
   <system name="ETHSys_ALICE_InOutSystem" guid="77BE6CA0F99311DDBF5B11CC773907E0" qname="ETHSys_ALICE_InOutSystem" status="ENABLED">
      <versionInfo>
         <ID>1244825248570</ID>
         <lastModifiedTime>Fri Jun 12 22:17:28 GMT+05:30 2009</lastModifiedTime>
         <lastModifiedUser>JDev_Dhami2_ETH_ESB_ALICE_InOutProcess</lastModifiedUser>
      </versionInfo>
   </system>
   <system name="Research1" guid="EDB50C102F0911DEAF3BBFF482BF59EB" qname="Research1" status="ENABLED">
      <versionInfo>
         <ID>1245244044962</ID>
         <lastModifiedTime>Wed Jun 17 18:37:24 GMT+05:30 2009</lastModifiedTime>
         <lastModifiedUser>JDev_Dhami1_Calling_ESB</lastModifiedUser>
      </versionInfo>
   </system>
   <system name="VDSTSys_CatalogPricing" guid="62EFCD51609511DEBF958316DE2D66B2" qname="VDSTSys_CatalogPricing" status="ENABLED">
      <versionInfo>
         <ID>1246010001819</ID>
         <lastModifiedTime>Fri Jun 26 15:23:21 GMT+05:30 2009</lastModifiedTime>
         <lastModifiedUser>JDev_VDSTv1_VDST_ESB_CatalogPricingEBS</lastModifiedUser>
      </versionInfo>
      <serviceGroup name="VDSTSysGrp_CatalogPricing" guid="E4F3CC70609511DEBF958316DE2D66B2" qname="VDSTSys_CatalogPricing.VDSTSysGrp_CatalogPricing" status="ENABLED">
         <versionInfo>
            <ID>1246435100581</ID>
            <lastModifiedTime>Wed Jul 01 13:28:20 GMT+05:30 2009</lastModifiedTime>
            <lastModifiedUser>JDev_VDSTv1_VDST_ESB_CatalogPricingEBS</lastModifiedUser>
         </versionInfo>
         <parent guid="62EFCD51609511DEBF958316DE2D66B2" qname="VDSTSys_CatalogPricing" type="system"/>
      </serviceGroup>
   </system>
   <system name="VDSTSys_ChannelPartner" guid="D5235020667D11DE8F34ADC545AA0A86" qname="VDSTSys_ChannelPartner" status="ENABLED">
      <versionInfo>
         <ID>1246481281710</ID>
         <lastModifiedTime>Thu Jul 02 02:18:01 GMT+05:30 2009</lastModifiedTime>
         <lastModifiedUser>JDev_VDSTv1_VDST_ESB_ChannelPartnerEBS</lastModifiedUser>
      </versionInfo>
      <serviceGroup name="VDSTSysGrp_ChannelPartner" guid="E280CA90667D11DE8F34ADC545AA0A86" qname="VDSTSys_ChannelPartner.VDSTSysGrp_ChannelPartner" status="ENABLED">
         <versionInfo>
            <ID>1246481281710</ID>
            <lastModifiedTime>Thu Jul 02 02:18:01 GMT+05:30 2009</lastModifiedTime>
            <lastModifiedUser>JDev_VDSTv1_VDST_ESB_ChannelPartnerEBS</lastModifiedUser>
         </versionInfo>
         <parent guid="D5235020667D11DE8F34ADC545AA0A86" qname="VDSTSys_ChannelPartner" type="system"/>
      </serviceGroup>
   </system>
   <system name="LBT_StagingDBToVendavoFTP" guid="10782A3098EB11DDBFD2A98E2688A63A" qname="LBT_StagingDBToVendavoFTP" status="ENABLED">
      <versionInfo>
         <ID>1241790362486</ID>
         <lastModifiedTime>Fri May 08 13:46:02 GMT+00:00 2009</lastModifiedTime>
         <lastModifiedUser>JDev_VenPh1_UC65_Prod_LIEBERT_VENDAVO_INTEGRATION_ItemNumberAndCostToFTP_ESB</lastModifiedUser>
      </versionInfo>
      <description/>
      <parameters>
         <parameter name="Host">localhost</parameter>
         <parameter name="Port">8888</parameter>
      </parameters>
      <clusterName>esb</clusterName>
      <deferredQueueName numberOfListeners="1" topicConnectionFactory="OracleASjms/MyXATCF">OracleASjms/ESBDeferredTopic</deferredQueueName>
      <service name="LIEBERT_VENDAVO_INTEGRATION_ENPItemCosts_BPEL" guid="1ED6841033D111DEBFECE3447698DE8B" qname="LBT_StagingDBToVendavoFTP.LIEBERT_VENDAVO_INTEGRATION_ENPItemCosts_BPEL" status="ENABLED" serviceType="ExternalService" typeDescription="External Service" isWSDLEditable="false" soapEndpointStatus="ENABLED" dirty="true">
         <versionInfo>
            <ID>1241790362486</ID>
            <lastModifiedTime>Fri May 08 13:46:02 GMT+00:00 2009</lastModifiedTime>
            <lastModifiedUser>JDev_VenPh1_UC65_Prod_LIEBERT_VENDAVO_INTEGRATION_ItemNumberAndCostToFTP_ESB</lastModifiedUser>
         </versionInfo>
         <parent guid="10782A3098EB11DDBFD2A98E2688A63A" qname="LBT_StagingDBToVendavoFTP" type="system"/>
         <serviceDefinition>
            <wsdlURL>http://soa.emerson.com:8800/orabpel/LiebertServices/LIEBERT_VENDAVO_INTEGRATION_ENPItemCosts_BPEL/1.0/LIEBERT_VENDAVO_INTEGRATION_ENPItemCosts_BPEL?wsdl</wsdlURL>
            <portType xmlns:tns="http://xmlns.oracle.com/LIEBERT_VENDAVO_INTEGRATION_ENPItemCosts_BPEL">tns:LIEBERT_VENDAVO_INTEGRATION_ENPItemCosts_BPEL</portType>
            <endpointDefinition>
               <concreteWSDLURL>/esb/wsil/LBT_StagingDBToVendavoFTP/LIEBERT_VENDAVO_INTEGRATION_ENPItemCosts_BPEL?wsdl</concreteWSDLURL>
               <soapEndpointURI>http://localhost:8888/event/LBT_StagingDBToVendavoFTP/LIEBERT_VENDAVO_INTEGRATION_ENPItemCosts_BPEL</soapEndpointURI>
            </endpointDefinition>
         </serviceDefinition>
         <operations>
            <operationInfo guid="1EE74CF033D111DEBFECE3447698DE8B" qname="LBT_StagingDBToVendavoFTP.LIEBERT_VENDAVO_INTEGRATION_ENPItemCosts_BPEL.initiate" wsdlOperation="initiate" mepDisplayName="One Way" mep="OneWay">
               <request validate="false" element="tns:Root-Element" xmlns:tns="http://TargetNamespace.com/InboundService"/>
            </operationInfo>
         </operations>
      </service>
      <service name="LIEBERT_VENDAVO_INTEGRATION_ItemNumberAndCost_CTL_BPEL" guid="B20AA5F033D011DEBFECE3447698DE8B" qname="LBT_StagingDBToVendavoFTP.LIEBERT_VENDAVO_INTEGRATION_ItemNumberAndCost_CTL_BPEL" status="ENABLED" serviceType="ExternalService" typeDescription="External Service" isWSDLEditable="false" soapEndpointStatus="ENABLED">
         <versionInfo>
            <ID>1241790362486</ID>
            <lastModifiedTime>Fri May 08 13:46:02 GMT+00:00 2009</lastModifiedTime>
            <lastModifiedUser>JDev_VenPh1_UC65_Prod_LIEBERT_VENDAVO_INTEGRATION_ItemNumberAndCostToFTP_ESB</lastModifiedUser>
         </versionInfo>
         <parent guid="10782A3098EB11DDBFD2A98E2688A63A" qname="LBT_StagingDBToVendavoFTP" type="system"/>
         <serviceDefinition>
            <wsdlURL>http://soa.emerson.com:8800/orabpel/LiebertServices/LIEBERT_VENDAVO_INTEGRATION_ItemNumberAndCost_CTL_BPEL/1.0/LIEBERT_VENDAVO_INTEGRATION_ItemNumberAndCost_CTL_BPEL?wsdl</wsdlURL>
            <portType xmlns:tns="http://xmlns.oracle.com/LIEBERT_VENDAVO_INTEGRATION_ItemNumberAndCost_CTL_BPEL">tns:LIEBERT_VENDAVO_INTEGRATION_ItemNumberAndCost_CTL_BPEL</portType>
            <endpointDefinition>
               <concreteWSDLURL>/esb/wsil/LBT_StagingDBToVendavoFTP/LIEBERT_VENDAVO_INTEGRATION_ItemNumberAndCost_CTL_BPEL?wsdl</concreteWSDLURL>
               <soapEndpointURI>http://localhost:8888/event/LBT_StagingDBToVendavoFTP/LIEBERT_VENDAVO_INTEGRATION_ItemNumberAndCost_CTL_BPEL</soapEndpointURI>
            </endpointDefinition>
         </serviceDefinition>
         <operations>
            <operationInfo guid="B22029C033D011DEBFECE3447698DE8B" qname="LBT_StagingDBToVendavoFTP.LIEBERT_VENDAVO_INTEGRATION_ItemNumberAndCost_CTL_BPEL.initiate" wsdlOperation="initiate" mepDisplayName="One Way" mep="OneWay">
               <request validate="false" xmlns:tns="http://TargetNamespace.com/read" element="tns:Root-Element"/>
            </operationInfo>
         </operations>
      </service>
      <service name="LIEBERT_VENDAVO_INTEGRATION_ItemNumber_BPEL" guid="56C838B133D011DEBFECE3447698DE8B" qname="LBT_StagingDBToVendavoFTP.LIEBERT_VENDAVO_INTEGRATION_ItemNumber_BPEL" status="ENABLED" serviceType="ExternalService" typeDescription="External Service" isWSDLEditable="false" soapEndpointStatus="ENABLED">
         <versionInfo>
            <ID>1241790362486</ID>
            <lastModifiedTime>Fri May 08 13:46:02 GMT+00:00 2009</lastModifiedTime>
            <lastModifiedUser>JDev_VenPh1_UC65_Prod_LIEBERT_VENDAVO_INTEGRATION_ItemNumberAndCostToFTP_ESB</lastModifiedUser>
         </versionInfo>
         <parent guid="10782A3098EB11DDBFD2A98E2688A63A" qname="LBT_StagingDBToVendavoFTP" type="system"/>
         <serviceDefinition>
            <wsdlURL>http://soa.emerson.com:8800/orabpel/LiebertServices/LIEBERT_VENDAVO_INTEGRATION_ENPItemNumber_BPEL/1.0/LIEBERT_VENDAVO_INTEGRATION_ENPItemNumber_BPEL?wsdl</wsdlURL>
            <portType xmlns:tns="http://xmlns.oracle.com/LIEBERT_VENDAVO_INTEGRATION_ENPItemNumber_BPEL">tns:LIEBERT_VENDAVO_INTEGRATION_ENPItemNumber_BPEL</portType>
            <endpointDefinition>
               <concreteWSDLURL>/esb/wsil/LBT_StagingDBToVendavoFTP/LIEBERT_VENDAVO_INTEGRATION_ItemNumber_BPEL?wsdl</concreteWSDLURL>
               <soapEndpointURI>http://localhost:8888/event/LBT_StagingDBToVendavoFTP/LIEBERT_VENDAVO_INTEGRATION_ItemNumber_BPEL</soapEndpointURI>
            </endpointDefinition>
         </serviceDefinition>
         <operations>
            <operationInfo guid="56D8DA8033D011DEBFECE3447698DE8B" qname="LBT_StagingDBToVendavoFTP.LIEBERT_VENDAVO_INTEGRATION_ItemNumber_BPEL.initiate" wsdlOperation="initiate" mepDisplayName="One Way" mep="OneWay">
               <request validate="false" xmlns:tns="http://TargetNamespace.com/InboundService" element="tns:Root-Element"/>
            </operationInfo>
         </operations>
      </service>
      <service name="LBT_POLL_ITEM_COST_OUTBOUND" guid="EB17E43134B511DEBFD42BF9B7CB8213" qname="LBT_StagingDBToVendavoFTP.LBT_POLL_ITEM_COST_OUTBOUND" status="ENABLED" serviceType="InboundAdapterService" serviceSubType="DB" typeDescription="oracle.tip.esb.console.servicetype.inbounddbadapterservice" isWSDLEditable="false">
         <versionInfo>
            <ID>1241790362486</ID>
            <lastModifiedTime>Fri May 08 13:46:02 GMT+00:00 2009</lastModifiedTime>
            <lastModifiedUser>JDev_VenPh1_UC65_Prod_LIEBERT_VENDAVO_INTEGRATION_ItemNumberAndCostToFTP_ESB</lastModifiedUser>
         </versionInfo>
         <parent guid="10782A3098EB11DDBFD2A98E2688A63A" qname="LBT_StagingDBToVendavoFTP" type="system"/>
         <invocation>
            <targetService guid="EB1A2E2034B511DEBFD42BF9B7CB8213" qname="LBT_StagingDBToVendavoFTP.LBT_POLL_ITEM_COST_OUTBOUND_RS"/>
            <interface>
               <wsdlURL>LBT_POLL_ITEM_COST_OUTBOUND.wsdl</wsdlURL>
               <portType xmlns:tns="http://xmlns.oracle.com/pcbpel/adapter/db/LBT_POLL_ITEM_COST_OUTBOUND/">tns:LBT_POLL_ITEM_COST_OUTBOUND_ptt</portType>
            </interface>
         </invocation>
         <endpointProperties>
            <property name="PollingInterval" value="600"/>
         </endpointProperties>
      </service>
      <service name="LBT_POLL_ITEM_COST_OUTBOUND_RS" guid="EB1A2E2034B511DEBFD42BF9B7CB8213" qname="LBT_StagingDBToVendavoFTP.LBT_POLL_ITEM_COST_OUTBOUND_RS" status="ENABLED" serviceType="RoutingService" typeDescription="Routing Service" isWSDLEditable="false" soapEndpointStatus="ENABLED" dirty="true">
         <description>This is the Routing Service for Adapter Service LBT_POLL_ITEM_COST_OUTBOUND</description>
         <versionInfo>
            <ID>1241790362486</ID>
            <lastModifiedTime>Fri May 08 13:46:02 GMT+00:00 2009</lastModifiedTime>
            <lastModifiedUser>JDev_VenPh1_UC65_Prod_LIEBERT_VENDAVO_INTEGRATION_ItemNumberAndCostToFTP_ESB</lastModifiedUser>
         </versionInfo>
         <parent guid="10782A3098EB11DDBFD2A98E2688A63A" qname="LBT_StagingDBToVendavoFTP" type="system"/>
         <serviceDefinition>
            <wsdlURL>LBT_POLL_ITEM_COST_OUTBOUND.wsdl</wsdlURL>
            <portType xmlns:tns="http://xmlns.oracle.com/pcbpel/adapter/db/LBT_POLL_ITEM_COST_OUTBOUND/">tns:LBT_POLL_ITEM_COST_OUTBOUND_ptt</portType>
            <endpointDefinition>
               <concreteWSDLURL>/esb/wsil/LBT_StagingDBToVendavoFTP/LBT_POLL_ITEM_COST_OUTBOUND_RS?wsdl</concreteWSDLURL>
               <soapEndpointURI>http://localhost:8888/event/LBT_StagingDBToVendavoFTP/LBT_POLL_ITEM_COST_OUTBOUND_RS</soapEndpointURI>
            </endpointDefinition>
         </serviceDefinition>
         <operations>
            <operationInfo guid="EB1A2E2134B511DEBFD42BF9B7CB8213" qname="LBT_StagingDBToVendavoFTP.LBT_POLL_ITEM_COST_OUTBOUND_RS.receive" wsdlOperation="receive" mepDisplayName="One Way" mep="OneWay">
               <request validate="false" element="tns:ItemCostOutboundCollection" xmlns:tns="http://xmlns.oracle.com/pcbpel/adapter/db/top/LBTPOLLITEMCOSTOUTBOUND"/>
               <routingRules>
                  <routingRule guid="FDAC356034B511DEBFD42BF9B7CB8213" executionType="Immediate" subscriptionType="ANY">
                     <targetOperation guid="BE414E30655511DEAF0905EC33DDE678" qname="LBT_StagingDBToVendavoFTP.LBT_RS_ITEM_NUM_COST_FTP.execute" serviceGUID="BE3EDD31655511DEAF0905EC33DDE678" serviceQName="LBT_StagingDBToVendavoFTP.LBT_RS_ITEM_NUM_COST_FTP" mep="OneWay"/>
                     <transformation>
                        <xslFileURL>ItemCostOutboundCollection_To_SyncItemMaster_3.xsl</xslFileURL>
                     </transformation>
                  </routingRule>
               </routingRules>
            </operationInfo>
         </operations>
      </service>
      <service name="LBT_POLL_ITEM_NUMBER_OUTBOUND" guid="206EECA133F811DEBF9CFFF39D5AEF8D" qname="LBT_StagingDBToVendavoFTP.LBT_POLL_ITEM_NUMBER_OUTBOUND" status="ENABLED" serviceType="InboundAdapterService" serviceSubType="DB" typeDescription="oracle.tip.esb.console.servicetype.inbounddbadapterservice" isWSDLEditable="false">
         <versionInfo>
            <ID>1241790362486</ID>
            <lastModifiedTime>Fri May 08 13:46:02 GMT+00:00 2009</lastModifiedTime>
            <lastModifiedUser>JDev_VenPh1_UC65_Prod_LIEBERT_VENDAVO_INTEGRATION_ItemNumberAndCostToFTP_ESB</lastModifiedUser>
         </versionInfo>
         <parent guid="10782A3098EB11DDBFD2A98E2688A63A" qname="LBT_StagingDBToVendavoFTP" type="system"/>
         <invocation>
            <targetService guid="206EECA233F811DEBF9CFFF39D5AEF8D" qname="LBT_StagingDBToVendavoFTP.LBT_POLL_ITEM_NUMBER_OUTBOUND_RS"/>
            <interface>
               <wsdlURL>LBT_POLL_ITEM_NUMBER_OUTBOUND.wsdl</wsdlURL>
               <portType xmlns:tns="http://xmlns.oracle.com/pcbpel/adapter/db/LBT_POLL_ITEM_NUMBER_OUTBOUND/">tns:LBT_POLL_ITEM_NUMBER_OUTBOUND_ptt</portType>
            </interface>
         </invocation>
         <endpointProperties>
            <property name="PollingInterval" value="600"/>
         </endpointProperties>
      </service>
      <service name="LBT_POLL_ITEM_NUMBER_OUTBOUND_RS" guid="206EECA233F811DEBF9CFFF39D5AEF8D" qname="LBT_StagingDBToVendavoFTP.LBT_POLL_ITEM_NUMBER_OUTBOUND_RS" status="ENABLED" serviceType="RoutingService" typeDescription="Routing Service" isWSDLEditable="false" soapEndpointStatus="ENABLED" dirty="true">
         <description>This is the Routing Service for Adapter Service LBT_POLL_ITEM_NUMBER_OUTBOUND</description>
         <versionInfo>
            <ID>1241790362486</ID>
            <lastModifiedTime>Fri May 08 13:46:02 GMT+00:00 2009</lastModifiedTime>
            <lastModifiedUser>JDev_VenPh1_UC65_Prod_LIEBERT_VENDAVO_INTEGRATION_ItemNumberAndCostToFTP_ESB</lastModifiedUser>
         </versionInfo>
         <parent guid="10782A3098EB11DDBFD2A98E2688A63A" qname="LBT_StagingDBToVendavoFTP" type="system"/>
         <serviceDefinition>
            <wsdlURL>LBT_POLL_ITEM_NUMBER_OUTBOUND.wsdl</wsdlURL>
            <portType xmlns:tns="http://xmlns.oracle.com/pcbpel/adapter/db/LBT_POLL_ITEM_NUMBER_OUTBOUND/">tns:LBT_POLL_ITEM_NUMBER_OUTBOUND_ptt</portType>
            <endpointDefinition>
               <concreteWSDLURL>/esb/wsil/LBT_StagingDBToVendavoFTP/LBT_POLL_ITEM_NUMBER_OUTBOUND_RS?wsdl</concreteWSDLURL>
               <soapEndpointURI>http://localhost:8888/event/LBT_StagingDBToVendavoFTP/LBT_POLL_ITEM_NUMBER_OUTBOUND_RS</soapEndpointURI>
            </endpointDefinition>
         </serviceDefinition>
         <operations>
            <operationInfo guid="206EECA333F811DEBF9CFFF39D5AEF8D" qname="LBT_StagingDBToVendavoFTP.LBT_POLL_ITEM_NUMBER_OUTBOUND_RS.receive" wsdlOperation="receive" mepDisplayName="One Way" mep="OneWay">
               <request validate="false" element="tns:ItemNumberOutboundCollection" xmlns:tns="http://xmlns.oracle.com/pcbpel/adapter/db/top/LBTPOLLITEMNUMBEROUTBOUND"/>
               <routingRules>
                  <routingRule guid="2FE97AB033F811DEBF9CFFF39D5AEF8D" executionType="Immediate" subscriptionType="ANY">
                     <targetOperation guid="BE414E30655511DEAF0905EC33DDE678" qname="LBT_StagingDBToVendavoFTP.LBT_RS_ITEM_NUM_COST_FTP.execute" serviceGUID="BE3EDD31655511DEAF0905EC33DDE678" serviceQName="LBT_StagingDBToVendavoFTP.LBT_RS_ITEM_NUM_COST_FTP" mep="OneWay"/>
                     <transformation>
                        <xslFileURL>ItemNumberOutboundCollection_To_SyncItemMaster.xsl</xslFileURL>
                     </transformation>
                  </routingRule>
               </routingRules>
            </operationInfo>
         </operations>
      </service>
      <service name="LBT_RS_ITEM_NUM_COST_FTP" guid="BE3EDD31655511DEAF0905EC33DDE678" qname="LBT_StagingDBToVendavoFTP.LBT_RS_ITEM_NUM_COST_FTP" serviceType="RoutingService" typeDescription="Routing Service" isWSDLEditable="false" dirty="true" soapEndpointStatus="ENABLED" xmlns:tns="http://oracle.com/esb/namespaces/LBT_StagingDBToVendavoFTP">
         <parent guid="10782A3098EB11DDBFD2A98E2688A63A" qname="LBT_StagingDBToVendavoFTP" type="system"/>
         <serviceDefinition>
            <wsdlURL>LBT_StagingDBToVendavoFTP_LBT_RS_ITEM_NUM_COST_FTP.wsdl</wsdlURL>
            <portType>tns:execute_ppt</portType>
         </serviceDefinition>
         <operations>
            <operationInfo wsdlOperation="execute" guid="BE414E30655511DEAF0905EC33DDE678" mep="OneWay">
               <routingRules>
                  <routingRule guid="9ACA6BC1655B11DEBF1B9139C5691AD4" subscriptionType="ANY" executionType="Immediate">
                     <targetOperation guid="1EE74CF033D111DEBFECE3447698DE8B" qname="LBT_StagingDBToVendavoFTP.LIEBERT_VENDAVO_INTEGRATION_ENPItemCosts_BPEL.initiate" serviceGUID="1ED6841033D111DEBFECE3447698DE8B" serviceQName="LBT_StagingDBToVendavoFTP.LIEBERT_VENDAVO_INTEGRATION_ENPItemCosts_BPEL" mep="OneWay"/>
                     <filterExpression>{/inp1:SyncItemMaster/DataArea/inp1:ItemMaster/inp1:ItemMasterHeader/inp1:Lot/inp1:LotIDs/inp1:ID != ''};{namespace inp1=http://xmlns.oracle.com/pcbpel/adapter/db/top/LBTPOLLITEMCOSTOUTBOUND}</filterExpression>
                     <transformation>
                        <xslFileURL>ItemCostOutboundCollection_To_ItemCostOutboundCollection.xsl</xslFileURL>
                     </transformation>
                  </routingRule>
                  <routingRule guid="DBEFF7E1656611DEBFAE5B93218AAAF6" subscriptionType="ANY" executionType="Immediate">
                     <targetOperation guid="56D8DA8033D011DEBFECE3447698DE8B" qname="LBT_StagingDBToVendavoFTP.LIEBERT_VENDAVO_INTEGRATION_ItemNumber_BPEL.initiate" serviceGUID="56C838B133D011DEBFECE3447698DE8B" serviceQName="LBT_StagingDBToVendavoFTP.LIEBERT_VENDAVO_INTEGRATION_ItemNumber_BPEL" mep="OneWay"/>
                     <filterExpression>{/inp1:SyncItemMaster/DataArea/inp1:ItemMaster/inp1:ItemMasterHeader/inp1:BOMReference/inp1:Item/inp1:ItemID/inp1:ID/@schemeID != ''};{namespace inp1=http://xmlns.oracle.com/pcbpel/adapter/db/top/LBTPOLLITEMCOSTOUTBOUND}</filterExpression>
                  </routingRule>
                  <routingRule guid="EE39AB80656611DEBFAE5B93218AAAF6" subscriptionType="ANY" executionType="Immediate">
                     <targetOperation guid="B22029C033D011DEBFECE3447698DE8B" qname="LBT_StagingDBToVendavoFTP.LIEBERT_VENDAVO_INTEGRATION_ItemNumberAndCost_CTL_BPEL.initiate" serviceGUID="B20AA5F033D011DEBFECE3447698DE8B" serviceQName="LBT_StagingDBToVendavoFTP.LIEBERT_VENDAVO_INTEGRATION_ItemNumberAndCost_CTL_BPEL" mep="OneWay"/>
                     <transformation>
                        <xslFileURL>SyncItemMaster_To_Root_Element_3.xsl</xslFileURL>
                     </transformation>
                  </routingRule>
               </routingRules>
            </operationInfo>
         </operations>
      </service>
   </system>
</metadata>
