<?xml version="1.0" encoding="UTF-8"?>
<toplink:object-persistence version="Oracle TopLink - 10g Release 3 (10.1.3.4.0) (Build 080602)" xmlns:opm="http://xmlns.oracle.com/ias/xsds/opm" xmlns:xsd="http://www.w3.org/2001/XMLSchema" xmlns:toplink="http://xmlns.oracle.com/ias/xsds/toplink" xmlns:xsi="http://www.w3.org/2001/XMLSchema-instance">
   <opm:name>VDST_DBINS_CatalogPricing</opm:name>
   <opm:class-mapping-descriptors>
      <opm:class-mapping-descriptor xsi:type="toplink:relational-class-mapping-descriptor">
         <opm:class>VDSTDBINSCatalogPricing.VdstCatalogPrice</opm:class>
         <opm:alias>VdstCatalogPrice</opm:alias>
         <opm:primary-key>
            <opm:field table="VDST_CATALOG_PRICE" name="VDST_CATALOG_PRICE_UUID" xsi:type="opm:column"/>
         </opm:primary-key>
         <opm:events xsi:type="toplink:event-policy"/>
         <opm:querying xsi:type="toplink:query-policy">
            <opm:queries>
               <opm:query name="findAllVdstCatalogPrice" xsi:type="toplink:read-all-query">
                  <toplink:timeout>0</toplink:timeout>
                  <toplink:reference-class>VDSTDBINSCatalogPricing.VdstCatalogPrice</toplink:reference-class>
                  <toplink:cache-usage>primary-key</toplink:cache-usage>
                  <toplink:lock-mode>none</toplink:lock-mode>
                  <toplink:container xsi:type="toplink:list-container-policy">
                     <toplink:collection-type>java.util.Vector</toplink:collection-type>
                  </toplink:container>
               </opm:query>
            </opm:queries>
            <toplink:does-exist-query xsi:type="toplink:does-exist-query">
               <toplink:existence-check>check-database</toplink:existence-check>
            </toplink:does-exist-query>
         </opm:querying>
         <opm:attribute-mappings>
            <opm:attribute-mapping xsi:type="toplink:direct-mapping">
               <opm:attribute-name>vdstCatalogPriceUuid</opm:attribute-name>
               <opm:field table="VDST_CATALOG_PRICE" name="VDST_CATALOG_PRICE_UUID" xsi:type="opm:column"/>
            </opm:attribute-mapping>
            <opm:attribute-mapping xsi:type="toplink:direct-mapping">
               <opm:attribute-name>senderId</opm:attribute-name>
               <opm:field table="VDST_CATALOG_PRICE" name="SENDER_ID" xsi:type="opm:column"/>
            </opm:attribute-mapping>
            <opm:attribute-mapping xsi:type="toplink:direct-mapping">
               <opm:attribute-name>partNumber</opm:attribute-name>
               <opm:field table="VDST_CATALOG_PRICE" name="PART_NUMBER" xsi:type="opm:column"/>
            </opm:attribute-mapping>
            <opm:attribute-mapping xsi:type="toplink:direct-mapping">
               <opm:attribute-name>partNumberDisplay</opm:attribute-name>
               <opm:field table="VDST_CATALOG_PRICE" name="PART_NUMBER_DISPLAY" xsi:type="opm:column"/>
            </opm:attribute-mapping>
            <opm:attribute-mapping xsi:type="toplink:direct-mapping">
               <opm:attribute-name>shortName</opm:attribute-name>
               <opm:field table="VDST_CATALOG_PRICE" name="SHORT_NAME" xsi:type="opm:column"/>
            </opm:attribute-mapping>
            <opm:attribute-mapping xsi:type="toplink:direct-mapping">
               <opm:attribute-name>longDescription</opm:attribute-name>
               <opm:field table="VDST_CATALOG_PRICE" name="LONG_DESCRIPTION" xsi:type="opm:column"/>
            </opm:attribute-mapping>
            <opm:attribute-mapping xsi:type="toplink:direct-mapping">
               <opm:attribute-name>pkgUomCode</opm:attribute-name>
               <opm:field table="VDST_CATALOG_PRICE" name="PKG_UOM_CODE" xsi:type="opm:column"/>
            </opm:attribute-mapping>
            <opm:attribute-mapping xsi:type="toplink:direct-mapping">
               <opm:attribute-name>unitPerCase</opm:attribute-name>
               <opm:field table="VDST_CATALOG_PRICE" name="UNIT_PER_CASE" xsi:type="opm:column"/>
            </opm:attribute-mapping>
            <opm:attribute-mapping xsi:type="toplink:direct-mapping">
               <opm:attribute-name>weightPerUnit</opm:attribute-name>
               <opm:field table="VDST_CATALOG_PRICE" name="WEIGHT_PER_UNIT" xsi:type="opm:column"/>
            </opm:attribute-mapping>
            <opm:attribute-mapping xsi:type="toplink:direct-mapping">
               <opm:attribute-name>color</opm:attribute-name>
               <opm:field table="VDST_CATALOG_PRICE" name="COLOR" xsi:type="opm:column"/>
            </opm:attribute-mapping>
            <opm:attribute-mapping xsi:type="toplink:direct-mapping">
               <opm:attribute-name>productGrouping</opm:attribute-name>
               <opm:field table="VDST_CATALOG_PRICE" name="PRODUCT_GROUPING" xsi:type="opm:column"/>
            </opm:attribute-mapping>
            <opm:attribute-mapping xsi:type="toplink:direct-mapping">
               <opm:attribute-name>groupingTypeList</opm:attribute-name>
               <opm:field table="VDST_CATALOG_PRICE" name="GROUPING_TYPE_LIST" xsi:type="opm:column"/>
            </opm:attribute-mapping>
            <opm:attribute-mapping xsi:type="toplink:direct-mapping">
               <opm:attribute-name>dimensionUomCode</opm:attribute-name>
               <opm:field table="VDST_CATALOG_PRICE" name="DIMENSION_UOM_CODE" xsi:type="opm:column"/>
            </opm:attribute-mapping>
            <opm:attribute-mapping xsi:type="toplink:direct-mapping">
               <opm:attribute-name>itemHeight</opm:attribute-name>
               <opm:field table="VDST_CATALOG_PRICE" name="ITEM_HEIGHT" xsi:type="opm:column"/>
            </opm:attribute-mapping>
            <opm:attribute-mapping xsi:type="toplink:direct-mapping">
               <opm:attribute-name>itemWidth</opm:attribute-name>
               <opm:field table="VDST_CATALOG_PRICE" name="ITEM_WIDTH" xsi:type="opm:column"/>
            </opm:attribute-mapping>
            <opm:attribute-mapping xsi:type="toplink:direct-mapping">
               <opm:attribute-name>itemDepth</opm:attribute-name>
               <opm:field table="VDST_CATALOG_PRICE" name="ITEM_DEPTH" xsi:type="opm:column"/>
            </opm:attribute-mapping>
            <opm:attribute-mapping xsi:type="toplink:direct-mapping">
               <opm:attribute-name>listPrice</opm:attribute-name>
               <opm:field table="VDST_CATALOG_PRICE" name="LIST_PRICE" xsi:type="opm:column"/>
            </opm:attribute-mapping>
            <opm:attribute-mapping xsi:type="toplink:direct-mapping">
               <opm:attribute-name>catalogNumber</opm:attribute-name>
               <opm:field table="VDST_CATALOG_PRICE" name="CATALOG_NUMBER" xsi:type="opm:column"/>
            </opm:attribute-mapping>
            <opm:attribute-mapping xsi:type="toplink:direct-mapping">
               <opm:attribute-name>drawingName</opm:attribute-name>
               <opm:field table="VDST_CATALOG_PRICE" name="DRAWING_NAME" xsi:type="opm:column"/>
            </opm:attribute-mapping>
            <opm:attribute-mapping xsi:type="toplink:direct-mapping">
               <opm:attribute-name>discontinueFlag</opm:attribute-name>
               <opm:field table="VDST_CATALOG_PRICE" name="DISCONTINUE_FLAG" xsi:type="opm:column"/>
            </opm:attribute-mapping>
            <opm:attribute-mapping xsi:type="toplink:direct-mapping">
               <opm:attribute-name>usedInVdstFlag</opm:attribute-name>
               <opm:field table="VDST_CATALOG_PRICE" name="USED_IN_VDST_FLAG" xsi:type="opm:column"/>
            </opm:attribute-mapping>
            <opm:attribute-mapping xsi:type="toplink:direct-mapping">
               <opm:attribute-name>usedInB2bFlag</opm:attribute-name>
               <opm:field table="VDST_CATALOG_PRICE" name="USED_IN_B2B_FLAG" xsi:type="opm:column"/>
            </opm:attribute-mapping>
            <opm:attribute-mapping xsi:type="toplink:direct-mapping">
               <opm:attribute-name>usedInB2cFlag</opm:attribute-name>
               <opm:field table="VDST_CATALOG_PRICE" name="USED_IN_B2C_FLAG" xsi:type="opm:column"/>
            </opm:attribute-mapping>
            <opm:attribute-mapping xsi:type="toplink:direct-mapping">
               <opm:attribute-name>configurableItemFlag</opm:attribute-name>
               <opm:field table="VDST_CATALOG_PRICE" name="CONFIGURABLE_ITEM_FLAG" xsi:type="opm:column"/>
            </opm:attribute-mapping>
            <opm:attribute-mapping xsi:type="toplink:direct-mapping">
               <opm:attribute-name>catalogImage</opm:attribute-name>
               <opm:field table="VDST_CATALOG_PRICE" name="CATALOG_IMAGE" xsi:type="opm:column"/>
            </opm:attribute-mapping>
            <opm:attribute-mapping xsi:type="toplink:direct-mapping">
               <opm:attribute-name>category</opm:attribute-name>
               <opm:field table="VDST_CATALOG_PRICE" name="CATEGORY" xsi:type="opm:column"/>
            </opm:attribute-mapping>
            <opm:attribute-mapping xsi:type="toplink:direct-mapping">
               <opm:attribute-name>installTime</opm:attribute-name>
               <opm:field table="VDST_CATALOG_PRICE" name="INSTALL_TIME" xsi:type="opm:column"/>
            </opm:attribute-mapping>
            <opm:attribute-mapping xsi:type="toplink:direct-mapping">
               <opm:attribute-name>language</opm:attribute-name>
               <opm:field table="VDST_CATALOG_PRICE" name="LANGUAGE" xsi:type="opm:column"/>
            </opm:attribute-mapping>
            <opm:attribute-mapping xsi:type="toplink:direct-mapping">
               <opm:attribute-name>generatedTimestamp</opm:attribute-name>
               <opm:field table="VDST_CATALOG_PRICE" name="GENERATED_TIMESTAMP" xsi:type="opm:column"/>
            </opm:attribute-mapping>
         </opm:attribute-mappings>
         <toplink:descriptor-type>independent</toplink:descriptor-type>
         <toplink:caching>
            <toplink:cache-type>weak-reference</toplink:cache-type>
            <toplink:always-refresh>true</toplink:always-refresh>
         </toplink:caching>
         <toplink:remote-caching>
            <toplink:cache-type>weak-reference</toplink:cache-type>
         </toplink:remote-caching>
         <toplink:instantiation/>
         <toplink:copying xsi:type="toplink:instantiation-copy-policy"/>
         <toplink:change-policy xsi:type="toplink:deferred-detection-change-policy"/>
         <toplink:tables>
            <toplink:table name="VDST_CATALOG_PRICE"/>
         </toplink:tables>
      </opm:class-mapping-descriptor>
   </opm:class-mapping-descriptors>
   <toplink:login xsi:type="toplink:database-login">
      <toplink:platform-class>oracle.toplink.platform.database.oracle.Oracle10Platform</toplink:platform-class>
      <toplink:user-name>CMC_VDST_IMPORT</toplink:user-name>
      <toplink:password>6672B62098892995C8B651EFDF798A59</toplink:password>
      <toplink:driver-class>oracle.jdbc.OracleDriver</toplink:driver-class>
      <toplink:connection-url>jdbc:oracle:thin:@elshasdb.emrsn.com:20005:elshas5</toplink:connection-url>
   </toplink:login>
</toplink:object-persistence>
