<?xml version="1.0" encoding="UTF-8" ?>
<!-- Generated by Oracle SOA Modeler version 1.0 at [1/21/11 5:10 PM]. -->
<composite name="RND_JMSPublisher"
           revision="1.0"
           label="2011-01-21_17-10-48_175"
           mode="active"
           state="on"
           xmlns="http://xmlns.oracle.com/sca/1.0"
           xmlns:xs="http://www.w3.org/2001/XMLSchema"
           xmlns:wsp="http://schemas.xmlsoap.org/ws/2004/09/policy"
           xmlns:orawsp="http://schemas.oracle.com/ws/2006/01/policy"
           xmlns:ui="http://xmlns.oracle.com/soa/designer/">
  <import namespace="http://services.emerson.com/Dhami_SOA_jws/RND_JMSPublisher/RND_BPEL_JMSPublisher"
          location="RND_BPEL_JMSPublisher.wsdl" importType="wsdl"/>
  <import namespace="http://xmlns.oracle.com/pcbpel/adapter/jms/Dhami-SOA/RND_JMSPublisher/RND_JMS_ENQ_Message"
          location="RND_JMS_ENQ_Message.wsdl" importType="wsdl"/>
  <service name="rnd_bpel_jmspublisher_client_ep"
           ui:wsdlLocation="RND_BPEL_JMSPublisher.wsdl">
    <interface.wsdl interface="http://services.emerson.com/Dhami_SOA_jws/RND_JMSPublisher/RND_BPEL_JMSPublisher#wsdl.interface(RND_BPEL_JMSPublisher)"/>
    <binding.ws port="http://services.emerson.com/Dhami_SOA_jws/RND_JMSPublisher/RND_BPEL_JMSPublisher#wsdl.endpoint(rnd_bpel_jmspublisher_client_ep/RND_BPEL_JMSPublisher_pt)"/>
  </service>
  <component name="RND_BPEL_JMSPublisher">
    <implementation.bpel src="RND_BPEL_JMSPublisher.bpel"/>
  </component>
  <reference name="RND_JMS_ENQ_Message"
             ui:wsdlLocation="RND_JMS_ENQ_Message.wsdl">
    <interface.wsdl interface="http://xmlns.oracle.com/pcbpel/adapter/jms/Dhami-SOA/RND_JMSPublisher/RND_JMS_ENQ_Message#wsdl.interface(Produce_ETHMessage_ptt)"/>
    <binding.jca config="RND_JMS_ENQ_Message_jms.jca"/>
  </reference>
  <wire>
    <source.uri>rnd_bpel_jmspublisher_client_ep</source.uri>
    <target.uri>RND_BPEL_JMSPublisher/rnd_bpel_jmspublisher_client</target.uri>
  </wire>
  <wire>
    <source.uri>RND_BPEL_JMSPublisher/RND_JMS_ENQ_Message</source.uri>
    <target.uri>RND_JMS_ENQ_Message</target.uri>
  </wire>
</composite>
