<?xml version="1.0" encoding="UTF-8" ?>
<!-- Generated by Oracle SOA Modeler version 1.0 at [6/8/11 6:59 PM]. -->
<composite name="ReadFileRejectSrvc"
           revision="1.0"
           label="2011-06-08_18-59-24_787"
           mode="active"
           state="on"
           xmlns="http://xmlns.oracle.com/sca/1.0"
           xmlns:xs="http://www.w3.org/2001/XMLSchema"
           xmlns:wsp="http://schemas.xmlsoap.org/ws/2004/09/policy"
           xmlns:orawsp="http://schemas.oracle.com/ws/2006/01/policy"
           xmlns:ui="http://xmlns.oracle.com/soa/designer/">
  <import namespace="http://xmlns.oracle.com/pcbpel/adapter/file/testAppl/ReadFileRejectSrvc/ReadFile"
          location="ReadFile.wsdl" importType="wsdl"/>
  <service name="ReadFile" ui:wsdlLocation="ReadFile.wsdl">
    <interface.wsdl interface="http://xmlns.oracle.com/pcbpel/adapter/file/testAppl/ReadFileRejectSrvc/ReadFile#wsdl.interface(Read_ptt)"/>
    <binding.jca config="ReadFile_file.jca"/>
  </service>
  <component name="BPELProcess1" version="1.1">
    <implementation.bpel src="BPELProcess1.bpel"/>
  </component>
  <wire>
    <source.uri>ReadFile</source.uri>
    <target.uri>BPELProcess1/ReadFile</target.uri>
  </wire>
</composite>
