<soa-xpath-functions version="11.1.1" xmlns="http://xmlns.oracle.com/soa/config/xpath" xmlns:ethCustomXSLT="http://www.oracle.com/XSL/Transform/java/com.emerson.eth3.customXSLT.ETHCustomXSLTExtension"> 
  <function name="ethCustomXSLT:getEDIDate">
    <className>com.emerson.eth3.customXSLT.ETHCustomXSLTExtension</className>
    <return type="string"/>
    <params>
      <param name="canonicalDateTime" type="string"/>
      <param name="defaultResponse" type="string"/>
    </params>
    <desc><![CDATA[  /*
   * This function will get canonical Date Time in format - 2011-04-01T09:39:44.0000+00:00
   * And will return back just the Date in format - 20110401
   * 
   * @param canonicalDateTime - format CCYY-MM-DDTHH:mm:ss.SSSS+TT:TT
   * @param defaultResponse - any string. If any issue in processing the request, function will return this value.
   * @return EDI Date in CCYYMMDD
   */]]></desc>
    <detail>
      <![CDATA[  /*
   * This function will get canonical Date Time in format - 2011-04-01T09:39:44.0000+00:00
   * And will return back just the Date in format - 20110401
   * 
   * @param canonicalDateTime - format CCYY-MM-DDTHH:mm:ss.SSSS+TT:TT
   * @param defaultResponse - any string. If any issue in processing the request, function will return this value.
   * @return EDI Date in CCYYMMDD
   */]]>
    </detail>
  </function>
  <function name="ethCustomXSLT:split">
    <className>com.emerson.eth3.customXSLT.ETHCustomXSLTExtension</className>
    <return type="string"/>
    <params>
      <param name="inputString" type="string"/>
      <param name="splitCharacter" type="string"/>
      <param name="returnIndex" type="number"/>
      <param name="defaultResponse" type="string"/>
    </params>
    <desc><![CDATA[  /*
   * This Function will split the inputString passed using the splitCharacter and will return the [returnIndex-1]th value.
   * Value of returnIndex passed would be from 1 to inputstring.length
   * 
   * @param inputString - format CCYY-MM-DDTHH:mm:ss.SSSS+TT:TT
   * @param splitCharacter - a string on base of that <code>inputString</code> will be split.
   * @param returnIndex - number starting from 1 upto total length of <code>inputString</code>
   * @param defaultResponse - any string. If any issue in processing the request, function will return this value.
   * @return string containing [returnIndex-1]th split part
   */]]></desc>
    <detail>
      <![CDATA[  /*
   * This Function will split the inputString passed using the splitCharacter and will return the [returnIndex-1]th value.
   * Value of returnIndex passed would be from 1 to inputstring.length
   * 
   * @param inputString - format CCYY-MM-DDTHH:mm:ss.SSSS+TT:TT
   * @param splitCharacter - a string on base of that <code>inputString</code> will be split.
   * @param returnIndex - number starting from 1 upto total length of <code>inputString</code>
   * @param defaultResponse - any string. If any issue in processing the request, function will return this value.
   * @return string containing [returnIndex-1]th split part
   */]]>
    </detail>
  </function>
   <function name="ethCustomXSLT:ethParameterLookup">
    <className>com.emerson.eth3.customXSLT.ETHCustomXSLTExtension</className>
    <return type="string"/>
    <params>
      <param name="dataSourceJNDI" type="string"/>
      <param name="jdbcURL" type="string"/>
      <param name="useDataSourceFlag" type="string"/>
      <param name="soa_caller_name" type="string"/>
      <param name="soa_instance_id" type="string"/>
      <param name="searchType" type="string"/>
      <param name="lookupValue" type="string"/>
    </params>
    <desc><![CDATA[  /*
   * This Function will be used to call the ETH DB-Lookup (ETH_GET_PARAMETERVALUES_PKG.ETH_GET_PARAMETERVALUES_PRC) Procedure.
   * 
   * @param dataSourceJNDI - This will be the JNDI for the Datasource of database.
   * @param jdbcURL - This will be the JDBC URL in format - jdbc:oracle:thin:@<DB_HOST_NAME>:<DB_PORT_NUMBER>:<SID> <Username> <Password>
   * @useDataSource - This is a string flag. if 'true' it will use dataSource to get Connection else it will use the JDBCUrl to get the Connection.
   * @param splitCharacter - a string on base of that <code>inputString</code> will be split.
   * @param returnIndex - number starting from 1 upto total length of <code>inputString</code>
   * @param defaultResponse - any string. If any issue in processing the request, function will return this value.
   * @return string containing [returnIndex-1]th split part
   */]]></desc>
    <detail>
      <![CDATA[  /*
   * This Function will be used to call the ETH DB-Lookup (ETH_GET_PARAMETERVALUES_PKG.ETH_GET_PARAMETERVALUES_PRC) Procedure.
   * 
   * @param dataSourceJNDI - This will be the JNDI for the Datasource of database.
   * @param jdbcURL - This will be the JDBC URL in format - jdbc:oracle:thin:@<DB_HOST_NAME>:<DB_PORT_NUMBER>:<SID> <Username> <Password>
   * @useDataSource - This is a string flag. if 'true' it will use dataSource to get Connection else it will use the JDBCUrl to get the Connection.
   * @param splitCharacter - a string on base of that <code>inputString</code> will be split.
   * @param returnIndex - number starting from 1 upto total length of <code>inputString</code>
   * @param defaultResponse - any string. If any issue in processing the request, function will return this value.
   * @return string containing [returnIndex-1]th split part
   */]]>
    </detail>
  </function>
  <function name="ethCustomXSLT:lengthCheck">
    <className>com.emerson.eth3.customXSLT.ETHCustomXSLTExtension</className>
    <return type="number"/>
    <params>
      <param name="input" type="string"/>
      <param name="minLength" type="number"/>
      <param name="maxlength" type="number"/>
      <param name="defaultResponse" type="number"/>
    </params>
    <desc><![CDATA[  /*
   * This function is used to check the length of <code>input</code>.
   * It will return ZERO, if the length of input is between or equal any of minLength and maxLength.
   * It will return the difference in negative if length is less than minLength.
   * It will return the difference in positive if length is more than maxLength.
   * 
   * @param input - String whose length has to be checked
   * @param minLength - Integer containing below threshold
   * @param maxLength - Integer containing above threshold
   * @param defaultResponse - Integer Response which will be returned if some error occurs.
   * 
   * @return Integer containing 0(ZERO) or a positive/negative number
   */]]></desc>
    <detail>
      <![CDATA[  /*
   * This function is used to check the length of <code>input</code>.
   * It will return ZERO, if the length of input is between or equal any of minLength and maxLength.
   * It will return the difference in negative if length is less than minLength.
   * It will return the difference in positive if length is more than maxLength.
   * 
   * @param input - String whose length has to be checked
   * @param minLength - Integer containing below threshold
   * @param maxLength - Integer containing above threshold
   * @param defaultResponse - Integer Response which will be returned if some error occurs.
   * 
   * @return Integer containing 0(ZERO) or a positive/negative number
   */]]>
    </detail>
  </function>
  <function name="ethCustomXSLT:formatValue">
    <className>com.emerson.eth3.customXSLT.ETHCustomXSLTExtension</className>
    <return type="string"/>
    <params>
      <param name="input" type="string"/>
      <param name="minLength" type="number"/>
      <param name="maxlength" type="number"/>
      <param name="strictCheck" type="number"/>
      <param name="shortValue" type="string"/>
      <param name="defaultResponse" type="string"/>
    </params>
    <desc><![CDATA[  /*
   * This function is used to evaluate a String value on base of its length abd conditionally return values.
   * If the inputValue String length falls in-between or equals minLength or maxLength, then inputValue will be returned as it is.
   * If the inputValu is larger than maxLength then it is trim to (maxLength-1)
   * If the inputValue is shorter than minLength then shortValue is returned.
   * If there is any kind of error while processing, then defaultResponse is returned
   * 
   * @param inputValue - String to be evaluated
   * @param minLength - below threshold
   * @param maxLength - above threshold
   * @strictCheck - Integer value pass 0(ZERO) or 1(ONE). if strictCheck is ON, i.e. its ONE. shortValue will be returned for below or above threshold case.
   * @shortValue - Value to be used if string is smaller than minLength
   * @defaultResponse - String returned incase of an unexpected error.
   * 
   * @return String containing final formatted Value.
   */]]></desc>
    <detail>
      <![CDATA[  /*
   * This function is used to evaluate a String value on base of its length abd conditionally return values.
   * If the inputValue String length falls in-between or equals minLength or maxLength, then inputValue will be returned as it is.
   * If the inputValu is larger than maxLength then it is trim to (maxLength-1)
   * If the inputValue is shorter than minLength then shortValue is returned.
   * If there is any kind of error while processing, then defaultResponse is returned
   * 
   * @param inputValue - String to be evaluated
   * @param minLength - below threshold
   * @param maxLength - above threshold
   * @strictCheck - Integer value pass 0(ZERO) or 1(ONE). if strictCheck is ON, i.e. its ONE. shortValue will be returned for below or above threshold case.
   * @shortValue - Value to be used if string is smaller than minLength
   * @defaultResponse - String returned incase of an unexpected error.
   * 
   * @return String containing final formatted Value.
   */]]>
    </detail>
  </function>
</soa-xpath-functions>