<?xml version="1.0" encoding="UTF-8" ?>
<!-- Generated by Oracle SOA Modeler version 1.0 at [6/24/11 7:30 PM]. -->
<composite name="ETH_EMR240_EventProducer"
           revision="1.0"
           label="2011-06-24_19-30-46_048"
           mode="active"
           state="on"
           xmlns="http://xmlns.oracle.com/sca/1.0"
           xmlns:xs="http://www.w3.org/2001/XMLSchema"
           xmlns:wsp="http://schemas.xmlsoap.org/ws/2004/09/policy"
           xmlns:orawsp="http://schemas.oracle.com/ws/2006/01/policy"
           xmlns:ui="http://xmlns.oracle.com/soa/designer/">
  <import namespace="http://schema.emerson.com/eth/events/edl/Event_TransactionSubmission"
          location="Event_TransactionSubmission.edl" importType="edl"/>
  <import namespace="http://xmlns.oracle.com/EventProducer/ETH_EMR240_EventProducer/ETH_BPEL2_EMR240_EventProducer"
          location="ETH_BPEL2_EMR240_EventProducer.wsdl" importType="wsdl"/>
  <service name="eth_bpel2_emr240_eventproducer_client_ep"
           ui:wsdlLocation="ETH_BPEL2_EMR240_EventProducer.wsdl">
    <interface.wsdl interface="http://xmlns.oracle.com/EventProducer/ETH_EMR240_EventProducer/ETH_BPEL2_EMR240_EventProducer#wsdl.interface(ETH_BPEL2_EMR240_EventProducer)"/>
    <binding.ws port="http://xmlns.oracle.com/EventProducer/ETH_EMR240_EventProducer/ETH_BPEL2_EMR240_EventProducer#wsdl.endpoint(eth_bpel2_emr240_eventproducer_client_ep/ETH_BPEL2_EMR240_EventProducer_pt)"/>
  </service>
  <component name="ETH_Mediator2_EMR240_EventProducer">
    <implementation.mediator src="ETH_Mediator2_EMR240_EventProducer.mplan"/>
    <business-events>
      <publishes xmlns:pub1="http://schema.emerson.com/eth/events/edl/Event_TransactionSubmission"
                 name="pub1:EMR240_TransactionSubmission1"/>
    </business-events>
  </component>
  <component name="ETH_BPEL2_EMR240_EventProducer" version="1.1">
    <implementation.bpel src="ETH_BPEL2_EMR240_EventProducer.bpel"/>
  </component>
  <wire>
    <source.uri>eth_bpel2_emr240_eventproducer_client_ep</source.uri>
    <target.uri>ETH_BPEL2_EMR240_EventProducer/eth_bpel2_emr240_eventproducer_client</target.uri>
  </wire>
  <wire>
    <source.uri>ETH_BPEL2_EMR240_EventProducer/ETH_Mediator2_EMR240_EventProducer.ETH_Mediator2_EMR240_EventProducer</source.uri>
    <target.uri>ETH_Mediator2_EMR240_EventProducer/ETH_Mediator2_EMR240_EventProducer</target.uri>
  </wire>
</composite>
