<?xml version = '1.0' encoding = 'UTF-8'?>
<ns1:UpdatePurchaseOrderEBM xmlns:aia="http://www.oracle.com/XSL/Transform/java/oracle.apps.aia.core.xpath.AIAFunctions" xmlns:ns1="http://xmlns.oracle.com/EnterpriseObjects/Manufacturing/EBO/PurchaseOrder/Emerson">
   <ns12:EBMHeader xmlns:ns12="http://xmlns.oracle.com/EnterpriseObjects/Core/Common/V2">
      <ns12:Sender>
         <ns12:ID>EMR240</ns12:ID>
      </ns12:Sender>
      <ns12:Custom>
         <ns11:ApplicationArea xmlns:ns11="http://www.openapplications.org/oagis/9">
            <ns11:Sender>
               <ns11:LogicalID>LEROY SOMER</ns11:LogicalID>
               <ns11:ComponentID/>
               <ns11:TaskID/>
               <ns11:ReferenceID/>
               <ns11:ConfirmationCode/>
               <ns11:AuthorizationID/>
            </ns11:Sender>
            <ns11:CreationDateTime>--T::.:</ns11:CreationDateTime>
         </ns11:ApplicationArea>
      </ns12:Custom>
   </ns12:EBMHeader>
   <ns1:DataArea>
      <ns12:Update xmlns:ns12="http://xmlns.oracle.com/EnterpriseObjects/Core/Common/V2"/>
      <ns1:UpdatePurchaseOrder>
         <ns11:PurchaseOrderHeader xmlns:ns11="http://www.openapplications.org/oagis/9">
            <ns11:DocumentID>
               <ns11:ID/>
               <ns11:RevisionID>0</ns11:RevisionID>
               <ns11:VariationID/>
            </ns11:DocumentID>
            <ns11:Description/>
            <ns11:ContractReference>
               <ns11:DocumentID>
                  <ns11:ID/>
               </ns11:DocumentID>
            </ns11:ContractReference>
            <ns11:TransportationTerm>
               <ns11:IncotermsCode/>
               <ns11:PlaceOfOwnershipTransferLocation>
                  <ns11:Description/>
               </ns11:PlaceOfOwnershipTransferLocation>
               <ns11:FreightTermCode/>
            </ns11:TransportationTerm>
            <ns11:PaymentTerm>
               <ns11:Term>
                  <ns11:ID/>
                  <ns11:Description/>
               </ns11:Term>
            </ns11:PaymentTerm>
            <ns11:ReleaseNumber/>
            <ns11:UserArea>
               <ns11:CustomPurchaseOrderHeaderUserArea>
                  <ns11:BUYERID/>
                  <ns11:REVISIONNUM/>
                  <ns11:CONFIRM>N</ns11:CONFIRM>
               </ns11:CustomPurchaseOrderHeaderUserArea>
            </ns11:UserArea>
         </ns11:PurchaseOrderHeader>
      </ns1:UpdatePurchaseOrder>
   </ns1:DataArea>
</ns1:UpdatePurchaseOrderEBM>
