<?xml version = '1.0' encoding = 'UTF-8'?>
<ns0:Outfile xmlns:ns0="http://schema.emerson.com/out" xmlns:xsi="http://www.w3.org/2001/XMLSchema-instance" xsi:schemaLocation="http://schema.emerson.com/out file:/D:/oracle/SOA11G/weblogic/Jdev/jdeveloper/mywork/Sarah_Mappings/ForeignCharacter_Issue/xsd/OutFile.xsd">
   <ns0:Line>
      <ns0:Value1>Inder</ns0:Value1>
      <ns0:Value2>COLUMN22</ns0:Value2>
      <ns0:Value3>COLUMN33</ns0:Value3>
   </ns0:Line>
   <ns0:Line>
      <ns0:Value1>Aman</ns0:Value1>
      <ns0:Value2>COLUMN25</ns0:Value2>
      <ns0:Value3>COLUMN36</ns0:Value3>
   </ns0:Line>
   <ns0:Line>
      <ns0:Value1>Bacha</ns0:Value1>
      <ns0:Value2>COLUMN28</ns0:Value2>
      <ns0:Value3>COLUMN39</ns0:Value3>
   </ns0:Line>
</ns0:Outfile>
