<?xml version="1.0" encoding="UTF-8" ?>
<Root-Element xmlns:xsi="http://www.w3.org/2001/XMLSchema-instance" xsi:schemaLocation="http://schema.emerson.com/FL_GET_ForeignCharacter file:/D:/oracle/SOA11G/weblogic/Jdev/jdeveloper/mywork/Sarah_Mappings/ForeignCharacter_Issue/xsd/ForeignChar_1.xsd" xmlns="http://schema.emerson.com/FL_GET_ForeignCharacter">
   <Line>
      <COLUMN1>Inder</COLUMN1>
      <COLUMN2>COLUMN22</COLUMN2>
      <COLUMN3>COLUMN33</COLUMN3>
   </Line>
   <Line>
      <COLUMN1>Aman</COLUMN1>
      <COLUMN2>COLUMN25</COLUMN2>
      <COLUMN3>COLUMN36</COLUMN3>
   </Line>
   <Line>
      <COLUMN1>Bacha</COLUMN1>
      <COLUMN2>COLUMN28</COLUMN2>
      <COLUMN3>COLUMN39</COLUMN3>
   </Line>
</Root-Element>
