<?xml version = '1.0' encoding = 'UTF-8'?>
<ns1:UpdatePurchaseOrderEBM xmlns:aia="http://www.oracle.com/XSL/Transform/java/oracle.apps.aia.core.xpath.AIAFunctions" xmlns:ns1="http://xmlns.oracle.com/EnterpriseObjects/Manufacturing/EBO/PurchaseOrder/Emerson">
   <ns12:EBMHeader xmlns:ns12="http://xmlns.oracle.com/EnterpriseObjects/Core/Common/V2">
      <ns12:Sender>
         <ns12:ID>EMR240</ns12:ID>
      </ns12:Sender>
      <ns12:Custom>
         <ns11:ApplicationArea xmlns:ns11="http://www.openapplications.org/oagis/9">
            <ns11:Sender>
               <ns11:LogicalID>LEROY SOMER</ns11:LogicalID>
               <ns11:ComponentID>PURCHASING</ns11:ComponentID>
               <ns11:TaskID>POISSUE</ns11:TaskID>
               <ns11:ReferenceID>SARAH.DEV.EMRSN.ORG:oracle.apps.po.event.xmlpo:248573-327708</ns11:ReferenceID>
               <ns11:ConfirmationCode>N</ns11:ConfirmationCode>
               <ns11:AuthorizationID>APPS</ns11:AuthorizationID>
            </ns11:Sender>
            <ns11:CreationDateTime>2011-03-01T23:32:31.0000+00:00</ns11:CreationDateTime>
         </ns11:ApplicationArea>
      </ns12:Custom>
   </ns12:EBMHeader>
   <ns1:DataArea>
      <ns12:Update xmlns:ns12="http://xmlns.oracle.com/EnterpriseObjects/Core/Common/V2" responseCode="N"/>
      <ns1:UpdatePurchaseOrder>
         <ns11:PurchaseOrderHeader xmlns:ns11="http://www.openapplications.org/oagis/9">
            <ns11:DocumentID>
               <ns11:ID>240001209412</ns11:ID>
               <ns11:RevisionID>0</ns11:RevisionID>
               <ns11:VariationID>STANDARD</ns11:VariationID>
            </ns11:DocumentID>
            <ns11:DocumentDateTime>2011-02-22T19:00:50.0000+00:00</ns11:DocumentDateTime>
            <ns11:Description/>
            <ns11:Note author="1"/>
            <ns11:SupplierParty>
               <ns11:PartyIDs>
                  <ns11:ID>2400002148</ns11:ID>
                  <ns11:TaxID/>
                  <ns11:DUNSID/>
               </ns11:PartyIDs>
               <ns11:Name/>
               <ns11:Location>
                  <ns11:ID>82-2400002148-000</ns11:ID>
                  <ns11:Address>
                     <ns11:ID>FORT WAYNE</ns11:ID>
                     <ns11:AddressLine sequence="1">3600 East Pontiac St</ns11:AddressLine>
                     <ns11:AddressLine sequence="2">PO Box 6128</ns11:AddressLine>
                     <ns11:AddressLine sequence="3"/>
                     <ns11:CitySubDivisionName/>
                     <ns11:CityName>Fort Wayne</ns11:CityName>
                     <ns11:CountrySubDivisionCode>IN</ns11:CountrySubDivisionCode>
                     <ns11:CountryCode>US</ns11:CountryCode>
                     <ns11:PostalCode>46896-0128</ns11:PostalCode>
                     <ns11:UserArea>
                        <ns11:CustomPurchaseOrderHeaderUserArea>
                           <ns11:CustomPartnerUserArea>
                              <ns11:CustomPartnerAddressUserArea>
                                 <ns11:Telephone sequence="1"> 260-421-5487</ns11:Telephone>
                                 <ns11:Fax sequence="1">260-421-5503</ns11:Fax>
                                 <ns11:URI/>
                                 <ns11:DFFVENDORSITE>
                                    <ns11:ATTRIBUTE1>696300111</ns11:ATTRIBUTE1>
                                    <ns11:ATTRIBUTE2/>
                                    <ns11:ATTRIBUTE3/>
                                    <ns11:ATTRIBUTE4/>
                                    <ns11:ATTRIBUTE5/>
                                    <ns11:ATTRIBUTE6/>
                                    <ns11:ATTRIBUTE7/>
                                    <ns11:ATTRIBUTE8/>
                                    <ns11:ATTRIBUTE9/>
                                    <ns11:ATTRIBUTE10/>
                                    <ns11:ATTRIBUTE11/>
                                    <ns11:ATTRIBUTE12/>
                                    <ns11:ATTRIBUTE13/>
                                    <ns11:ATTRIBUTE14>3973</ns11:ATTRIBUTE14>
                                    <ns11:ATTRIBUTE15>4420</ns11:ATTRIBUTE15>
                                    <ns11:ATTRIBUTE16/>
                                 </ns11:DFFVENDORSITE>
                              </ns11:CustomPartnerAddressUserArea>
                           </ns11:CustomPartnerUserArea>
                        </ns11:CustomPurchaseOrderHeaderUserArea>
                     </ns11:UserArea>
                  </ns11:Address>
               </ns11:Location>
               <ns11:Contact>
                  <ns11:Name/>
                  <ns11:Communication>
                     <ns11:ChannelCode>EMAIL</ns11:ChannelCode>
                     <ns11:Text/>
                  </ns11:Communication>
               </ns11:Contact>
               <ns11:UserArea>
                  <ns11:CustomPurchaseOrderHeaderUserArea>
                     <ns11:CustomPartnerUserArea>
                        <ns11:DFFVENDOR>
                           <ns11:ATTRIBUTE1>696300111</ns11:ATTRIBUTE1>
                           <ns11:ATTRIBUTE2/>
                           <ns11:ATTRIBUTE3/>
                           <ns11:ATTRIBUTE4/>
                           <ns11:ATTRIBUTE5/>
                           <ns11:ATTRIBUTE6/>
                           <ns11:ATTRIBUTE7/>
                           <ns11:ATTRIBUTE8/>
                           <ns11:ATTRIBUTE9/>
                           <ns11:ATTRIBUTE10/>
                           <ns11:ATTRIBUTE11/>
                           <ns11:ATTRIBUTE12/>
                           <ns11:ATTRIBUTE13/>
                           <ns11:ATTRIBUTE14/>
                           <ns11:ATTRIBUTE15>3973</ns11:ATTRIBUTE15>
                           <ns11:ATTRIBUTE16>LSNA</ns11:ATTRIBUTE16>
                        </ns11:DFFVENDOR>
                        <ns11:CUSTOMERNUM/>
                     </ns11:CustomPartnerUserArea>
                  </ns11:CustomPurchaseOrderHeaderUserArea>
               </ns11:UserArea>
            </ns11:SupplierParty>
            <ns11:ContractReference>
               <ns11:DocumentID>
                  <ns11:ID/>
               </ns11:DocumentID>
            </ns11:ContractReference>
            <ns11:ExtendedAmount currencyID="USD">102584.87</ns11:ExtendedAmount>
            <ns11:BillToParty>
               <ns11:PartyIDs>
                  <ns11:ID>82</ns11:ID>
                  <ns11:TaxID/>
                  <ns11:DUNSID/>
               </ns11:PartyIDs>
               <ns11:Name/>
               <ns11:Location>
                  <ns11:ID/>
                  <ns11:Address>
                     <ns11:CitySubDivisionName/>
                     <ns11:CityName/>
                     <ns11:CountrySubDivisionCode/>
                     <ns11:CountryCode/>
                     <ns11:PostalCode/>
                     <ns11:UserArea>
                        <ns11:CustomPurchaseOrderHeaderUserArea>
                           <ns11:CustomPartnerUserArea>
                              <ns11:CustomPartnerAddressUserArea>
                                 <ns11:URI/>
                              </ns11:CustomPartnerAddressUserArea>
                           </ns11:CustomPartnerUserArea>
                        </ns11:CustomPurchaseOrderHeaderUserArea>
                     </ns11:UserArea>
                  </ns11:Address>
               </ns11:Location>
               <ns11:UserArea>
                  <ns11:CustomPurchaseOrderHeaderUserArea>
                     <ns11:CustomPartnerUserArea>
                        <ns11:CUSTOMERNUM/>
                     </ns11:CustomPartnerUserArea>
                  </ns11:CustomPurchaseOrderHeaderUserArea>
               </ns11:UserArea>
            </ns11:BillToParty>
            <ns11:CarrierParty>
               <ns11:PartyIDs>
                  <ns11:ID/>
                  <ns11:TaxID/>
                  <ns11:DUNSID/>
               </ns11:PartyIDs>
               <ns11:Name/>
               <ns11:Location>
                  <ns11:ID>UNASSIGNED</ns11:ID>
                  <ns11:Address>
                     <ns11:CitySubDivisionName/>
                     <ns11:CityName/>
                     <ns11:CountrySubDivisionCode/>
                     <ns11:CountryCode/>
                     <ns11:PostalCode/>
                     <ns11:UserArea>
                        <ns11:CustomPurchaseOrderHeaderUserArea>
                           <ns11:CustomPartnerUserArea>
                              <ns11:CustomPartnerAddressUserArea>
                                 <ns11:URI/>
                              </ns11:CustomPartnerAddressUserArea>
                           </ns11:CustomPartnerUserArea>
                        </ns11:CustomPurchaseOrderHeaderUserArea>
                     </ns11:UserArea>
                  </ns11:Address>
               </ns11:Location>
               <ns11:UserArea>
                  <ns11:CustomPurchaseOrderHeaderUserArea>
                     <ns11:CustomPartnerUserArea>
                        <ns11:CUSTOMERNUM/>
                     </ns11:CustomPartnerUserArea>
                  </ns11:CustomPurchaseOrderHeaderUserArea>
               </ns11:UserArea>
            </ns11:CarrierParty>
            <ns11:TransportationTerm>
               <ns11:IncotermsCode>Shipping Point</ns11:IncotermsCode>
               <ns11:PlaceOfOwnershipTransferLocation>
                  <ns11:Description>Shipping Point</ns11:Description>
               </ns11:PlaceOfOwnershipTransferLocation>
               <ns11:FreightTermCode>COLLECT</ns11:FreightTermCode>
            </ns11:TransportationTerm>
            <ns11:PaymentTerm>
               <ns11:Term>
                  <ns11:ID>N65</ns11:ID>
                  <ns11:Description>NET 65</ns11:Description>
               </ns11:Term>
            </ns11:PaymentTerm>
            <ns11:BuyerParty>
               <ns11:PartyIDs>
                  <ns11:ID>82</ns11:ID>
                  <ns11:TaxID/>
                  <ns11:DUNSID/>
               </ns11:PartyIDs>
               <ns11:Location>
                  <ns11:ID/>
                  <ns11:Address>
                     <ns11:CitySubDivisionName/>
                     <ns11:CityName/>
                     <ns11:CountrySubDivisionCode/>
                     <ns11:CountryCode/>
                     <ns11:PostalCode/>
                     <ns11:UserArea>
                        <ns11:CustomPurchaseOrderHeaderUserArea>
                           <ns11:CustomPartnerUserArea>
                              <ns11:CustomPartnerAddressUserArea>
                                 <ns11:URI/>
                              </ns11:CustomPartnerAddressUserArea>
                           </ns11:CustomPartnerUserArea>
                        </ns11:CustomPurchaseOrderHeaderUserArea>
                     </ns11:UserArea>
                  </ns11:Address>
               </ns11:Location>
               <ns11:CustomerAccountID/>
               <ns11:BuyerContact>
                  <ns11:Name>EVANS, MS. VIRGINIA</ns11:Name>
                  <ns11:JobTitle/>
               </ns11:BuyerContact>
               <ns11:UserArea>
                  <ns11:CustomPurchaseOrderHeaderUserArea>
                     <ns11:CustomPartnerUserArea>
                        <ns11:CUSTOMERNUM/>
                     </ns11:CustomPartnerUserArea>
                  </ns11:CustomPurchaseOrderHeaderUserArea>
               </ns11:UserArea>
            </ns11:BuyerParty>
            <ns11:ReleaseNumber/>
            <ns11:UserArea>
               <ns11:CustomPurchaseOrderHeaderUserArea>
                  <ns11:BUYERID>EVANS, MS. VIRGINIA</ns11:BUYERID>
                  <ns11:REVISIONNUM/>
                  <ns11:EXCHRATE/>
                  <ns11:ExchangeRateDate>2011-02-22</ns11:ExchangeRateDate>
                  <ns11:CONFIRM>N</ns11:CONFIRM>
                  <ns11:SHIPPINGCONTROL/>
                  <ns11:DOCSTYLE>Standard Purchase Order</ns11:DOCSTYLE>
                  <ns11:DFFPOHEADER>
                     <ns11:ATTRIBUTE1/>
                     <ns11:ATTRIBUTE2/>
                     <ns11:ATTRIBUTE3/>
                     <ns11:ATTRIBUTE4/>
                     <ns11:ATTRIBUTE5/>
                     <ns11:ATTRIBUTE6/>
                     <ns11:ATTRIBUTE7/>
                     <ns11:ATTRIBUTE8/>
                     <ns11:ATTRIBUTE9/>
                     <ns11:ATTRIBUTE10/>
                     <ns11:ATTRIBUTE11/>
                     <ns11:ATTRIBUTE12/>
                     <ns11:ATTRIBUTE13/>
                     <ns11:ATTRIBUTE14/>
                     <ns11:ATTRIBUTE15/>
                     <ns11:ATTRIBUTE16/>
                  </ns11:DFFPOHEADER>
               </ns11:CustomPurchaseOrderHeaderUserArea>
            </ns11:UserArea>
         </ns11:PurchaseOrderHeader>
         <ns11:PurchaseOrderLine xmlns:ns11="http://www.openapplications.org/oagis/9">
            <ns11:LineNumber>2</ns11:LineNumber>
            <ns11:Description>MAGWIRE CU RD #14</ns11:Description>
            <ns11:Note author=""/>
            <ns11:Status>
               <ns11:Code>OPEN</ns11:Code>
            </ns11:Status>
            <ns11:Item>
               <ns11:ItemID>
                  <ns11:ID>GCU14000</ns11:ID>
                  <ns11:RevisionID/>
               </ns11:ItemID>
               <ns11:SupplierItemID>
                  <ns11:ID/>
               </ns11:SupplierItemID>
               <ns11:HazardousMaterial>
                  <ns11:ID>8544.11.0050</ns11:ID>
               </ns11:HazardousMaterial>
            </ns11:Item>
            <ns11:Quantity unitCode="LB">4200</ns11:Quantity>
            <ns11:UnitPrice>
               <ns11:Amount currencyID="LB">4.703</ns11:Amount>
            </ns11:UnitPrice>
            <ns11:PurchaseOrderSchedule>
               <ns11:LineNumber>1</ns11:LineNumber>
               <ns11:Quantity>4200</ns11:Quantity>
               <ns11:RequiredDeliveryDateTime>2011-03-03T00:00:00.0000+00:00</ns11:RequiredDeliveryDateTime>
               <ns11:UserArea>
                  <ns11:CustomPurchaseOrderLineUserArea>
                     <ns11:CustomPurchaseOrderLineScheduleUserArea>
                        <ns11:PromisedShipDateTime>2011-03-03T00:00:00.0000+00:00</ns11:PromisedShipDateTime>
                        <ns11:ApprovalDateTime>2011-03-03T00:00:00.0000+00:00</ns11:ApprovalDateTime>
                        <ns11:UnitAmount>4.703</ns11:UnitAmount>
                        <ns11:PRICEOVRRD/>
                        <ns11:TAXABLE>N</ns11:TAXABLE>
                        <ns11:TAXCODE/>
                        <ns11:ShipToParty>
                           <ns11:PartyIDs>
                              <ns11:ID>82</ns11:ID>
                              <ns11:TaxID/>
                              <ns11:DUNSID/>
                           </ns11:PartyIDs>
                           <ns11:Name/>
                           <ns11:Location>
                              <ns11:ID>LEXINGTON</ns11:ID>
                              <ns11:Address>
                                 <ns11:ID/>
                                 <ns11:AddressLine sequence="1">669 NATCHEZ TRACE DRIVE</ns11:AddressLine>
                                 <ns11:AddressLine sequence="2"/>
                                 <ns11:AddressLine sequence="3"/>
                                 <ns11:CitySubDivisionName>HENDERSON</ns11:CitySubDivisionName>
                                 <ns11:CityName>LEXINGTON</ns11:CityName>
                                 <ns11:CountrySubDivisionCode>TN</ns11:CountrySubDivisionCode>
                                 <ns11:CountryCode>US</ns11:CountryCode>
                                 <ns11:PostalCode>38351</ns11:PostalCode>
                                 <ns11:UserArea>
                                    <ns11:CustomPurchaseOrderHeaderUserArea>
                                       <ns11:CustomPartnerUserArea>
                                          <ns11:CustomPartnerAddressUserArea>
                                             <ns11:Telephone sequence="1">+1 (731) 967-3000</ns11:Telephone>
                                             <ns11:Telephone sequence="2"/>
                                             <ns11:Telephone sequence="3"/>
                                             <ns11:Fax sequence="1"/>
                                             <ns11:URI/>
                                          </ns11:CustomPartnerAddressUserArea>
                                       </ns11:CustomPartnerUserArea>
                                    </ns11:CustomPurchaseOrderHeaderUserArea>
                                 </ns11:UserArea>
                              </ns11:Address>
                           </ns11:Location>
                           <ns11:Contact>
                              <ns11:Name/>
                              <ns11:Communication>
                                 <ns11:ChannelCode>EMAIL</ns11:ChannelCode>
                                 <ns11:Text/>
                              </ns11:Communication>
                           </ns11:Contact>
                           <ns11:UserArea>
                              <ns11:CustomPurchaseOrderHeaderUserArea>
                                 <ns11:CustomPartnerUserArea>
                                    <ns11:CUSTOMERNUM/>
                                 </ns11:CustomPartnerUserArea>
                              </ns11:CustomPurchaseOrderHeaderUserArea>
                           </ns11:UserArea>
                        </ns11:ShipToParty>
                        <ns11:DropShipmentIndicator>N</ns11:DropShipmentIndicator>
                        <ns11:CONSIGNEDINV>N</ns11:CONSIGNEDINV>
                        <ns11:DISTPROJECT>
                           <ns11:REQUESTOR/>
                           <ns11:EMAIL/>
                           <ns11:TELEPHONE sequence=""/>
                           <ns11:DISTNUM/>
                           <ns11:PROJECTNUM/>
                           <ns11:PROJECTTYPE/>
                           <ns11:TASKNUM/>
                           <ns11:DESTTYPE/>
                           <ns11:DFFDISTRIBUTN>
                              <ns11:ATTRIBUTE1/>
                              <ns11:ATTRIBUTE2/>
                              <ns11:ATTRIBUTE3/>
                              <ns11:ATTRIBUTE4/>
                              <ns11:ATTRIBUTE5/>
                              <ns11:ATTRIBUTE6/>
                              <ns11:ATTRIBUTE7/>
                              <ns11:ATTRIBUTE8/>
                              <ns11:ATTRIBUTE9/>
                              <ns11:ATTRIBUTE10/>
                              <ns11:ATTRIBUTE11/>
                              <ns11:ATTRIBUTE12/>
                              <ns11:ATTRIBUTE13/>
                              <ns11:ATTRIBUTE14/>
                              <ns11:ATTRIBUTE15/>
                              <ns11:ATTRIBUTE16/>
                           </ns11:DFFDISTRIBUTN>
                        </ns11:DISTPROJECT>
                     </ns11:CustomPurchaseOrderLineScheduleUserArea>
                  </ns11:CustomPurchaseOrderLineUserArea>
               </ns11:UserArea>
            </ns11:PurchaseOrderSchedule>
            <ns11:UserArea>
               <ns11:CustomPurchaseOrderLineUserArea>
                  <ns11:REQUESTOR/>
                  <ns11:DFFLINE>
                     <ns11:ATTRIBUTE1/>
                     <ns11:ATTRIBUTE2/>
                     <ns11:ATTRIBUTE3/>
                     <ns11:ATTRIBUTE4/>
                     <ns11:ATTRIBUTE5/>
                     <ns11:ATTRIBUTE6/>
                     <ns11:ATTRIBUTE7/>
                     <ns11:ATTRIBUTE8/>
                     <ns11:ATTRIBUTE9/>
                     <ns11:ATTRIBUTE10/>
                     <ns11:ATTRIBUTE11/>
                     <ns11:ATTRIBUTE12/>
                     <ns11:ATTRIBUTE13/>
                     <ns11:ATTRIBUTE14/>
                     <ns11:ATTRIBUTE15/>
                     <ns11:ATTRIBUTE16/>
                  </ns11:DFFLINE>
                  <ns11:DFFITEM>
                     <ns11:ATTRIBUTE1/>
                     <ns11:ATTRIBUTE2/>
                     <ns11:ATTRIBUTE3/>
                     <ns11:ATTRIBUTE4/>
                     <ns11:ATTRIBUTE5/>
                     <ns11:ATTRIBUTE6/>
                     <ns11:ATTRIBUTE7/>
                     <ns11:ATTRIBUTE8/>
                     <ns11:ATTRIBUTE9/>
                     <ns11:ATTRIBUTE10/>
                     <ns11:ATTRIBUTE11/>
                     <ns11:ATTRIBUTE12/>
                     <ns11:ATTRIBUTE13/>
                     <ns11:ATTRIBUTE14/>
                     <ns11:ATTRIBUTE15>3546</ns11:ATTRIBUTE15>
                     <ns11:ATTRIBUTE16>PO Item Category</ns11:ATTRIBUTE16>
                  </ns11:DFFITEM>
                  <ns11:KFFITEM>
                     <ns11:ATTRIBUTE1>26</ns11:ATTRIBUTE1>
                     <ns11:ATTRIBUTE2>12</ns11:ATTRIBUTE2>
                     <ns11:ATTRIBUTE3>15</ns11:ATTRIBUTE3>
                     <ns11:ATTRIBUTE4>09</ns11:ATTRIBUTE4>
                     <ns11:ATTRIBUTE5>00</ns11:ATTRIBUTE5>
                     <ns11:ATTRIBUTE6/>
                     <ns11:ATTRIBUTE7/>
                     <ns11:ATTRIBUTE8/>
                     <ns11:ATTRIBUTE9/>
                     <ns11:ATTRIBUTE10/>
                     <ns11:ATTRIBUTE11/>
                     <ns11:ATTRIBUTE12/>
                     <ns11:ATTRIBUTE13/>
                     <ns11:ATTRIBUTE14/>
                     <ns11:ATTRIBUTE15/>
                     <ns11:ATTRIBUTE16/>
                     <ns11:ATTRIBUTE17/>
                     <ns11:ATTRIBUTE18/>
                     <ns11:ATTRIBUTE19/>
                     <ns11:ATTRIBUTE20/>
                  </ns11:KFFITEM>
               </ns11:CustomPurchaseOrderLineUserArea>
            </ns11:UserArea>
         </ns11:PurchaseOrderLine>
      </ns1:UpdatePurchaseOrder>
   </ns1:DataArea>
</ns1:UpdatePurchaseOrderEBM>
