<?xml version = '1.0' encoding = 'UTF-8'?>
<metadata>
   <system name="DefaultSystem" guid="8E8E403019F611DEAF48EB13DD37ED61" qname="DefaultSystem" status="ENABLED">
      <versionInfo>
         <ID>1238065980453</ID>
         <lastModifiedTime>Thu Mar 26 16:43:00 GMT+05:30 2009</lastModifiedTime>
         <lastModifiedUser>oc4jadmin</lastModifiedUser>
      </versionInfo>
   </system>
   <system name="BPELSystem" guid="B7E9374112C711DEBFA159875E1114B1" qname="BPELSystem" status="ENABLED">
      <versionInfo>
         <ID>1238065657625</ID>
         <lastModifiedTime>Thu Mar 26 16:37:37 GMT+05:30 2009</lastModifiedTime>
         <lastModifiedUser>oc4jadmin</lastModifiedUser>
      </versionInfo>
      <serviceGroup name="default" guid="B80D12F012C711DEBFA159875E1114B1" qname="BPELSystem.default" status="ENABLED">
         <versionInfo>
            <ID>1237275987072</ID>
            <lastModifiedTime>Tue Mar 17 13:16:27 GMT+05:30 2009</lastModifiedTime>
            <lastModifiedUser>oc4jadmin</lastModifiedUser>
         </versionInfo>
         <parent guid="B7E9374112C711DEBFA159875E1114B1" qname="BPELSystem" type="system"/>
         <serviceGroup name="CEH_BPEL_CommonErrorHandler" guid="B846727012C711DEBFA159875E1114B1" qname="BPELSystem.default.CEH_BPEL_CommonErrorHandler" status="ENABLED">
            <versionInfo>
               <ID>1237275987072</ID>
               <lastModifiedTime>Tue Mar 17 13:16:27 GMT+05:30 2009</lastModifiedTime>
               <lastModifiedUser>oc4jadmin</lastModifiedUser>
            </versionInfo>
            <parent guid="B80D12F012C711DEBFA159875E1114B1" qname="BPELSystem.default" type="serviceGroup"/>
         </serviceGroup>
         <serviceGroup name="CEH_BPEL_ProcessCustomer" guid="26613EC012C811DEBFA159875E1114B1" qname="BPELSystem.default.CEH_BPEL_ProcessCustomer" status="ENABLED">
            <versionInfo>
               <ID>1237276171496</ID>
               <lastModifiedTime>Tue Mar 17 13:19:31 GMT+05:30 2009</lastModifiedTime>
               <lastModifiedUser>oc4jadmin</lastModifiedUser>
            </versionInfo>
            <parent guid="B80D12F012C711DEBFA159875E1114B1" qname="BPELSystem.default" type="serviceGroup"/>
         </serviceGroup>
         <serviceGroup name="CEH_BPEL_ProcessProduct" guid="6F7B631012C811DEBFA159875E1114B1" qname="BPELSystem.default.CEH_BPEL_ProcessProduct" status="ENABLED">
            <versionInfo>
               <ID>1237276294157</ID>
               <lastModifiedTime>Tue Mar 17 13:21:34 GMT+05:30 2009</lastModifiedTime>
               <lastModifiedUser>oc4jadmin</lastModifiedUser>
            </versionInfo>
            <parent guid="B80D12F012C711DEBFA159875E1114B1" qname="BPELSystem.default" type="serviceGroup"/>
         </serviceGroup>
         <serviceGroup name="CEH_BPEL_ReceiveData" guid="A25C33F012D111DEBFA159875E1114B1" qname="BPELSystem.default.CEH_BPEL_ReceiveData" status="ENABLED">
            <versionInfo>
               <ID>1237280244957</ID>
               <lastModifiedTime>Tue Mar 17 14:27:24 GMT+05:30 2009</lastModifiedTime>
               <lastModifiedUser>oc4jadmin</lastModifiedUser>
            </versionInfo>
            <parent guid="B80D12F012C711DEBFA159875E1114B1" qname="BPELSystem.default" type="serviceGroup"/>
         </serviceGroup>
         <serviceGroup name="CEH_BPEL_RejectedMsgHandler" guid="5616AE6012D311DEBFA159875E1114B1" qname="BPELSystem.default.CEH_BPEL_RejectedMsgHandler" status="ENABLED">
            <versionInfo>
               <ID>1237280975973</ID>
               <lastModifiedTime>Tue Mar 17 14:39:35 GMT+05:30 2009</lastModifiedTime>
               <lastModifiedUser>oc4jadmin</lastModifiedUser>
            </versionInfo>
            <parent guid="B80D12F012C711DEBFA159875E1114B1" qname="BPELSystem.default" type="serviceGroup"/>
         </serviceGroup>
         <serviceGroup name="ReadFTPJava_BPEL" guid="1F7D656012F611DEBFA159875E1114B1" qname="BPELSystem.default.ReadFTPJava_BPEL" status="ENABLED">
            <versionInfo>
               <ID>1237295916945</ID>
               <lastModifiedTime>Tue Mar 17 18:48:36 GMT+05:30 2009</lastModifiedTime>
               <lastModifiedUser>oc4jadmin</lastModifiedUser>
            </versionInfo>
            <parent guid="B80D12F012C711DEBFA159875E1114B1" qname="BPELSystem.default" type="serviceGroup"/>
         </serviceGroup>
         <serviceGroup name="CEH_BPEL_ESBErrorTopicHandler" guid="3A8BBF5012D311DEBFA159875E1114B1" qname="BPELSystem.default.CEH_BPEL_ESBErrorTopicHandler" status="ENABLED">
            <versionInfo>
               <ID>1237280929765</ID>
               <lastModifiedTime>Tue Mar 17 14:38:49 GMT+05:30 2009</lastModifiedTime>
               <lastModifiedUser>oc4jadmin</lastModifiedUser>
            </versionInfo>
            <parent guid="B80D12F012C711DEBFA159875E1114B1" qname="BPELSystem.default" type="serviceGroup"/>
         </serviceGroup>
         <serviceGroup name="PollFTP_ClosetMaid_JB" guid="EAF06D6114A811DEBFFEFF5E1A6FD9DB" qname="BPELSystem.default.PollFTP_ClosetMaid_JB" status="ENABLED">
            <versionInfo>
               <ID>1237482660497</ID>
               <lastModifiedTime>Thu Mar 19 22:41:00 GMT+05:30 2009</lastModifiedTime>
               <lastModifiedUser>oc4jadmin</lastModifiedUser>
            </versionInfo>
            <parent guid="B80D12F012C711DEBFA159875E1114B1" qname="BPELSystem.default" type="serviceGroup"/>
         </serviceGroup>
         <serviceGroup name="PollFTP_ClosetMaid" guid="DB18474014AE11DEBFFEFF5E1A6FD9DB" qname="BPELSystem.default.PollFTP_ClosetMaid" status="ENABLED">
            <versionInfo>
               <ID>1237485210333</ID>
               <lastModifiedTime>Thu Mar 19 23:23:30 GMT+05:30 2009</lastModifiedTime>
               <lastModifiedUser>oc4jadmin</lastModifiedUser>
            </versionInfo>
            <parent guid="B80D12F012C711DEBFA159875E1114B1" qname="BPELSystem.default" type="serviceGroup"/>
         </serviceGroup>
         <serviceGroup name="ReadBigFile_BPEL" guid="B62F5B811DFA11DEAF035BBFB489383E" qname="BPELSystem.default.ReadBigFile_BPEL" status="ENABLED">
            <versionInfo>
               <ID>1238507350546</ID>
               <lastModifiedTime>Tue Mar 31 19:19:10 GMT+05:30 2009</lastModifiedTime>
               <lastModifiedUser>oc4jadmin</lastModifiedUser>
            </versionInfo>
            <parent guid="B80D12F012C711DEBFA159875E1114B1" qname="BPELSystem.default" type="serviceGroup"/>
         </serviceGroup>
         <serviceGroup name="FaultGenerator_BPEL" guid="A958AA211A1111DEBFE843026275C83A" qname="BPELSystem.default.FaultGenerator_BPEL" status="ENABLED">
            <versionInfo>
               <ID>1238077402734</ID>
               <lastModifiedTime>Thu Mar 26 19:53:22 GMT+05:30 2009</lastModifiedTime>
               <lastModifiedUser>oc4jadmin</lastModifiedUser>
            </versionInfo>
            <parent guid="B80D12F012C711DEBFA159875E1114B1" qname="BPELSystem.default" type="serviceGroup"/>
         </serviceGroup>
         <serviceGroup name="FaultHandler_BPEL" guid="31B415C01A1311DEBFE843026275C83A" qname="BPELSystem.default.FaultHandler_BPEL" status="ENABLED">
            <versionInfo>
               <ID>1238078060875</ID>
               <lastModifiedTime>Thu Mar 26 20:04:20 GMT+05:30 2009</lastModifiedTime>
               <lastModifiedUser>oc4jadmin</lastModifiedUser>
            </versionInfo>
            <parent guid="B80D12F012C711DEBFA159875E1114B1" qname="BPELSystem.default" type="serviceGroup"/>
         </serviceGroup>
         <serviceGroup name="DynamicInbound_BPEL" guid="C11BB69128C911DEBFEAF386E7B1A349" qname="BPELSystem.default.DynamicInbound_BPEL" status="ENABLED">
            <versionInfo>
               <ID>1239695786464</ID>
               <lastModifiedTime>Tue Apr 14 13:26:26 GMT+05:30 2009</lastModifiedTime>
               <lastModifiedUser>oc4jadmin</lastModifiedUser>
            </versionInfo>
            <parent guid="B80D12F012C711DEBFA159875E1114B1" qname="BPELSystem.default" type="serviceGroup"/>
         </serviceGroup>
      </serviceGroup>
   </system>
   <system name="CEHSys_EHPOC1" guid="00AA229012C911DE9F411B4F09FCBA8D" qname="CEHSys_EHPOC1" status="ENABLED">
      <versionInfo>
         <ID>1237279910000</ID>
         <lastModifiedTime>Tue Mar 17 14:21:50 GMT+05:30 2009</lastModifiedTime>
         <lastModifiedUser>oc4jadmin</lastModifiedUser>
      </versionInfo>
   </system>
   <system name="Research" guid="26E1DE7128D711DE9F6E25369D68C9F5" qname="Research" status="ENABLED">
      <versionInfo>
         <ID>1239702201532</ID>
         <lastModifiedTime>Tue Apr 14 15:13:21 GMT+05:30 2009</lastModifiedTime>
         <lastModifiedUser>JDev_RnDs_MultipleInbound_ESB</lastModifiedUser>
      </versionInfo>
      <service name="PollFile1" guid="9486424028D711DE9F6E25369D68C9F5" qname="Research.PollFile1" status="ENABLED" serviceType="InboundAdapterService" serviceSubType="File" typeDescription="Inbound File Adapter Service" isWSDLEditable="false">
         <versionInfo>
            <ID>1239703148234</ID>
            <lastModifiedTime>Tue Apr 14 15:29:08 GMT+05:30 2009</lastModifiedTime>
            <lastModifiedUser>JDev_RnDs_MultipleInbound_ESB</lastModifiedUser>
         </versionInfo>
         <parent guid="26E1DE7128D711DE9F6E25369D68C9F5" qname="Research" type="system"/>
         <invocation>
            <targetService guid="9486424128D711DE9F6E25369D68C9F5" qname="Research.PollFile1_RS"/>
            <interface>
               <wsdlURL>PollFile1.wsdl</wsdlURL>
               <portType xmlns:tns="http://xmlns.oracle.com/pcbpel/adapter/file/PollFile1/">tns:Read_ptt</portType>
            </interface>
         </invocation>
         <endpointProperties>
            <property name="InputDIR" value="D:\oracle\Files\esbIn\In0"/>
         </endpointProperties>
      </service>
      <service name="PollFile1_RS" guid="9486424128D711DE9F6E25369D68C9F5" qname="Research.PollFile1_RS" status="ENABLED" serviceType="RoutingService" typeDescription="Routing Service" isWSDLEditable="false" soapEndpointStatus="ENABLED">
         <description>This is the Routing Service for Adapter Service PollFile1</description>
         <versionInfo>
            <ID>1239702201532</ID>
            <lastModifiedTime>Tue Apr 14 15:13:21 GMT+05:30 2009</lastModifiedTime>
            <lastModifiedUser>JDev_RnDs_MultipleInbound_ESB</lastModifiedUser>
         </versionInfo>
         <parent guid="26E1DE7128D711DE9F6E25369D68C9F5" qname="Research" type="system"/>
         <serviceDefinition>
            <wsdlURL>PollFile1.wsdl</wsdlURL>
            <portType xmlns:tns="http://xmlns.oracle.com/pcbpel/adapter/file/PollFile1/">tns:Read_ptt</portType>
            <endpointDefinition>
               <concreteWSDLURL>/esb/wsil/Research/PollFile1_RS?wsdl</concreteWSDLURL>
               <soapEndpointURI>http://localhost:8888/event/Research/PollFile1_RS</soapEndpointURI>
            </endpointDefinition>
         </serviceDefinition>
         <operations>
            <operationInfo guid="9488B34028D711DE9F6E25369D68C9F5" qname="Research.PollFile1_RS.Read" wsdlOperation="Read" mepDisplayName="One Way" mep="OneWay">
               <request validate="false" xmlns:tns="http://xmlns.oracle.com/pcbpel/adapter/opaque/" element="tns:opaqueElement"/>
               <routingRules>
                  <routingRule guid="BCCAA39028D711DE9F6E25369D68C9F5" subscriptionType="ANY" executionType="Immediate" status="ENABLED">
                     <targetOperation guid="B4D08E2128D711DE9F6E25369D68C9F5" qname="Research.PutFile.Write" serviceGUID="B4D08E2028D711DE9F6E25369D68C9F5" serviceQName="Research.PutFile" mepDisplayName="One Way" mep="OneWay"/>
                  </routingRule>
               </routingRules>
            </operationInfo>
         </operations>
      </service>
      <service name="PollFile2" guid="30AF7E9028DB11DE9F6E25369D68C9F5" qname="Research.PollFile2" serviceType="InboundAdapterService" serviceSubType="File" typeDescription="Inbound File Adapter Service" isWSDLEditable="false" xmlns:tns="http://xmlns.oracle.com/pcbpel/adapter/file/PollFile2/" dirty="true">
         <parent guid="26E1DE7128D711DE9F6E25369D68C9F5" qname="Research" type="system"/>
         <invocation>
            <interface>
               <wsdlURL>PollFile2.wsdl</wsdlURL>
               <portType>tns:Read_ptt</portType>
            </interface>
            <targetService guid="30AF7E9128DB11DE9F6E25369D68C9F5" qname="Research.PollFile2_RS"/>
         </invocation>
         <operations>
            <operationInfo wsdlOperation="Read" guid="30B1EF9028DB11DE9F6E25369D68C9F5" mep="OneWay"/>
         </operations>
      </service>
      <service name="PollFile2_RS" guid="30AF7E9128DB11DE9F6E25369D68C9F5" qname="Research.PollFile2_RS" serviceType="RoutingService" typeDescription="Routing Service" isWSDLEditable="false" xmlns:tns="http://xmlns.oracle.com/pcbpel/adapter/file/PollFile2/" dirty="true" soapEndpointStatus="ENABLED">
         <description>This is the Routing Service for Adapter Service PollFile2</description>
         <parent guid="26E1DE7128D711DE9F6E25369D68C9F5" qname="Research" type="system"/>
         <serviceDefinition>
            <wsdlURL>PollFile2.wsdl</wsdlURL>
            <portType>tns:Read_ptt</portType>
         </serviceDefinition>
         <operations>
            <operationInfo wsdlOperation="Read" guid="30AF7E9228DB11DE9F6E25369D68C9F5" mep="OneWay"/>
         </operations>
      </service>
      <service name="PutFile" guid="B4D08E2028D711DE9F6E25369D68C9F5" qname="Research.PutFile" status="ENABLED" serviceType="OutboundAdapterService" serviceSubType="File" typeDescription="Outbound File Adapter Service" isWSDLEditable="false" soapEndpointStatus="ENABLED">
         <versionInfo>
            <ID>1239702201532</ID>
            <lastModifiedTime>Tue Apr 14 15:13:21 GMT+05:30 2009</lastModifiedTime>
            <lastModifiedUser>JDev_RnDs_MultipleInbound_ESB</lastModifiedUser>
         </versionInfo>
         <parent guid="26E1DE7128D711DE9F6E25369D68C9F5" qname="Research" type="system"/>
         <serviceDefinition>
            <wsdlURL>PutFile.wsdl</wsdlURL>
            <portType xmlns:tns="http://xmlns.oracle.com/pcbpel/adapter/file/PutFile/">tns:Write_ptt</portType>
            <endpointDefinition>
               <concreteWSDLURL>/esb/wsil/Research/PutFile?wsdl</concreteWSDLURL>
               <soapEndpointURI>http://localhost:8888/event/Research/PutFile</soapEndpointURI>
            </endpointDefinition>
         </serviceDefinition>
         <operations>
            <operationInfo guid="B4D08E2128D711DE9F6E25369D68C9F5" qname="Research.PutFile.Write" wsdlOperation="Write" mepDisplayName="One Way" mep="OneWay">
               <request validate="false" xmlns:tns="http://xmlns.oracle.com/pcbpel/adapter/opaque/" element="tns:opaqueElement"/>
            </operationInfo>
         </operations>
      </service>
   </system>
   <system name="DefaultSystem" guid="96DD76C0971311DABF1A87858E4395A7" qname="DefaultSystem"/>
</metadata>
