<?xml version="1.0" encoding="UTF-8" ?>
<!-- Generated by Oracle SOA Modeler version 1.0 at [7/28/11 2:06 PM]. -->
<composite name="ETH_EMR501_FlatFileMainProcess_Composite"
           revision="1.0"
           label="2011-07-28_14-06-18_017"
           mode="active"
           state="on"
           xmlns="http://xmlns.oracle.com/sca/1.0"
           xmlns:xs="http://www.w3.org/2001/XMLSchema"
           xmlns:wsp="http://schemas.xmlsoap.org/ws/2004/09/policy"
           xmlns:orawsp="http://schemas.oracle.com/ws/2006/01/policy"
           xmlns:ui="http://xmlns.oracle.com/soa/designer/">
  <import namespace="http://xmlns.oracle.com/pcbpel/adapter/file/SOAApp/ETH_EMR501_FlatFileMainProcess_Composite/ETH_FL_RD_List"
          location="ETH_FL_RD_List.wsdl" importType="wsdl"/>
  <service name="ETH_FL_RD_List" ui:wsdlLocation="ETH_FL_RD_List.wsdl">
    <interface.wsdl interface="http://xmlns.oracle.com/pcbpel/adapter/file/SOAApp/ETH_EMR501_FlatFileMainProcess_Composite/ETH_FL_RD_List#wsdl.interface(ReadFileList_ptt)"/>
    <binding.jca config="ETH_FL_RD_List_file.jca">
      <property name="singleton" type="xs:boolean" many="false" override="may">true</property>
    </binding.jca>
    <property name="INPUT_FILE_LOCATION" type="xs:string" many="false" override="may">/ftpdata/eth3s0/e240/outfile/po/input</property>
  </service>
  <component name="ETH_EMR501_BPEL_FlatFileMainProcess" version="1.1">
    <implementation.bpel src="ETH_EMR501_BPEL_FlatFileMainProcess.bpel"/>
    <property name="bpel.preference.messageEncoding">UTF-8</property>
  </component>
  <wire>
    <source.uri>ETH_FL_RD_List</source.uri>
    <target.uri>ETH_EMR501_BPEL_FlatFileMainProcess/ETH_FL_RD_List</target.uri>
  </wire>
</composite>
