<?xml version="1.0" encoding="UTF-8" ?>
<!-- Generated by Oracle SOA Modeler version 1.0 at [11/21/11 9:57 PM]. -->
<composite name="ForeignCharacter_Issue"
           revision="1.0"
           label="2011-11-21_21-57-19_796"
           mode="active"
           state="on"
           xmlns="http://xmlns.oracle.com/sca/1.0"
           xmlns:xs="http://www.w3.org/2001/XMLSchema"
           xmlns:wsp="http://schemas.xmlsoap.org/ws/2004/09/policy"
           xmlns:orawsp="http://schemas.oracle.com/ws/2006/01/policy"
           xmlns:ui="http://xmlns.oracle.com/soa/designer/">
  <import namespace="http://xmlns.oracle.com/pcbpel/adapter/file/Sarah_Mappings/ForeignCharacter_Issue/FL_GET_ForeignCharacter"
          location="FL_GET_ForeignCharacter.wsdl" importType="wsdl"/>
  <import namespace="http://xmlns.oracle.com/pcbpel/adapter/file/Sarah_Mappings/ForeignCharacter_Issue/FL_PUT_ForeignCharacter"
          location="FL_PUT_ForeignCharacter.wsdl" importType="wsdl"/>
  <service name="FL_GET_ForeignCharacter"
           ui:wsdlLocation="FL_GET_ForeignCharacter.wsdl">
    <interface.wsdl interface="http://xmlns.oracle.com/pcbpel/adapter/file/Sarah_Mappings/ForeignCharacter_Issue/FL_GET_ForeignCharacter#wsdl.interface(Read_ptt)"/>
    <binding.jca config="FL_GET_ForeignCharacter_file.jca">
      <property name="jca.message.encoding" type="xs:string" many="false"
                override="may">UTF-8</property>
    </binding.jca>
    <property name="IN_DIR" type="xs:string" many="false" override="may">/orionap/u01/app_SOA2/oracle/workingfolder/ETH/runtime/test/input</property>
  </service>
  <component name="ForeignCharacter_Issue" version="1.1">
    <implementation.bpel src="ForeignCharacter_Issue.bpel"/>
  </component>
  <reference name="FL_PUT_ForeignCharacter"
             ui:wsdlLocation="FL_PUT_ForeignCharacter.wsdl">
    <interface.wsdl interface="http://xmlns.oracle.com/pcbpel/adapter/file/Sarah_Mappings/ForeignCharacter_Issue/FL_PUT_ForeignCharacter#wsdl.interface(Write_ptt)"/>
    <binding.jca config="FL_PUT_ForeignCharacter_file.jca"/>
    <property name="OUT_DIR" type="xs:string" many="false" override="may">/orionap/u01/app_SOA2/oracle/workingfolder/ETH/runtime/test/input</property>
  </reference>
  <wire>
    <source.uri>FL_GET_ForeignCharacter</source.uri>
    <target.uri>ForeignCharacter_Issue/FL_GET_ForeignCharacter</target.uri>
  </wire>
  <wire>
    <source.uri>ForeignCharacter_Issue/FL_PUT_ForeignCharacter</source.uri>
    <target.uri>FL_PUT_ForeignCharacter</target.uri>
  </wire>
</composite>
