<?xml version="1.0" encoding="UTF-8"?>
<soa-xpath-functions version="11.1.1"
 xmlns="http://xmlns.oracle.com/soa/config/xpath"
 xmlns:ethCustomSOA="http://customFunctions.emerson.com/eth3/SOA">
  <function name="ethCustomSOA:EvaluateDBResponse">
    <className>com.emerson.eth3.customSOA.ETHCustomSOAExtension</className>
    <return type="string"/>
    <params>
      
      <param name="responseCode" type="number" minOccurs="1"/>
      <param name="errorCodeNumber" type="string" minOccurs="1"/>
      <param name="rollbackFlag" type="number" minOccurs="1"/>
    </params>
    <desc>Returns Status of the DB Procedure output</desc>
    
    
  </function>
  
</soa-xpath-functions>
