<?xml version="1.0" encoding="UTF-8" ?>
<!-- Generated by Oracle SOA Modeler version 1.0 at [3/13/12 7:40 PM]. -->
<composite name="Message_Dequeue"
           revision="1.0"
           label="2012-03-13_19-40-45_178"
           mode="active"
           state="on"
           xmlns="http://xmlns.oracle.com/sca/1.0"
           xmlns:xs="http://www.w3.org/2001/XMLSchema"
           xmlns:wsp="http://schemas.xmlsoap.org/ws/2004/09/policy"
           xmlns:orawsp="http://schemas.oracle.com/ws/2006/01/policy"
           xmlns:ui="http://xmlns.oracle.com/soa/designer/">
  <import namespace="http://xmlns.oracle.com/pcbpel/adapter/jms/SOAApp/Message_Dequeue/JMS_Dequeue"
          location="JMS_Dequeue.wsdl" importType="wsdl"/>
  <service name="JMS_Dequeue" ui:wsdlLocation="JMS_Dequeue.wsdl">
    <interface.wsdl interface="http://xmlns.oracle.com/pcbpel/adapter/jms/SOAApp/Message_Dequeue/JMS_Dequeue#wsdl.interface(Consume_Message_ptt)"/>
    <binding.jca config="JMS_Dequeue_jms.jca"/>
  </service>
  <component name="Message_Dequeue_BPEL" version="1.1">
    <implementation.bpel src="Message_Dequeue_BPEL.bpel"/>
  </component>
  <wire>
    <source.uri>JMS_Dequeue</source.uri>
    <target.uri>Message_Dequeue_BPEL/JMS_Dequeue</target.uri>
  </wire>
</composite>
