<?xml version = '1.0' encoding = 'UTF-8'?>
<References xmlns="http://xmlns.oracle.com/adf/jndi">
   <Reference name="SARAHS0" className="oracle.jdeveloper.db.adapter.DatabaseProvider" credentialStoreKey="SARAHS0" xmlns="">
      <Factory className="oracle.jdeveloper.db.adapter.DatabaseProviderFactory"/>
      <RefAddresses>
         <StringRefAddr addrType="sid">
            <Contents>SARAHS0</Contents>
         </StringRefAddr>
         <StringRefAddr addrType="subtype">
            <Contents>oraJDBC</Contents>
         </StringRefAddr>
         <StringRefAddr addrType="user">
            <Contents>SBYND_IU</Contents>
         </StringRefAddr>
         <StringRefAddr addrType="hostname">
            <Contents>sarahs0db1.emrsn.com</Contents>
         </StringRefAddr>
         <StringRefAddr addrType="port">
            <Contents>25001</Contents>
         </StringRefAddr>
         <SecureRefAddr addrType="password"/>
         <StringRefAddr addrType="DeployPassword">
            <Contents>true</Contents>
         </StringRefAddr>
         <StringRefAddr addrType="oraDriverType">
            <Contents>thin</Contents>
         </StringRefAddr>
      </RefAddresses>
   </Reference>
   <Reference name="SOA2_ETH_MDS" className="oracle.tip.tools.ide.common.resourcepalette.adapter.mds.MDSProvider" credentialStoreKey="SOA2_ETH_MDS" xmlns="">
      <Factory className="oracle.tip.tools.ide.common.resourcepalette.adapter.mds.MDSProviderFactory"/>
      <RefAddresses>
         <SecureRefAddr addrType="DBMDSJDBCPASSWORD"/>
         <StringRefAddr addrType="ConnectionName">
            <Contents>SOA2_ETH_MDS</Contents>
         </StringRefAddr>
         <StringRefAddr addrType="DBMDS_JDBC_USERID">
            <Contents>SOA2_MDS</Contents>
         </StringRefAddr>
         <StringRefAddr addrType="ConnectionType">
            <Contents>oracle.mds.persistence.stores.db.DBMetadataStore</Contents>
         </StringRefAddr>
         <StringRefAddr addrType="MDS_PARTITION_NAME">
            <Contents>soa-infra</Contents>
         </StringRefAddr>
         <StringRefAddr addrType="DBMDSDBCONNECTIONNAME">
            <Contents>SOA2_ETH_MDS_DB</Contents>
         </StringRefAddr>
         <StringRefAddr addrType="DBMDS_JDBC_URL">
            <Contents>jdbc:oracle:thin:@orionddb.emerson.com:34002:oriond2</Contents>
         </StringRefAddr>
      </RefAddresses>
   </Reference>
</References>
