<?xml version = '1.0' encoding = 'UTF-8'?>
<References xmlns="http://xmlns.oracle.com/adf/jndi">
   <Reference name="ETH_SARAHS0" className="oracle.jdeveloper.db.adapter.DatabaseProvider" credentialStoreKey="ETH_SARAHS0" xmlns="">
      <Factory className="oracle.jdeveloper.db.adapter.DatabaseProviderFactory"/>
      <RefAddresses>
         <StringRefAddr addrType="sid">
            <Contents>SARAHS0</Contents>
         </StringRefAddr>
         <StringRefAddr addrType="subtype">
            <Contents>oraJDBC</Contents>
         </StringRefAddr>
         <StringRefAddr addrType="user">
            <Contents>apps</Contents>
         </StringRefAddr>
         <StringRefAddr addrType="hostname">
            <Contents>sarahs0db1.emrsn.com</Contents>
         </StringRefAddr>
         <StringRefAddr addrType="port">
            <Contents>25001</Contents>
         </StringRefAddr>
         <SecureRefAddr addrType="password"/>
         <StringRefAddr addrType="DeployPassword">
            <Contents>true</Contents>
         </StringRefAddr>
         <StringRefAddr addrType="oraDriverType">
            <Contents>thin</Contents>
         </StringRefAddr>
      </RefAddresses>
   </Reference>
   <Reference name="ETH_APP_DB" className="oracle.jdeveloper.db.adapter.DatabaseProvider" credentialStoreKey="ETH_APP_DB" xmlns="">
      <Factory className="oracle.jdeveloper.db.adapter.DatabaseProviderFactory"/>
      <RefAddresses>
         <StringRefAddr addrType="sid">
            <Contents>eth3s0</Contents>
         </StringRefAddr>
         <StringRefAddr addrType="subtype">
            <Contents>oraJDBC</Contents>
         </StringRefAddr>
         <StringRefAddr addrType="user">
            <Contents>SOAMAPPINGUSER</Contents>
         </StringRefAddr>
         <StringRefAddr addrType="hostname">
            <Contents>usmtnz-sscmdb06.stage.emrsn.org</Contents>
         </StringRefAddr>
         <StringRefAddr addrType="port">
            <Contents>24001</Contents>
         </StringRefAddr>
         <SecureRefAddr addrType="password"/>
         <StringRefAddr addrType="DeployPassword">
            <Contents>true</Contents>
         </StringRefAddr>
         <StringRefAddr addrType="oraDriverType">
            <Contents>thin</Contents>
         </StringRefAddr>
      </RefAddresses>
   </Reference>
   <Reference name="DEV_ETHAPP_DB" className="oracle.jdeveloper.db.adapter.DatabaseProvider" credentialStoreKey="DEV_ETHAPP_DB" xmlns="">
      <Factory className="oracle.jdeveloper.db.adapter.DatabaseProviderFactory"/>
      <RefAddresses>
         <StringRefAddr addrType="sid">
            <Contents>oriond2</Contents>
         </StringRefAddr>
         <StringRefAddr addrType="subtype">
            <Contents>oraJDBC</Contents>
         </StringRefAddr>
         <StringRefAddr addrType="user">
            <Contents>eth_custom_schema</Contents>
         </StringRefAddr>
         <StringRefAddr addrType="hostname">
            <Contents>orionddb.emerson.com</Contents>
         </StringRefAddr>
         <StringRefAddr addrType="port">
            <Contents>34002</Contents>
         </StringRefAddr>
         <SecureRefAddr addrType="password"/>
         <StringRefAddr addrType="DeployPassword">
            <Contents>true</Contents>
         </StringRefAddr>
         <StringRefAddr addrType="oraDriverType">
            <Contents>thin</Contents>
         </StringRefAddr>
      </RefAddresses>
   </Reference>
</References>
