<?xml version = '1.0' encoding = 'UTF-8'?>
<graphics>
   <diagram optimizeLayout="false" popupEditor="false" fixedWidthSwimlanes="true" roundedPartnerlinks="true" centerZoom="true" validateOnLoad="true" confirmBeforeDelete="true" selectedPartnerLinkColor="0,0,153" swimlaneBackground="240,240,240" swimlaneDividerBackground="218,218,218" graphBackground="255,255,255" selectedBorderBackground="49,105,198" connectedPartnerLinkColor="204,204,255" connectablePartnerLinkColor="0,0,255" unconnectedPartnerLinkColor="192,192,192"/>
   <annotationfile/>
   <iconize/>
   <partnerlink_locations>
      <partnerlink name="ETH_FL_RD_Payload" x="0" y="90" side="left"/>
      <partnerlink name="ETH_POCOEBM_Provider" x="0" y="416" side="left"/>
      <partnerlink name="ETH_POEBM_Provider" x="0" y="473" side="left"/>
   </partnerlink_locations>
   <graph_layout viewport="0,255,674,312" show_swimlanes="true">
      <layout_item collapsed="false" xpath="/process" type="process" showhandlers="true"/>
      <layout_item collapsed="false" xpath="/process/sequence" type="sequence"/>
      <layout_item collapsed="false" xpath="/process/sequence/switch" type="switch"/>
      <layout_item collapsed="false" xpath="/process/sequence/switch/case[1]/sequence" type="sequence"/>
      <layout_item collapsed="false" xpath="/process/sequence/switch/case[2]/sequence" type="sequence"/>
   </graph_layout>
   <bookmarks/>
</graphics>
