<?xml version="1.0" encoding="UTF-8" ?>
<!-- Generated by Oracle SOA Modeler version 1.0 at [4/26/10 12:09 PM]. -->
<composite name="TransformParamsPOC"
           revision="1.0"
           label="2010-04-26_12-09-30_789"
           mode="active"
           state="on"
           xmlns="http://xmlns.oracle.com/sca/1.0"
           xmlns:xs="http://www.w3.org/2001/XMLSchema"
           xmlns:wsp="http://schemas.xmlsoap.org/ws/2004/09/policy"
           xmlns:orawsp="http://schemas.oracle.com/ws/2006/01/policy"
           xmlns:ui="http://xmlns.oracle.com/soa/designer/">
  <import namespace="http://xmlns.oracle.com/MyApp/TransformParamsPOC/MainBPEL"
          location="MainBPEL.wsdl" importType="wsdl"/>
  <service name="mainbpel_client_ep" ui:wsdlLocation="MainBPEL.wsdl">
    <interface.wsdl interface="http://xmlns.oracle.com/MyApp/TransformParamsPOC/MainBPEL#wsdl.interface(MainBPEL)"
                    callbackInterface="http://xmlns.oracle.com/MyApp/TransformParamsPOC/MainBPEL#wsdl.interface(MainBPELCallback)"/>
    <binding.ws port="http://xmlns.oracle.com/MyApp/TransformParamsPOC/MainBPEL#wsdl.endpoint(mainbpel_client_ep/MainBPEL_pt)"/>
    <callback>
      <binding.ws port="http://xmlns.oracle.com/MyApp/TransformParamsPOC/MainBPEL#wsdl.endpoint(mainbpel_client_ep/MainBPELCallback_pt)"/>
    </callback>
  </service>
  <component name="MainBPEL">
    <implementation.bpel src="MainBPEL.bpel"/>
  </component>
  <wire>
    <source.uri>mainbpel_client_ep</source.uri>
    <target.uri>MainBPEL/mainbpel_client</target.uri>
  </wire>
</composite>
