<?xml version="1.0" encoding="UTF-8" ?>
<!-- Generated by Oracle SOA Modeler version 1.0 at [7/21/11 5:11 PM]. -->
<composite name="FileMove_11GAdapter"
           revision="1.0"
           label="2011-07-21_17-11-46_733"
           mode="active"
           state="on"
           xmlns="http://xmlns.oracle.com/sca/1.0"
           xmlns:xs="http://www.w3.org/2001/XMLSchema"
           xmlns:wsp="http://schemas.xmlsoap.org/ws/2004/09/policy"
           xmlns:orawsp="http://schemas.oracle.com/ws/2006/01/policy"
           xmlns:ui="http://xmlns.oracle.com/soa/designer/">
  <import namespace="http://xmlns.oracle.com/Dhami_SOA/FileMove_11GAdapter/FileMove_11GAdapter"
          location="FileMove_11GAdapter.wsdl" importType="wsdl"/>
  <import namespace="http://xmlns.oracle.com/pcbpel/adapter/file/Dhami-SOA/FileMove_11GAdapter/DHAMI_FL_MV_File"
          location="DHAMI_FL_MV_File.wsdl" importType="wsdl"/>
  <service name="filemove_11gadapter_client_ep"
           ui:wsdlLocation="FileMove_11GAdapter.wsdl">
    <interface.wsdl interface="http://xmlns.oracle.com/Dhami_SOA/FileMove_11GAdapter/FileMove_11GAdapter#wsdl.interface(FileMove_11GAdapter)"/>
    <binding.ws port="http://xmlns.oracle.com/Dhami_SOA/FileMove_11GAdapter/FileMove_11GAdapter#wsdl.endpoint(filemove_11gadapter_client_ep/FileMove_11GAdapter_pt)"/>
  </service>
  <component name="FileMove_11GAdapter" version="1.1">
    <implementation.bpel src="FileMove_11GAdapter.bpel"/>
  </component>
  <reference name="DHAMI_FL_MV_File" ui:wsdlLocation="DHAMI_FL_MV_File.wsdl">
    <interface.wsdl interface="http://xmlns.oracle.com/pcbpel/adapter/file/Dhami-SOA/FileMove_11GAdapter/DHAMI_FL_MV_File#wsdl.interface(FileMove_ptt)"/>
    <binding.jca config="DHAMI_FL_MV_File_file.jca"/>
  </reference>
  <wire>
    <source.uri>filemove_11gadapter_client_ep</source.uri>
    <target.uri>FileMove_11GAdapter/filemove_11gadapter_client</target.uri>
  </wire>
  <wire>
    <source.uri>FileMove_11GAdapter/DHAMI_FL_MV_File</source.uri>
    <target.uri>DHAMI_FL_MV_File</target.uri>
  </wire>
</composite>
