<?xml version="1.0" encoding="UTF-8" ?>
<!-- Generated by Oracle SOA Modeler version 1.0 at [6/10/11 4:10 PM]. -->
<composite name="DynamicQueueSelection"
           revision="1.0"
           label="2011-06-10_16-10-24_798"
           mode="active"
           state="on"
           xmlns="http://xmlns.oracle.com/sca/1.0"
           xmlns:xs="http://www.w3.org/2001/XMLSchema"
           xmlns:wsp="http://schemas.xmlsoap.org/ws/2004/09/policy"
           xmlns:orawsp="http://schemas.oracle.com/ws/2006/01/policy"
           xmlns:ui="http://xmlns.oracle.com/soa/designer/">
  <import namespace="http://xmlns.oracle.com/Sarah_Mappings/DynamicQueueSelection/DynamicQueueSelection"
          location="DynamicQueueSelection.wsdl" importType="wsdl"/>
  <import namespace="http://xmlns.oracle.com/pcbpel/adapter/jms/Sarah_Mappings/DynamicQueueSelection/JMS_ENQ_Data"
          location="JMS_ENQ_Data.wsdl" importType="wsdl"/>
  <service name="dynamicqueueselection_client_ep"
           ui:wsdlLocation="DynamicQueueSelection.wsdl">
    <interface.wsdl interface="http://xmlns.oracle.com/Sarah_Mappings/DynamicQueueSelection/DynamicQueueSelection#wsdl.interface(DynamicQueueSelection)"/>
    <binding.ws port="http://xmlns.oracle.com/Sarah_Mappings/DynamicQueueSelection/DynamicQueueSelection#wsdl.endpoint(dynamicqueueselection_client_ep/DynamicQueueSelection_pt)"/>
  </service>
  <component name="DynamicQueueSelection" version="1.1">
    <implementation.bpel src="DynamicQueueSelection.bpel"/>
  </component>
  <reference name="JMS_ENQ_Data" ui:wsdlLocation="JMS_ENQ_Data.wsdl">
    <interface.wsdl interface="http://xmlns.oracle.com/pcbpel/adapter/jms/Sarah_Mappings/DynamicQueueSelection/JMS_ENQ_Data#wsdl.interface(Produce_Message_ptt)"/>
    <binding.jca config="JMS_ENQ_Data_jms.jca"/>
  </reference>
  <wire>
    <source.uri>dynamicqueueselection_client_ep</source.uri>
    <target.uri>DynamicQueueSelection/dynamicqueueselection_client</target.uri>
  </wire>
  <wire>
    <source.uri>DynamicQueueSelection/JMS_ENQ_Data</source.uri>
    <target.uri>JMS_ENQ_Data</target.uri>
  </wire>
</composite>
