<?xml version="1.0" encoding="UTF-8" ?>
<!-- Generated by Oracle SOA Modeler version 1.0 at [9/4/11 5:49 PM]. -->
<composite name="JMS_ENQUEUE"
           revision="1.0"
           label="2011-09-04_17-49-10_674"
           mode="active"
           state="on"
           xmlns="http://xmlns.oracle.com/sca/1.0"
           xmlns:xs="http://www.w3.org/2001/XMLSchema"
           xmlns:wsp="http://schemas.xmlsoap.org/ws/2004/09/policy"
           xmlns:orawsp="http://schemas.oracle.com/ws/2006/01/policy"
           xmlns:ui="http://xmlns.oracle.com/soa/designer/">
  <import namespace="http://xmlns.oracle.com/Sarah_Mappings/JMS_ENQUEUE/JMS_ENQUEUE_BPEL"
          location="JMS_ENQUEUE_BPEL.wsdl" importType="wsdl"/>
  <import namespace="http://xmlns.oracle.com/pcbpel/adapter/jms/Sarah_Mappings/JMS_ENQUEUE/JMS_ENQUEUE_DIST"
          location="JMS_ENQUEUE_DIST.wsdl" importType="wsdl"/>
  <service name="jms_enqueue_bpel_client_ep"
           ui:wsdlLocation="JMS_ENQUEUE_BPEL.wsdl">
    <interface.wsdl interface="http://xmlns.oracle.com/Sarah_Mappings/JMS_ENQUEUE/JMS_ENQUEUE_BPEL#wsdl.interface(JMS_ENQUEUE_BPEL)"/>
    <binding.ws port="http://xmlns.oracle.com/Sarah_Mappings/JMS_ENQUEUE/JMS_ENQUEUE_BPEL#wsdl.endpoint(jms_enqueue_bpel_client_ep/JMS_ENQUEUE_BPEL_pt)"/>
  </service>
  <component name="JMS_ENQUEUE_BPEL" version="1.1">
    <implementation.bpel src="JMS_ENQUEUE_BPEL.bpel"/>
  </component>
  <reference name="JMS_ENQUEUE_DIST" ui:wsdlLocation="JMS_ENQUEUE_DIST.wsdl">
    <interface.wsdl interface="http://xmlns.oracle.com/pcbpel/adapter/jms/Sarah_Mappings/JMS_ENQUEUE/JMS_ENQUEUE_DIST#wsdl.interface(Produce_Message_ptt)"/>
    <binding.jca config="JMS_ENQUEUE_DIST_jms.jca"/>
  </reference>
  <wire>
    <source.uri>jms_enqueue_bpel_client_ep</source.uri>
    <target.uri>JMS_ENQUEUE_BPEL/jms_enqueue_bpel_client</target.uri>
  </wire>
  <wire>
    <source.uri>JMS_ENQUEUE_BPEL/JMS_ENQUEUE_DIST</source.uri>
    <target.uri>JMS_ENQUEUE_DIST</target.uri>
  </wire>
</composite>
