<?xml version = '1.0' encoding = 'UTF-8'?>
<Faults>
   <Fault>
      <severity>warning</severity>
      <loc>/ns:composite/ns:reference[@name='ETH_POCOEBM_Provider']</loc>
      <line>35</line>
      <col>123</col>
      <file/>
      <msg>
         <![CDATA[Failed to Find Binding "ETH_POCOEBM_Provider":"{http://xmlns.oracle.com/Sarah_Mappings/ETH_POCOEBM_OAGIS_Provider/ETH_BPEL_POCOEBM_OAGIS_Provider}ETH_BPEL_POCOEBM_OAGIS_Provider" in WSDL Manager]]>
      </msg>
   </Fault>
   <Fault>
      <severity>warning</severity>
      <loc>/ns:composite/ns:reference[@name='ETH_POEBM_Provider']</loc>
      <line>30</line>
      <col>121</col>
      <file/>
      <msg>
         <![CDATA[Failed to Find Binding "ETH_POEBM_Provider":"{http://xmlns.oracle.com/Sarah_Mappings/ETH_POEBM_OAGIS_Provider/ETH_BPEL_POEBM_OAGIS_Provider}ETH_BPEL_POEBM_OAGIS_Provider" in WSDL Manager]]>
      </msg>
   </Fault>
</Faults>
