<?xml version = '1.0' encoding = 'UTF-8'?>
<Faults>
   <Fault>
      <severity>error</severity>
      <loc>/ns:composite/ns:import[@location='http://usmtnz-dinfap19.dev.emrsn.org:8120/soa-infra/services/ETH_TEMP/TESTASN_CommonService/BPELProcess1.wsdl']</loc>
      <line>17</line>
      <col>30</col>
      <file/>
      <msg>
         <![CDATA[Load of wsdl "http://usmtnz-dinfap19.dev.emrsn.org:8120/soa-infra/services/ETH_TEMP/TESTASN_CommonService/BPELProcess1.wsdl with Message part element undefined in wsdl [http://usmtnz-dinfap19.dev.emrsn.org:8120/soa-infra/services/ETH_TEMP/TESTASN_CommonService/BPELProcess1.wsdl] part name = payload	type = {http://schema.emerson.com/ETH/ETH_ShowAdvancedShipmentNotice_CommonServices_Interaction}ShowAdvanceShipmentNotice_CommonService_Request" failed]]>
      </msg>
   </Fault>
   <Fault>
      <severity>error</severity>
      <loc>/ns:composite/ns:import[@location='file:/C:/JDeveloper/mywork/ETH/SHREE_19THFeb_APP/TESTASN_EBM/TestASNEBM.wsdl']</loc>
      <line/>
      <col/>
      <file/>
      <msg>
         <![CDATA[Load of wsdl "http://usmtnz-dinfap19.dev.emrsn.org:8120/soa-infra/services/ETH_TEMP/TESTASN_CommonService/BPELProcess1.wsdl with Message part element undefined in wsdl [file:/C:/JDeveloper/mywork/ETH/SHREE_19THFeb_APP/TESTASN_EBM/TestASNEBM.wsdl] part name = payload	type = {http://xmlns.oracle.com/EnterpriseObjects/Manufacturing/EBO/AdvanceShipmentNotice/Emerson}ShowAdvanceShipmentNoticeEBM" failed]]>
      </msg>
   </Fault>
   <Fault>
      <severity>warning</severity>
      <loc>/ns:composite/ns:reference[@name='Service1']</loc>
      <line>26</line>
      <col>142</col>
      <file/>
      <msg>
         <![CDATA[Failed to Find Binding "Service1":"{http://xmlns.oracle.com/SHREE_19THFeb_APP/TESTASN_CommonService/BPELProcess1}BPELProcess1_pt" in WSDL Manager]]>
      </msg>
   </Fault>
   <Fault>
      <severity>warning</severity>
      <loc>/ns:composite/ns:reference[@name='Service1']</loc>
      <line>26</line>
      <col>142</col>
      <file/>
      <msg>
         <![CDATA[Failed to Find Binding "Service1":"{http://xmlns.oracle.com/SHREE_19THFeb_APP/TESTASN_CommonService/BPELProcess1}BPELProcess1_pt" in WSDL Manager]]>
      </msg>
   </Fault>
   <Fault>
      <severity>error</severity>
      <loc>/ns:composite</loc>
      <line/>
      <col/>
      <file/>
      <msg>
         <![CDATA[SCAC-50012]]>
      </msg>
   </Fault>
</Faults>
