<?xml version="1.0" encoding="UTF-8" ?>
<!-- Generated by Oracle SOA Modeler version 1.0 at [11/24/11 11:38 PM]. -->
<composite name="UnhandledCharacter"
           revision="1.0"
           label="2011-11-24_23-38-45_997"
           mode="active"
           state="on"
           xmlns="http://xmlns.oracle.com/sca/1.0"
           xmlns:xs="http://www.w3.org/2001/XMLSchema"
           xmlns:wsp="http://schemas.xmlsoap.org/ws/2004/09/policy"
           xmlns:orawsp="http://schemas.oracle.com/ws/2006/01/policy"
           xmlns:ui="http://xmlns.oracle.com/soa/designer/">
  <import namespace="http://xmlns.oracle.com/pcbpel/adapter/file/Sarah_Mappings/UnhandledCharacter/FL_RD_Base64Binary"
          location="FL_RD_Base64Binary.wsdl" importType="wsdl"/>
  <import namespace="http://xmlns.oracle.com/pcbpel/adapter/file/Sarah_Mappings/UnhandledCharacter/FL_PUT_UnhandledCharacter"
          location="FL_PUT_UnhandledCharacter.wsdl" importType="wsdl"/>
  <service name="FL_RD_Base64Binary" ui:wsdlLocation="FL_RD_Base64Binary.wsdl">
    <interface.wsdl interface="http://xmlns.oracle.com/pcbpel/adapter/file/Sarah_Mappings/UnhandledCharacter/FL_RD_Base64Binary#wsdl.interface(Read_ptt)"/>
    <binding.jca config="FL_RD_Base64Binary_file.jca">
      <property name="jca.message.encoding" type="xs:string" many="false"
                override="may">UTF-8</property>
      <!--<property name="ContentType" type="xs:string" many="false" override="may">text/xml;charset=UTF-8</property>-->
    </binding.jca>
    <property name="IN_DIR" type="xs:string" many="false" override="may">/orionap/u01/app_SOA2/oracle/workingfolder/ETH/runtime/test/input</property>
  </service>
  <component name="Unhandled_BPEL" version="1.1">
    <implementation.bpel src="Unhandled_BPEL.bpel"/>
  </component>
  <reference name="FL_PUT_UnhandledCharacter"
             ui:wsdlLocation="FL_PUT_UnhandledCharacter.wsdl">
    <interface.wsdl interface="http://xmlns.oracle.com/pcbpel/adapter/file/Sarah_Mappings/UnhandledCharacter/FL_PUT_UnhandledCharacter#wsdl.interface(Write_ptt)"/>
    <binding.jca config="FL_PUT_UnhandledCharacter_file.jca"/>
    <property name="OUT_DIR" type="xs:string" many="false" override="may">/orionap/u01/app_SOA2/oracle/workingfolder/ETH/runtime/test/input</property>
  </reference>
  <wire>
    <source.uri>FL_RD_Base64Binary</source.uri>
    <target.uri>Unhandled_BPEL/FL_RD_Base64Binary</target.uri>
  </wire>
  <wire>
    <source.uri>Unhandled_BPEL/FL_PUT_UnhandledCharacter</source.uri>
    <target.uri>FL_PUT_UnhandledCharacter</target.uri>
  </wire>
</composite>
