<?xml version="1.0" encoding="UTF-8" ?>
<!-- Generated by Oracle SOA Modeler version 1.0 at [3/24/11 3:33 PM]. -->
<composite name="SOAPSender"
           revision="1.0"
           label="2011-03-24_15-33-36_589"
           mode="active"
           state="on"
           xmlns="http://xmlns.oracle.com/sca/1.0"
           xmlns:xs="http://www.w3.org/2001/XMLSchema"
           xmlns:wsp="http://schemas.xmlsoap.org/ws/2004/09/policy"
           xmlns:orawsp="http://schemas.oracle.com/ws/2006/01/policy"
           xmlns:ui="http://xmlns.oracle.com/soa/designer/">
  <import namespace="http://xmlns.oracle.com/Dhami_SOA/SOAPSender/SOAPSender_BPELProcess"
          location="SOAPSender_BPELProcess.wsdl" importType="wsdl"/>
  <import namespace="http://xmlns.oracle.com/Dhami_SOA/SOAPReceiver/SOAPReceiver_BPELProcess"
          location="http://usmtnz-dinfap19.dev.emrsn.org:8120/soa-infra/services/ETH_Temp/SOAPReceiver/SOAPReceiver_BPELProcess.wsdl"
          importType="wsdl"/>
  <service name="soapsender_bpelprocess_client_ep"
           ui:wsdlLocation="SOAPSender_BPELProcess.wsdl">
    <interface.wsdl interface="http://xmlns.oracle.com/Dhami_SOA/SOAPSender/SOAPSender_BPELProcess#wsdl.interface(SOAPSender_BPELProcess)"/>
    <binding.ws port="http://xmlns.oracle.com/Dhami_SOA/SOAPSender/SOAPSender_BPELProcess#wsdl.endpoint(soapsender_bpelprocess_client_ep/SOAPSender_BPELProcess_pt)"/>
  </service>
  <component name="SOAPSender_BPELProcess" version="1.1">
    <implementation.bpel src="SOAPSender_BPELProcess.bpel"/>
  </component>
  <reference name="Call_SOAPService"
             ui:wsdlLocation="http://usmtnz-dinfap19.dev.emrsn.org:8120/soa-infra/services/ETH_Temp/SOAPReceiver/SOAPReceiver_BPELProcess.wsdl">
    <interface.wsdl interface="http://xmlns.oracle.com/Dhami_SOA/SOAPReceiver/SOAPReceiver_BPELProcess#wsdl.interface(SOAPReceiver_BPELProcess)"/>
    <binding.ws port="http://xmlns.oracle.com/Dhami_SOA/SOAPReceiver/SOAPReceiver_BPELProcess#wsdl.endpoint(soapreceiver_bpelprocess_client_ep/SOAPReceiver_BPELProcess_pt)"
                location="http://usmtnz-dinfap19.dev.emrsn.org:8120/soa-infra/services/ETH_Temp/SOAPReceiver/soapreceiver_bpelprocess_client_ep?WSDL"
                soapVersion="1.1">
      <property name="weblogic.wsee.wsat.transaction.flowOption"
                type="xs:string" many="false">WSDLDriven</property>
    </binding.ws>
  </reference>
  <wire>
    <source.uri>soapsender_bpelprocess_client_ep</source.uri>
    <target.uri>SOAPSender_BPELProcess/soapsender_bpelprocess_client</target.uri>
  </wire>
  <wire>
    <source.uri>SOAPSender_BPELProcess/Call_SOAPService</source.uri>
    <target.uri>Call_SOAPService</target.uri>
  </wire>
</composite>
