<?xml version="1.0" encoding="UTF-8" ?>
<!-- Generated by Oracle SOA Modeler version 1.0 at [8/3/11 4:31 PM]. -->
<composite name="DBLogicalDelete"
           revision="1.0"
           label="2011-08-03_16-31-35_417"
           mode="active"
           state="on"
           xmlns="http://xmlns.oracle.com/sca/1.0"
           xmlns:xs="http://www.w3.org/2001/XMLSchema"
           xmlns:wsp="http://schemas.xmlsoap.org/ws/2004/09/policy"
           xmlns:orawsp="http://schemas.oracle.com/ws/2006/01/policy"
           xmlns:ui="http://xmlns.oracle.com/soa/designer/">
  <import namespace="http://xmlns.oracle.com/pcbpel/adapter/db/Sarah_Mappings/DBLogicalDelete/DBLogicalDelete"
          location="DBLogicalDelete.wsdl" importType="wsdl"/>
  <service name="DBLogicalDelete" ui:wsdlLocation="DBLogicalDelete.wsdl">
    <interface.wsdl interface="http://xmlns.oracle.com/pcbpel/adapter/db/Sarah_Mappings/DBLogicalDelete/DBLogicalDelete#wsdl.interface(DBLogicalDelete_ptt)"/>
    <binding.jca config="DBLogicalDelete_db.jca"/>
    <property name="jca.retry.count" type="xs:int" many="false" override="may">2147483647</property>
    <property name="jca.retry.interval" type="xs:int" many="false"
              override="may">1</property>
    <property name="jca.retry.backoff" type="xs:int" many="false"
              override="may">2</property>
    <property name="jca.retry.maxInterval" type="xs:string" many="false"
              override="may">120</property>
  </service>
  <component name="DB_LogicalDelete" version="1.1">
    <implementation.bpel src="DB_LogicalDelete.bpel"/>
  </component>
  <wire>
    <source.uri>DBLogicalDelete</source.uri>
    <target.uri>DB_LogicalDelete/DBLogicalDelete</target.uri>
  </wire>
</composite>
