<?xml version="1.0" encoding="UTF-8"?>
<object-persistence xmlns="http://xmlns.oracle.com/ias/xsds/toplink" xmlns:old="http://www.eclipse.org/eclipselink/xsds/persistence" xmlns:xsd="http://www.w3.org/2001/XMLSchema" xmlns:eclipselink="http://www.eclipse.org/eclipselink/xsds/persistence" xmlns:xsi="http://www.w3.org/2001/XMLSchema-instance" version="Eclipse Persistence Services - 2.1.2.v20101206-r8635">
   <name>DBLogicalDelete-OR</name>
   <class-mapping-descriptors>
      <class-mapping-descriptor xsi:type="object-relational-class-mapping-descriptor">
         <class>DBLogicalDelete.ProcessSchedulerTable</class>
         <alias>PROCESS_SCHEDULER_TABLE</alias>
         <primary-key>
            <field table="PROCESS_SCHEDULER_TABLE" name="PROCESS_NAME" xsi:type="column"/>
            <field table="PROCESS_SCHEDULER_TABLE" name="POLL_FLAG" xsi:type="column"/>
         </primary-key>
         <events xsi:type="event-policy"/>
         <querying xsi:type="query-policy">
            <queries>
               <query name="DBLogicalDeleteSelect" xsi:type="read-all-query">
               <call xsi:type="sql-call">
                     <sql>select process_name, poll_flag from process_scheduler_table where poll_flag='Y' and process_name='TESTPROCESS'</sql>
                  </call>
                  <reference-class>DBLogicalDelete.ProcessSchedulerTable</reference-class>
                  <lock-mode>none</lock-mode>
                  <container xsi:type="list-container-policy">
                     <collection-type>java.util.Vector</collection-type>
                  </container>
               </query>
            </queries>
            <delete-query xsi:type="delete-object-query">
               <call xsi:type="sql-call">
                  <sql>update process_scheduler_table set poll_flag='I' where poll_flag='Y' and process_name='TESTPROCESS'</sql>
               </call>
            </delete-query>

         </querying>
         <attribute-mappings>
            <attribute-mapping xsi:type="direct-mapping">
               <attribute-name>processName</attribute-name>
               <field table="PROCESS_SCHEDULER_TABLE" name="PROCESS_NAME" xsi:type="column"/>
               <attribute-classification>java.lang.String</attribute-classification>
            </attribute-mapping>
            <attribute-mapping xsi:type="direct-mapping">
               <attribute-name>pollFlag</attribute-name>
               <field table="PROCESS_SCHEDULER_TABLE" name="POLL_FLAG" xsi:type="column"/>
               <attribute-classification>java.lang.String</attribute-classification>
            </attribute-mapping>
         </attribute-mappings>
         <descriptor-type>independent</descriptor-type>
         <caching>
            <cache-type>weak-reference</cache-type>
            <cache-size>-1</cache-size>
            <always-refresh>true</always-refresh>
         </caching>
         <remote-caching>
            <cache-type>weak-reference</cache-type>
            <cache-size>-1</cache-size>
         </remote-caching>
         <instantiation/>
         <copying xsi:type="instantiation-copy-policy"/>
         <tables>
            <table name="PROCESS_SCHEDULER_TABLE"/>
         </tables>
         <structure>structureName</structure>
      </class-mapping-descriptor>
   </class-mapping-descriptors>
   <login xsi:type="database-login">
      <platform-class>org.eclipse.persistence.platform.database.oracle.Oracle9Platform</platform-class>
      <user-name></user-name>
      <connection-url></connection-url>
   </login>
</object-persistence>
