<?xml version = '1.0' encoding = 'UTF-8'?>
<!DOCTYPE properties SYSTEM "http://java.sun.com/dtd/properties.dtd">
<properties>
   <entry key="PROCESS_SCHEDULER_TABLE:db_table_type">TABLE</entry>
   <entry key="PROCESS_SCHEDULER_TABLE.PROCESS_NAME:db_column_not_null">false</entry>
   <entry key="PROCESS_SCHEDULER_TABLE:db_column_1">POLL_FLAG</entry>
   <entry key="PROCESS_SCHEDULER_TABLE.PROCESS_NAME:db_column_size">100</entry>
   <entry key="PROCESS_SCHEDULER_TABLE:db_column_0">PROCESS_NAME</entry>
   <entry key="PROCESS_SCHEDULER_TABLE.POLL_FLAG:db_column_type">VARCHAR2</entry>
   <entry key="return_single_result_set">false</entry>
   <entry key="PROCESS_SCHEDULER_TABLE.POLL_FLAG:db_column_not_null">false</entry>
   <entry key="PROCESS_SCHEDULER_TABLE.POLL_FLAG:db_column_size">1</entry>
   <entry key="root_descriptor_alias">PROCESS_SCHEDULER_TABLE</entry>
   <entry key="PROCESS_SCHEDULER_TABLE.PROCESS_NAME:db_column_type">VARCHAR2</entry>
</properties>