<?xml version = '1.0' encoding = 'UTF-8'?>
<BPELSuitcase>
   <BPELProcess id="VDST_BPEL_CSV_ChannelPartner_PartMapProvABCS" src="VDST_BPEL_CSV_ChannelPartner_PartMapProvABCS.bpel">
      <partnerLinkBindings>
         <partnerLinkBinding name="VDST_JMSQ_DEQ_ChannelPartnerMaster_CSV">
            <property name="wsdlLocation">VDST_JMSQ_DEQ_ChannelPartnerMaster_CSV.wsdl</property>
         </partnerLinkBinding>
         <partnerLinkBinding name="ConversionWebService">
            <property name="wsdlLocation">ConversionWebService.wsdl</property>
         </partnerLinkBinding>
         <partnerLinkBinding name="VDST_DBINS_ChannelPartner_PartMap">
            <property name="wsdlLocation">VDST_DBINS_ChannelPartner_PartMap.wsdl</property>
            <property name="retryInterval">60</property>
         </partnerLinkBinding>
      </partnerLinkBindings>
      <activationAgents>
         <activationAgent className="oracle.tip.adapter.fw.agent.jca.JCAActivationAgent" partnerLink="VDST_JMSQ_DEQ_ChannelPartnerMaster_CSV">
            <property name="destinationJNDI">jms/vdst_q/cp/CPM_ProvABCS_CSV</property>
            <property name="factoryJNDI">eis/VDST/QueueConnectionFactory</property>
            <property name="portType">Consume_Message_ptt</property>
         </activationAgent>
      </activationAgents>
   </BPELProcess>
</BPELSuitcase>
