<?xml version="1.0" encoding="UTF-8"?>
<toplink:object-persistence version="Oracle TopLink - 10g Release 3 (10.1.3.4.0) (Build 080602)" xmlns:opm="http://xmlns.oracle.com/ias/xsds/opm" xmlns:xsd="http://www.w3.org/2001/XMLSchema" xmlns:toplink="http://xmlns.oracle.com/ias/xsds/toplink" xmlns:xsi="http://www.w3.org/2001/XMLSchema-instance">
   <opm:name>resultOutDBAdapter2</opm:name>
   <opm:class-mapping-descriptors>
      <opm:class-mapping-descriptor xsi:type="toplink:relational-class-mapping-descriptor">
         <opm:class>resultOutDBAdapter2.Customer1</opm:class>
         <opm:alias>Customer1</opm:alias>
         <opm:primary-key>
            <opm:field table="CUSTOMER1" name="DETAILS" xsi:type="opm:column"/>
         </opm:primary-key>
         <opm:events xsi:type="toplink:event-policy"/>
         <opm:querying xsi:type="toplink:query-policy">
            <opm:queries>
               <opm:query name="findAllCustomer1" xsi:type="toplink:read-all-query">
                  <toplink:timeout>0</toplink:timeout>
                  <toplink:reference-class>resultOutDBAdapter2.Customer1</toplink:reference-class>
                  <toplink:cache-usage>primary-key</toplink:cache-usage>
                  <toplink:lock-mode>none</toplink:lock-mode>
                  <toplink:container xsi:type="toplink:list-container-policy">
                     <toplink:collection-type>java.util.Vector</toplink:collection-type>
                  </toplink:container>
               </opm:query>
            </opm:queries>
            <toplink:does-exist-query xsi:type="toplink:does-exist-query">
               <toplink:existence-check>check-database</toplink:existence-check>
            </toplink:does-exist-query>
         </opm:querying>
         <opm:attribute-mappings>
            <opm:attribute-mapping xsi:type="toplink:direct-mapping">
               <opm:attribute-name>details</opm:attribute-name>
               <opm:field table="CUSTOMER1" name="DETAILS" xsi:type="opm:column"/>
            </opm:attribute-mapping>
         </opm:attribute-mappings>
         <toplink:descriptor-type>independent</toplink:descriptor-type>
         <toplink:caching>
            <toplink:cache-type>weak-reference</toplink:cache-type>
            <toplink:always-refresh>true</toplink:always-refresh>
         </toplink:caching>
         <toplink:remote-caching>
            <toplink:cache-type>weak-reference</toplink:cache-type>
         </toplink:remote-caching>
         <toplink:instantiation/>
         <toplink:copying xsi:type="toplink:instantiation-copy-policy"/>
         <toplink:change-policy xsi:type="toplink:deferred-detection-change-policy"/>
         <toplink:tables>
            <toplink:table name="CUSTOMER1"/>
         </toplink:tables>
      </opm:class-mapping-descriptor>
   </opm:class-mapping-descriptors>
   <toplink:login xsi:type="toplink:database-login">
      <toplink:platform-class>oracle.toplink.platform.database.oracle.OraclePlatform</toplink:platform-class>
      <toplink:user-name>system</toplink:user-name>
      <toplink:password>47E570316F19A1CFFD2E2104BF5CA8FE</toplink:password>
      <toplink:driver-class>oracle.jdbc.OracleDriver</toplink:driver-class>
      <toplink:connection-url>jdbc:oracle:thin:@//localhost:1521/XE</toplink:connection-url>
   </toplink:login>
</toplink:object-persistence>
