<?xml version="1.0" encoding="UTF-8"?>
<toplink:object-persistence version="Oracle TopLink - 10g Release 3 (10.1.3.4.0) (Build 080602)" xmlns:opm="http://xmlns.oracle.com/ias/xsds/opm" xmlns:xsd="http://www.w3.org/2001/XMLSchema" xmlns:toplink="http://xmlns.oracle.com/ias/xsds/toplink" xmlns:xsi="http://www.w3.org/2001/XMLSchema-instance">
   <opm:name>LBT_POLL_ITEM_NUMBER_OUTBOUND</opm:name>
   <toplink:login xsi:type="toplink:database-login">
      <toplink:platform-class>oracle.toplink.platform.database.oracle.Oracle10Platform</toplink:platform-class>
      <toplink:user-name>APP_VENDAVO_PROD</toplink:user-name>
      <toplink:password>D9D88D6291908983FAF6582AD3CE81A7</toplink:password>
      <toplink:driver-class>oracle.jdbc.OracleDriver</toplink:driver-class>
      <toplink:connection-url>jdbc:oracle:thin:@enpushntora02.na.enpad.org:1521:enpdw</toplink:connection-url>
   </toplink:login>
</toplink:object-persistence>
