<?xml version="1.0" encoding="UTF-8" ?>
<!-- Generated by Oracle SOA Modeler version 1.0 at [6/18/12 3:17 PM]. -->
<composite name="ETH_AQDEMO"
           revision="1.0"
           label="2012-06-18_15-17-08_247"
           mode="active"
           state="on"
           xmlns="http://xmlns.oracle.com/sca/1.0"
           xmlns:xs="http://www.w3.org/2001/XMLSchema"
           xmlns:wsp="http://schemas.xmlsoap.org/ws/2004/09/policy"
           xmlns:orawsp="http://schemas.oracle.com/ws/2006/01/policy"
           xmlns:ui="http://xmlns.oracle.com/soa/designer/">
  <import namespace="http://xmlns.oracle.com/pcbpel/adapter/aq/ETH_APP_18thJUNE/ETH_AQDEMO/aq_dq_mdn"
          location="aq_dq_mdn.wsdl" importType="wsdl"/>
  <service name="aq_dq_mdn" ui:wsdlLocation="aq_dq_mdn.wsdl">
    <interface.wsdl interface="http://xmlns.oracle.com/pcbpel/adapter/aq/ETH_APP_18thJUNE/ETH_AQDEMO/aq_dq_mdn#wsdl.interface(Dequeue_ptt)"/>
    <binding.jca config="aq_dq_mdn_aq.jca"/>
  </service>
  <component name="BPELProcess1" version="1.1">
    <implementation.bpel src="BPELProcess1.bpel"/>
  </component>
  <wire>
    <source.uri>aq_dq_mdn</source.uri>
    <target.uri>BPELProcess1/aq_dq_mdn</target.uri>
  </wire>
</composite>
