<?xml version="1.0" encoding="UTF-8" ?>
<!-- Generated by Oracle SOA Modeler version 1.0 at [4/29/11 9:17 PM]. -->
<composite name="ETH_DBListner_Composite"
           revision="1.0"
           label="2011-04-29_21-17-18_588"
           mode="active"
           state="on"
           xmlns="http://xmlns.oracle.com/sca/1.0"
           xmlns:xs="http://www.w3.org/2001/XMLSchema"
           xmlns:wsp="http://schemas.xmlsoap.org/ws/2004/09/policy"
           xmlns:orawsp="http://schemas.oracle.com/ws/2006/01/policy"
           xmlns:ui="http://xmlns.oracle.com/soa/designer/">
  <import namespace="http://xmlns.oracle.com/pcbpel/adapter/file/Sarah_Mappings/ETH_DBListner_Composite/ETH_FL_RD_Payload"
          location="ETH_FL_RD_Payload.wsdl" importType="wsdl"/>
  <import namespace="http://xmlns.oracle.com/Sarah_Mappings/ETH_POEBM_OAGIS_Provider/ETH_BPEL_POEBM_OAGIS_Provider"
          location="oramds:/apps/ETH3/OutputServices/ProviderABCS/OAGIS90/ETH_BPEL_POEBM_OAGIS_Provider.wsdl"
          importType="wsdl"/>
  <import namespace="http://xmlns.oracle.com/Sarah_Mappings/ETH_POCOEBM_OAGIS_Provider/ETH_BPEL_POCOEBM_OAGIS_Provider"
          location="oramds:/apps/ETH3/OutputServices/ProviderABCS/OAGIS90/ETH_BPEL_POCOEBM_OAGIS_Provider.wsdl"
          importType="wsdl"/>
  <service name="ETH_FL_RD_Payload" ui:wsdlLocation="ETH_FL_RD_Payload.wsdl">
    <interface.wsdl interface="http://xmlns.oracle.com/pcbpel/adapter/file/Sarah_Mappings/ETH_DBListner_Composite/ETH_FL_RD_Payload#wsdl.interface(ReadPayload_ptt)"/>
    <binding.jca config="ETH_FL_RD_Payload_file.jca"/>
    <property name="INPUT_DIR" type="xs:string" many="false" override="may">/orionap/u01/app_SOA2/oracle/workingfolder/ETH/runtime/test/input</property>
  </service>
  <component name="ETH_BPEL_DBListner_Composite" version="1.1">
    <implementation.bpel src="ETH_BPEL_DBListner_Composite.bpel"/>
  </component>
  <reference name="ETH_POEBM_Provider"
             ui:wsdlLocation="oramds:/apps/ETH3/OutputServices/ProviderABCS/OAGIS90/ETH_BPEL_POEBM_OAGIS_Provider.wsdl">
    <interface.wsdl interface="http://xmlns.oracle.com/Sarah_Mappings/ETH_POEBM_OAGIS_Provider/ETH_BPEL_POEBM_OAGIS_Provider#wsdl.interface(ETH_BPEL_POEBM_OAGIS_Provider)"/>
    <binding.ws port="http://xmlns.oracle.com/Sarah_Mappings/ETH_POEBM_OAGIS_Provider/ETH_BPEL_POEBM_OAGIS_Provider#wsdl.endpoint(ETH_BPEL_POEBM_OAGIS_Provider/ETH_BPEL_POEBM_OAGIS_Provider)" location="http://usmtnz-dinfap19.dev.emrsn.org:8120/soa-infra/services/ETH_Temp/ETH_POEBM_OAGIS_Provider/eth_bpel_poebm_oagis_provider_client_ep?WSDL"/>
  </reference>
  <reference name="ETH_POCOEBM_Provider"
             ui:wsdlLocation="oramds:/apps/ETH3/OutputServices/ProviderABCS/OAGIS90/ETH_BPEL_POCOEBM_OAGIS_Provider.wsdl">
    <interface.wsdl interface="http://xmlns.oracle.com/Sarah_Mappings/ETH_POCOEBM_OAGIS_Provider/ETH_BPEL_POCOEBM_OAGIS_Provider#wsdl.interface(ETH_BPEL_POCOEBM_OAGIS_Provider)"/>
    <binding.ws port="http://xmlns.oracle.com/Sarah_Mappings/ETH_POCOEBM_OAGIS_Provider/ETH_BPEL_POCOEBM_OAGIS_Provider#wsdl.interface(ETH_BPEL_POCOEBM_OAGIS_Provider/ETH_BPEL_POCOEBM_OAGIS_Provider)" location="http://usmtnz-dinfap19.dev.emrsn.org:8120/soa-infra/services/ETH_Temp/ETH_POCOEBM_OAGIS_Provider/eth_bpel_pocoebm_oagis_provider_client_ep?WSDL"/>
  </reference>
  <wire>
    <source.uri>ETH_FL_RD_Payload</source.uri>
    <target.uri>ETH_BPEL_DBListner_Composite/ETH_FL_RD_Payload</target.uri>
  </wire>
  <wire>
    <source.uri>ETH_BPEL_DBListner_Composite/ETH_POCOEBM_Provider</source.uri>
    <target.uri>ETH_POCOEBM_Provider</target.uri>
  </wire>
  <wire>
    <source.uri>ETH_BPEL_DBListner_Composite/ETH_POEBM_Provider</source.uri>
    <target.uri>ETH_POEBM_Provider</target.uri>
  </wire>
</composite>
