<?xml version = '1.0' encoding = 'UTF-8'?>
<graphics>
   <outliner outliner_mode="false"/>
   <partnerlink_locations>
      <partnerlink name="VDST_JMSQDEQ_CSV_CatalogPricing" x="0" y="96" side="left" image="jms_adapter_palette.png"/>
      <partnerlink name="ConversionWebService" x="1025" y="1891" side="right"/>
      <partnerlink name="VDST_DBINS_CatalogPricing" x="1025" y="1326" side="right" image="db_adapter_palette.png"/>
   </partnerlink_locations>
   <diagram popupeditor="false" fixed_width_swimlanes="true" rounded_partnerlinks="true" centerzoom="true" validateonload="true" confirmbeforedelete="true" SELECTED_PARTNERLINK_COLOR="0,0,153" SWIMLANE_BACKGROUND="240,240,240" SWIMLANE_DIVIDER_BACKGROUND="218,218,218" GRAPH_BACKGROUND="255,255,255" SELECTED_BORDER_BACKGROUND="0,153,153" CONNECTED_PARTNERLINK_COLOR="204,204,255" CONNECTABLE_PARTNERLINK_COLOR="0,0,255" UNCONNECTED_PARTNERLINK_COLOR="192,192,192"/>
   <graph_layout save_collapse_state="yes" viewport="0,1555,1199,391" show_swimlanes="true">
      <layout_item collapsed="false" xpath="/process/process" type="Process" showhandlers="true"/>
      <layout_item collapsed="false" xpath="/process/sequence" type="Sequence"/>
      <layout_item collapsed="false" xpath="/process/sequence/scope[1]" type="Scope" showhandlers="true"/>
      <layout_item collapsed="false" xpath="/process/sequence/scope[1]/sequence" type="Sequence"/>
      <layout_item collapsed="false" xpath="/process/sequence/scope[2]" type="Scope" showhandlers="true"/>
      <layout_item collapsed="false" xpath="/process/sequence/scope[2]/sequence" type="Sequence"/>
      <layout_item collapsed="false" xpath="/process/sequence/scope[2]/sequence/switch" type="Switch"/>
      <layout_item collapsed="false" xpath="/process/sequence/scope[2]/sequence/switch/case[1]" type="Case"/>
      <layout_item collapsed="false" xpath="/process/sequence/scope[2]/sequence/switch/case[2]" type="Case"/>
      <layout_item collapsed="false" xpath="/process/sequence/scope[2]/sequence/switch/otherwise" type="Default"/>
      <layout_item collapsed="false" xpath="/process/sequence/scope[2]/sequence/switch/otherwise/sequence" type="Sequence"/>
      <layout_item collapsed="false" xpath="/process/sequence/scope[3]" type="Scope" showhandlers="true"/>
      <layout_item collapsed="false" xpath="/process/sequence/scope[3]/sequence" type="Sequence"/>
      <layout_item collapsed="false" xpath="/process/sequence/scope[4]" type="Scope" showhandlers="true"/>
      <layout_item collapsed="false" xpath="/process/sequence/scope[4]/sequence" type="Sequence"/>
      <layout_item collapsed="false" xpath="/process/sequence/scope[4]/sequence/switch" type="Switch"/>
      <layout_item collapsed="false" xpath="/process/sequence/scope[4]/sequence/switch/case" type="Case"/>
      <layout_item collapsed="false" xpath="/process/sequence/scope[4]/sequence/switch/case/sequence" type="Sequence"/>
      <layout_item collapsed="false" xpath="/process/sequence/scope[4]/sequence/switch/otherwise" type="Default"/>
   </graph_layout>
   <iconize assign="no" invoke="no" receive="no" reply="no" transform="no" terminate="no" wait="no" compensate="no" empty="no" java_embed="no" throw="no" validate="no" dropzones="no" sequences="no" scopes="no" picks="no" whiles="no" flows="no" optimize="no"/>
   <bookmarks/>
</graphics>
