<?xml version="1.0" encoding="UTF-8" ?>
<!-- Generated by Oracle SOA Modeler version 1.0 at [2/22/12 3:28 PM]. -->
<composite name="Project2"
           revision="1.0"
           label="2012-02-22_15-28-23_488"
           mode="active"
           state="on"
           xmlns="http://xmlns.oracle.com/sca/1.0"
           xmlns:xs="http://www.w3.org/2001/XMLSchema"
           xmlns:wsp="http://schemas.xmlsoap.org/ws/2004/09/policy"
           xmlns:orawsp="http://schemas.oracle.com/ws/2006/01/policy"
           xmlns:ui="http://xmlns.oracle.com/soa/designer/">
  <import namespace="http://xmlns.oracle.com/SHREE_19THFeb_APP/Project2/BPELProcess1"
          location="BPELProcess1.wsdl" importType="wsdl"/>
  <import namespace="http://xmlns.oracle.com/SHREE_19THFeb_APP/TESTASN_CommonService/BPELProcess1"
          location="http://usmtnz-dinfap19.dev.emrsn.org:8120/soa-infra/services/ETH_TEMP/TESTASN_CommonService/BPELProcess1.wsdl"
          importType="wsdl"/>
  <service name="bpelprocess1_client_ep" ui:wsdlLocation="BPELProcess1.wsdl">
    <interface.wsdl interface="http://xmlns.oracle.com/SHREE_19THFeb_APP/Project2/BPELProcess1#wsdl.interface(execute_ptt)"/>
    <binding.ws port="http://xmlns.oracle.com/SHREE_19THFeb_APP/Project2/BPELProcess1#wsdl.endpoint(bpelprocess1_client_ep/execute_pt)"/>
  </service>
  <component name="BPELProcess1" version="1.1">
    <implementation.bpel src="BPELProcess1.bpel"/>
  </component>
  <reference name="Service1"
             ui:wsdlLocation="http://usmtnz-dinfap19.dev.emrsn.org:8120/soa-infra/services/ETH_TEMP/TESTASN_CommonService/BPELProcess1.wsdl">
    <interface.wsdl interface="http://xmlns.oracle.com/SHREE_19THFeb_APP/TESTASN_CommonService/BPELProcess1#wsdl.interface(BPELProcess1)"
                    callbackInterface="http://xmlns.oracle.com/SHREE_19THFeb_APP/TESTASN_CommonService/BPELProcess1#wsdl.interface(BPELProcess1Callback)"/>
    <binding.ws port="http://xmlns.oracle.com/SHREE_19THFeb_APP/TESTASN_CommonService/BPELProcess1#wsdl.endpoint(bpelprocess1_client_ep/BPELProcess1_pt)"
                location="http://usmtnz-dinfap19.dev.emrsn.org:8120/soa-infra/services/ETH_TEMP/TESTASN_CommonService/bpelprocess1_client_ep?WSDL"
                soapVersion="1.1">
      <property name="weblogic.wsee.wsat.transaction.flowOption"
                type="xs:string" many="false">WSDLDriven</property>
    </binding.ws>
    <callback>
      <binding.ws port="http://xmlns.oracle.com/SHREE_19THFeb_APP/TESTASN_CommonService/BPELProcess1#wsdl.endpoint(bpelprocess1_client_ep/BPELProcess1Callback_pt)"/>
    </callback>
  </reference>
  <wire>
    <source.uri>bpelprocess1_client_ep</source.uri>
    <target.uri>BPELProcess1/bpelprocess1_client</target.uri>
  </wire>
  <wire>
    <source.uri>BPELProcess1/Service1</source.uri>
    <target.uri>Service1</target.uri>
  </wire>
</composite>
