<?xml version="1.0" encoding="UTF-8"?>
<toplink:object-persistence version="Oracle TopLink - 10g Release 3 (10.1.3.4.0) (Build 080602)" xmlns:opm="http://xmlns.oracle.com/ias/xsds/opm" xmlns:xsd="http://www.w3.org/2001/XMLSchema" xmlns:toplink="http://xmlns.oracle.com/ias/xsds/toplink" xmlns:xsi="http://www.w3.org/2001/XMLSchema-instance">
   <opm:name>LBT_POLL_ITEM_COST_OUTBOUND</opm:name>
   <opm:class-mapping-descriptors>
      <opm:class-mapping-descriptor xsi:type="toplink:relational-class-mapping-descriptor">
         <opm:class>LBTPOLLITEMCOSTOUTBOUND.ItemCostOutbound1</opm:class>
         <opm:alias>ItemCostOutbound1</opm:alias>
         <opm:primary-key>
            <opm:field table="ITEM_COST_OUTBOUND" name="ITEM_NBR" xsi:type="opm:column"/>
            <opm:field table="ITEM_COST_OUTBOUND" name="OPERATING_UNIT_CODE" xsi:type="opm:column"/>
            <opm:field table="ITEM_COST_OUTBOUND" name="COST_TYPE" xsi:type="opm:column"/>
         </opm:primary-key>
         <opm:events xsi:type="toplink:event-policy"/>
         <opm:querying xsi:type="toplink:query-policy">
            <opm:queries>
               <opm:query name="findAllItemCostOutbound1" xsi:type="toplink:read-all-query">
                  <toplink:timeout>0</toplink:timeout>
                  <toplink:reference-class>LBTPOLLITEMCOSTOUTBOUND.ItemCostOutbound1</toplink:reference-class>
                  <toplink:cache-usage>primary-key</toplink:cache-usage>
                  <toplink:lock-mode>none</toplink:lock-mode>
                  <toplink:container xsi:type="toplink:list-container-policy">
                     <toplink:collection-type>java.util.Vector</toplink:collection-type>
                  </toplink:container>
               </opm:query>
            </opm:queries>
            <toplink:does-exist-query xsi:type="toplink:does-exist-query">
               <toplink:existence-check>check-database</toplink:existence-check>
            </toplink:does-exist-query>
         </opm:querying>
         <opm:attribute-mappings>
            <opm:attribute-mapping xsi:type="toplink:direct-mapping">
               <opm:attribute-name>itemNbr</opm:attribute-name>
               <opm:field table="ITEM_COST_OUTBOUND" name="ITEM_NBR" xsi:type="opm:column"/>
            </opm:attribute-mapping>
            <opm:attribute-mapping xsi:type="toplink:direct-mapping">
               <opm:attribute-name>operatingUnitCode</opm:attribute-name>
               <opm:field table="ITEM_COST_OUTBOUND" name="OPERATING_UNIT_CODE" xsi:type="opm:column"/>
            </opm:attribute-mapping>
            <opm:attribute-mapping xsi:type="toplink:direct-mapping">
               <opm:attribute-name>costType</opm:attribute-name>
               <opm:field table="ITEM_COST_OUTBOUND" name="COST_TYPE" xsi:type="opm:column"/>
            </opm:attribute-mapping>
            <opm:attribute-mapping xsi:type="toplink:direct-mapping">
               <opm:attribute-name>unitCost</opm:attribute-name>
               <opm:field table="ITEM_COST_OUTBOUND" name="UNIT_COST" xsi:type="opm:column"/>
            </opm:attribute-mapping>
            <opm:attribute-mapping xsi:type="toplink:direct-mapping">
               <opm:attribute-name>materialCostElement</opm:attribute-name>
               <opm:field table="ITEM_COST_OUTBOUND" name="MATERIAL_COST_ELEMENT" xsi:type="opm:column"/>
            </opm:attribute-mapping>
            <opm:attribute-mapping xsi:type="toplink:direct-mapping">
               <opm:attribute-name>currencyCode</opm:attribute-name>
               <opm:field table="ITEM_COST_OUTBOUND" name="CURRENCY_CODE" xsi:type="opm:column"/>
            </opm:attribute-mapping>
            <opm:attribute-mapping xsi:type="toplink:direct-mapping">
               <opm:attribute-name>creationDate</opm:attribute-name>
               <opm:field table="ITEM_COST_OUTBOUND" name="CREATION_DATE" xsi:type="opm:column"/>
            </opm:attribute-mapping>
            <opm:attribute-mapping xsi:type="toplink:direct-mapping">
               <opm:attribute-name>effectiveStartDate</opm:attribute-name>
               <opm:field table="ITEM_COST_OUTBOUND" name="EFFECTIVE_START_DATE" xsi:type="opm:column"/>
            </opm:attribute-mapping>
            <opm:attribute-mapping xsi:type="toplink:direct-mapping">
               <opm:attribute-name>effectiveEndDate</opm:attribute-name>
               <opm:field table="ITEM_COST_OUTBOUND" name="EFFECTIVE_END_DATE" xsi:type="opm:column"/>
            </opm:attribute-mapping>
            <opm:attribute-mapping xsi:type="toplink:direct-mapping">
               <opm:attribute-name>processFlag</opm:attribute-name>
               <opm:field table="ITEM_COST_OUTBOUND" name="PROCESS_FLAG" xsi:type="opm:column"/>
            </opm:attribute-mapping>
         </opm:attribute-mappings>
         <toplink:descriptor-type>independent</toplink:descriptor-type>
         <toplink:caching>
            <toplink:cache-type>weak-reference</toplink:cache-type>
            <toplink:always-refresh>true</toplink:always-refresh>
         </toplink:caching>
         <toplink:remote-caching>
            <toplink:cache-type>weak-reference</toplink:cache-type>
         </toplink:remote-caching>
         <toplink:instantiation/>
         <toplink:copying xsi:type="toplink:instantiation-copy-policy"/>
         <toplink:change-policy xsi:type="toplink:deferred-detection-change-policy"/>
         <toplink:tables>
            <toplink:table name="ITEM_COST_OUTBOUND"/>
         </toplink:tables>
      </opm:class-mapping-descriptor>
   </opm:class-mapping-descriptors>
   <toplink:login xsi:type="toplink:database-login">
      <toplink:platform-class>oracle.toplink.platform.database.oracle.Oracle10Platform</toplink:platform-class>
      <toplink:user-name>app_vendavo</toplink:user-name>
      <toplink:password>B58D554E01A4451DCF9564B4EF3228B23CD1AC32AC1D5BD6</toplink:password>
      <toplink:driver-class>oracle.jdbc.OracleDriver</toplink:driver-class>
      <toplink:connection-url>jdbc:oracle:thin:@enpushntora02.na.enpad.org:1521:enpdw</toplink:connection-url>
   </toplink:login>
</toplink:object-persistence>
