<?xml version = '1.0' encoding = 'UTF-8'?>
<descriptor>
   <unique-filename>VDSTDBINSChannelPartnerPartMap.VdstChnlpartnerPartNumber.ClassDescriptor</unique-filename>
   <active>true</active>
   <bldr-class>VDSTDBINSChannelPartnerPartMap.VdstChnlpartnerPartNumber</bldr-class>
   <mappings>
      <mapping>
         <inherited>false</inherited>
         <instance-variable-name>partNumber</instance-variable-name>
         <default-field-names>
            <default-field-name>direct field=</default-field-name>
         </default-field-names>
         <uses-method-accessing>false</uses-method-accessing>
         <read-only>false</read-only>
         <get-method-handle>
            <method-handle/>
         </get-method-handle>
         <set-method-handle>
            <method-handle/>
         </set-method-handle>
         <direct-mapping-field-handle>
            <field-handle>
               <field-table>CMC_VDST_IMPORT.VDST_CHNLPARTNER_PART_NUMBER</field-table>
               <field-name>PART_NUMBER</field-name>
            </field-handle>
         </direct-mapping-field-handle>
         <mapping-class>MWDirectToFieldMapping</mapping-class>
      </mapping>
      <mapping>
         <inherited>false</inherited>
         <instance-variable-name>channelPartnerId</instance-variable-name>
         <default-field-names>
            <default-field-name>direct field=</default-field-name>
         </default-field-names>
         <uses-method-accessing>false</uses-method-accessing>
         <read-only>false</read-only>
         <get-method-handle>
            <method-handle/>
         </get-method-handle>
         <set-method-handle>
            <method-handle/>
         </set-method-handle>
         <direct-mapping-field-handle>
            <field-handle>
               <field-table>CMC_VDST_IMPORT.VDST_CHNLPARTNER_PART_NUMBER</field-table>
               <field-name>CHANNEL_PARTNER_ID</field-name>
            </field-handle>
         </direct-mapping-field-handle>
         <mapping-class>MWDirectToFieldMapping</mapping-class>
      </mapping>
      <mapping>
         <inherited>false</inherited>
         <instance-variable-name>channelPartnerPartNumber</instance-variable-name>
         <default-field-names>
            <default-field-name>direct field=</default-field-name>
         </default-field-names>
         <uses-method-accessing>false</uses-method-accessing>
         <read-only>false</read-only>
         <get-method-handle>
            <method-handle/>
         </get-method-handle>
         <set-method-handle>
            <method-handle/>
         </set-method-handle>
         <direct-mapping-field-handle>
            <field-handle>
               <field-table>CMC_VDST_IMPORT.VDST_CHNLPARTNER_PART_NUMBER</field-table>
               <field-name>CHANNEL_PARTNER_PART_NUMBER</field-name>
            </field-handle>
         </direct-mapping-field-handle>
         <mapping-class>MWDirectToFieldMapping</mapping-class>
      </mapping>
      <mapping>
         <inherited>false</inherited>
         <instance-variable-name>generatedTimestamp</instance-variable-name>
         <default-field-names>
            <default-field-name>direct field=</default-field-name>
         </default-field-names>
         <uses-method-accessing>false</uses-method-accessing>
         <read-only>false</read-only>
         <get-method-handle>
            <method-handle/>
         </get-method-handle>
         <set-method-handle>
            <method-handle/>
         </set-method-handle>
         <direct-mapping-field-handle>
            <field-handle>
               <field-table>CMC_VDST_IMPORT.VDST_CHNLPARTNER_PART_NUMBER</field-table>
               <field-name>GENERATED_TIMESTAMP</field-name>
            </field-handle>
         </direct-mapping-field-handle>
         <mapping-class>MWDirectToFieldMapping</mapping-class>
      </mapping>
   </mappings>
   <uses-sequencing>false</uses-sequencing>
   <should-always-refresh-cache>true</should-always-refresh-cache>
   <primary-key-field-handles>
      <field-handle>
         <field-table>CMC_VDST_IMPORT.VDST_CHNLPARTNER_PART_NUMBER</field-table>
         <field-name>PART_NUMBER</field-name>
      </field-handle>
      <field-handle>
         <field-table>CMC_VDST_IMPORT.VDST_CHNLPARTNER_PART_NUMBER</field-table>
         <field-name>CHANNEL_PARTNER_ID</field-name>
      </field-handle>
   </primary-key-field-handles>
   <primary-table>CMC_VDST_IMPORT.VDST_CHNLPARTNER_PART_NUMBER</primary-table>
   <associated-tables>
      <associated-table>
         <name>CMC_VDST_IMPORT.VDST_CHNLPARTNER_PART_NUMBER</name>
      </associated-table>
   </associated-tables>
   <sequence-number-field-handle>
      <field-handle/>
   </sequence-number-field-handle>
   <class-descriptor-query-manager>
      <query-manager>
         <descriptor-alias>VdstChnlpartnerPartNumber</descriptor-alias>
         <query-list>
            <query>
               <name>findAllVdstChnlpartnerPartNumber</name>
               <query-type>oracle.toplink.queryframework.ReadAllQuery</query-type>
               <cache-usage>Check Cache by Primary Key</cache-usage>
               <lock-mode>Do Not Acquire Locks</lock-mode>
               <distinct-state>Uncomputed Distinct</distinct-state>
               <in-memory-query-indirection-policy>Throw Indirection Exception</in-memory-query-indirection-policy>
               <cache-query-results>false</cache-query-results>
               <maintain-cache>true</maintain-cache>
               <refresh-identity-map-result>false</refresh-identity-map-result>
               <refresh-remote-identity-map-result>false</refresh-remote-identity-map-result>
               <use-wrapper-policy>true</use-wrapper-policy>
               <prepare>true</prepare>
               <query-timeout>0</query-timeout>
               <maximum-rows>0</maximum-rows>
               <format>
                  <query-format>
                     <main-compound-expression>
                        <expression>
                           <operator-type>AND</operator-type>
                           <expression-class>MWCompoundExpression</expression-class>
                        </expression>
                     </main-compound-expression>
                     <query-format-class>MWExpressionQueryFormat</query-format-class>
                  </query-format>
               </format>
            </query>
         </query-list>
      </query-manager>
   </class-descriptor-query-manager>
   <class-descriptor-identity-policy>
      <identity-policy>
         <identity-map-size>100</identity-map-size>
         <identity-map-class-name>oracle.toplink.internal.identitymaps.WeakIdentityMap</identity-map-class-name>
         <existence-checking>Check database</existence-checking>
      </identity-policy>
   </class-descriptor-identity-policy>
   <descriptor-class>MWClassDescriptor</descriptor-class>
</descriptor>
