<?xml version="1.0" encoding="UTF-8" ?>
<!-- Generated by Oracle SOA Modeler version 1.0 at [5/25/11 6:45 PM]. -->
<composite name="ETH_ReceiverTransactionInitiate_Composite"
           revision="1.0"
           label="2011-05-25_18-45-14_490"
           mode="active"
           state="on"
           xmlns="http://xmlns.oracle.com/sca/1.0"
           xmlns:xs="http://www.w3.org/2001/XMLSchema"
           xmlns:wsp="http://schemas.xmlsoap.org/ws/2004/09/policy"
           xmlns:orawsp="http://schemas.oracle.com/ws/2006/01/policy"
           xmlns:ui="http://xmlns.oracle.com/soa/designer/">
  <import namespace="http://xmlns.oracle.com/pcbpel/adapter/jms/OutputServices/ETH_ReceiverTransactionInitiate_Composite/ETH_JMS_ENQ_ErrorData_Topic"
          location="ETH_JMS_ENQ_ErrorData_Topic.wsdl" importType="wsdl"/>
  <import namespace="http://xmlns.oracle.com/ABCSImpl/ABM_/Industry/XML_/ETH_CreatePOABM_XML_ProvABCSImpl/V1.0"
          location="oramds:/apps/AIAMetaData/AIAComponents/ApplicationConnectorServiceLibrary/ETH/Providers/OAGIS90/V1/ETH_CreatePOABM_XML_ProvABCSImpl.wsdl"
          importType="wsdl"/>
  <import namespace="http://xmlns.oracle.com/ABCSImpl/ABM_/Industry/XML_/ETH_CreatePOCOABM_XML_ProvABCSImpl/V1.0"
          location="oramds:/apps/AIAMetaData/AIAComponents/ApplicationConnectorServiceLibrary/ETH/Providers/OAGIS90/V1/ETH_CreatePOCOABM_XML_ProvABCSImpl.wsdl"
          importType="wsdl"/>
  <import namespace="http://xmlns.oracle.com/ABCSImpl/ABM_/Industry/EDI_/ETH_Create850ABM_EDI_ProvABCSImpl/V1"
          location="oramds:/apps/AIAMetaData/AIAComponents/ApplicationConnectorServiceLibrary/ETH/Providers/EDI5020/V1/ETH_Create850ABM_EDI_ProvABCSImpl.wsdl"
          importType="wsdl"/>
  <import namespace="http://xmlns.oracle.com/ABCSImpl/ABM_/Industry/EDI_/ETH_Create860ABM_EDI_ProvABCSImpl/V1"
          location="oramds:/apps/AIAMetaData/AIAComponents/ApplicationConnectorServiceLibrary/ETH/Providers/EDI5020/V1/ETH_Create860ABM_EDI_ProvABCSImpl.wsdl"
          importType="wsdl"/>
  <import namespace="http://xmlns.oracle.com/OutputServices/ETH_ReceiverTransactionInitiate_Composite/ETH_Mediator_Route_to_POABCS"
          location="ETH_Mediator_Route_to_POABCS.wsdl" importType="wsdl"/>
  <import namespace="http://xmlns.oracle.com/OutputServices/ETH_ReceiverTransactionInitiate_Composite/ETH_Mediator_Route_to_POABCS"
          location="ETH_Mediator_Route_to_POABCSWrapper.wsdl"
          importType="wsdl"/>
  <import namespace="http://xmlns.oracle.com/OutputServices/ETH_ReceiverTransactionInitiate_Composite/ETH_Mediator_Route_to_POCOABCS"
          location="ETH_Mediator_Route_to_POCOABCS.wsdl" importType="wsdl"/>
  <import namespace="http://xmlns.oracle.com/OutputServices/ETH_ReceiverTransactionInitiate_Composite/ETH_Mediator_Route_to_POCOABCS"
          location="ETH_Mediator_Route_to_POCOABCSWrapper.wsdl"
          importType="wsdl"/>
  <import namespace="http://xmlns.oracle.com/pcbpel/adapter/db/OutputServices/ETH_ReceiverTransactionInitiate_Composite/ETH_DB_CallSP_GetReceiverTransaction"
          location="ETH_DB_CallSP_GetReceiverTransaction.wsdl"
          importType="wsdl"/>
  <import namespace="http://xmlns.oracle.com/OutputServices/ETH_ReceiverTransactionInitiate_Composite/ETH_BPEL_ReceiverTransactionInitiate"
          location="oramds:/apps/ETH3/OutputServices/ETH_ReceiverTransactionInitiate_Composite/ETH_BPEL_ReceiverTransactionInitiate.wsdl"
          importType="wsdl"/>
  <service name="eth_bpel_receivertransactioninitiate_client_ep"
           ui:wsdlLocation="oramds:/apps/ETH3/OutputServices/ETH_ReceiverTransactionInitiate_Composite/ETH_BPEL_ReceiverTransactionInitiate.wsdl">
    <interface.wsdl interface="http://xmlns.oracle.com/OutputServices/ETH_ReceiverTransactionInitiate_Composite/ETH_BPEL_ReceiverTransactionInitiate#wsdl.interface(ETH_BPEL_ReceiverTransactionInitiate)"
                    callbackInterface="http://xmlns.oracle.com/OutputServices/ETH_ReceiverTransactionInitiate_Composite/ETH_BPEL_ReceiverTransactionInitiate#wsdl.interface(ETH_BPEL_ReceiverTransactionInitiateCallback)"/>
    <binding.ws port="http://xmlns.oracle.com/OutputServices/ETH_ReceiverTransactionInitiate_Composite/ETH_BPEL_ReceiverTransactionInitiate#wsdl.endpoint(eth_bpel_receivertransactioninitiate_client_ep/ETH_BPEL_ReceiverTransactionInitiate_pt)">
      <property name="weblogic.wsee.wsat.transaction.flowOption"
                type="xs:string" many="false">NEVER</property>
    </binding.ws>
    <callback>
      <binding.ws port="http://xmlns.oracle.com/OutputServices/ETH_ReceiverTransactionInitiate_Composite/ETH_BPEL_ReceiverTransactionInitiate#wsdl.endpoint(eth_bpel_receivertransactioninitiate_client_ep/ETH_BPEL_ReceiverTransactionInitiateCallback_pt)"/>
    </callback>
  </service>
  <component name="ETH_BPEL_ReceiverTransactionInitiate" version="1.1">
    <implementation.bpel src="ETH_BPEL_ReceiverTransactionInitiate.bpel"/>
  </component>
  <component name="ETH_Mediator_Route_to_POABCS">
    <implementation.mediator src="ETH_Mediator_Route_to_POABCS.mplan"/>
  </component>
  <component name="ETH_Mediator_Route_to_POCOABCS">
    <implementation.mediator src="ETH_Mediator_Route_to_POCOABCS.mplan"/>
  </component>
  <reference name="ETH_JMS_ENQ_ErrorData_Topic"
             ui:wsdlLocation="ETH_JMS_ENQ_ErrorData_Topic.wsdl">
    <interface.wsdl interface="http://xmlns.oracle.com/pcbpel/adapter/jms/OutputServices/ETH_ReceiverTransactionInitiate_Composite/ETH_JMS_ENQ_ErrorData_Topic#wsdl.interface(Produce_Error_Msg_ptt)"/>
    <binding.jca config="ETH_JMS_ENQ_ErrorData_Topic_jms.jca"/>
  </reference>
  <reference name="ETH_CreatePOABM_XML_ProvABCSImpl_Reference"
             ui:wsdlLocation="oramds:/apps/AIAMetaData/AIAComponents/ApplicationConnectorServiceLibrary/ETH/Providers/OAGIS90/V1/ETH_CreatePOABM_XML_ProvABCSImpl.wsdl">
    <interface.wsdl interface="http://xmlns.oracle.com/ABCSImpl/ABM_/Industry/XML_/ETH_CreatePOABM_XML_ProvABCSImpl/V1.0#wsdl.interface(ETH_CreatePOABM_XML_ProvABCSImpl)"/>
    <binding.ws port="http://xmlns.oracle.com/ABCSImpl/ABM_/Industry/XML_/ETH_CreatePOABM_XML_ProvABCSImpl/V1.0#wsdl.endpoint(ETH_CreatePOABM_XML_ProvABCSImpl/ETH_CreatePOABM_XML_ProvABCSImpl_pt)" location="http://usmtnz-dinfap19.dev.emrsn.org:8120/soa-infra/services/ETH_OUTPUT_SERVICES_OAGIS90/ETH_CreatePOABM_XML_ProvABCSImpl/ETH_CreatePOABM_XML_ProvABCSImpl?WSDL"/>
  </reference>
  <reference name="ETH_CreatePOCOABM_XML_ProvABCSImpl_Reference"
             ui:wsdlLocation="oramds:/apps/AIAMetaData/AIAComponents/ApplicationConnectorServiceLibrary/ETH/Providers/OAGIS90/V1/ETH_CreatePOCOABM_XML_ProvABCSImpl.wsdl">
    <interface.wsdl interface="http://xmlns.oracle.com/ABCSImpl/ABM_/Industry/XML_/ETH_CreatePOCOABM_XML_ProvABCSImpl/V1.0#wsdl.interface(ETH_CreatePOCOABM_XML_ProvABCSImpl)"/>
    <binding.ws port="http://xmlns.oracle.com/ABCSImpl/ABM_/Industry/XML_/ETH_CreatePOCOABM_XML_ProvABCSImpl/V1.0#wsdl.endpoint(ETH_CreatePOCOABM_XML_ProvABCSImpl/ETH_CreatePOCOABM_XML_ProvABCSImpl_pt)" location="http://usmtnz-dinfap19.dev.emrsn.org:8120/soa-infra/services/ETH_OUTPUT_SERVICES_OAGIS90/ETH_CreatePOCOABM_XML_ProvABCSImpl/ETH_CreatePOCOABM_XML_ProvABCSImpl?WSDL"/>
  </reference>
  <reference name="ETH_Create850ABM_EDI_ProvABCSImpl_Reference"
             ui:wsdlLocation="oramds:/apps/AIAMetaData/AIAComponents/ApplicationConnectorServiceLibrary/ETH/Providers/EDI5020/V1/ETH_Create850ABM_EDI_ProvABCSImpl.wsdl">
    <interface.wsdl interface="http://xmlns.oracle.com/ABCSImpl/ABM_/Industry/EDI_/ETH_Create850ABM_EDI_ProvABCSImpl/V1#wsdl.interface(ETH_Create850ABM_EDI_ProvABCSImpl)"/>
    <binding.ws port="http://xmlns.oracle.com/ABCSImpl/ABM_/Industry/EDI_/ETH_Create850ABM_EDI_ProvABCSImpl/V1#wsdl.endpoint(ETH_Create850ABM_EDI_ProvABCSImpl/ETH_Create850ABM_EDI_ProvABCSImpl_pt)" location="http://usmtnz-dinfap19.dev.emrsn.org:8120/soa-infra/services/ETH_OUTPUT_SERVICES_EDI5020/ETH_Create850ABM_EDI_ProvABCSImpl/ETH_Create850ABM_EDI_ProvABCSImpl?WSDL"/>
  </reference>
  <reference name="ETH_Create860ABM_EDI_ProvABCSImpl_Reference"
             ui:wsdlLocation="oramds:/apps/AIAMetaData/AIAComponents/ApplicationConnectorServiceLibrary/ETH/Providers/EDI5020/V1/ETH_Create860ABM_EDI_ProvABCSImpl.wsdl">
    <interface.wsdl interface="http://xmlns.oracle.com/ABCSImpl/ABM_/Industry/EDI_/ETH_Create860ABM_EDI_ProvABCSImpl/V1#wsdl.interface(ETH_Create860ABM_EDI_ProvABCSImpl)"/>
    <binding.ws port="http://xmlns.oracle.com/ABCSImpl/ABM_/Industry/EDI_/ETH_Create860ABM_EDI_ProvABCSImpl/V1#wsdl.endpoint(ETH_Create860ABM_EDI_ProvABCSImpl/ETH_Create860ABM_EDI_ProvABCSImpl_pt)" location="http://usmtnz-dinfap19.dev.emrsn.org:8120/soa-infra/services/ETH_OUTPUT_SERVICES_EDI5020/ETH_Create860ABM_EDI_ProvABCSImpl/ETH_Create860ABM_EDI_ProvABCSImpl?WSDL"/>
  </reference>
  <reference name="ETH_DB_CallSP_GetReceiverTransaction"
             ui:wsdlLocation="ETH_DB_CallSP_GetReceiverTransaction.wsdl">
    <interface.wsdl interface="http://xmlns.oracle.com/pcbpel/adapter/db/OutputServices/ETH_ReceiverTransactionInitiate_Composite/ETH_DB_CallSP_GetReceiverTransaction#wsdl.interface(ETH_DB_CallSP_GetReceiverTransaction_ptt)"/>
    <binding.jca config="ETH_DB_CallSP_GetReceiverTransaction_db.jca"/>
    <property name="jca.retry.count" type="xs:int" many="false" override="may">4</property>
    <property name="jca.retry.interval" type="xs:int" many="false"
              override="may">1</property>
    <property name="jca.retry.backoff" type="xs:int" many="false"
              override="may">2</property>
    <property name="jca.retry.maxInterval" type="xs:string" many="false"
              override="may">120</property>
  </reference>
  <wire>
    <source.uri>ETH_BPEL_ReceiverTransactionInitiate/ETH_JMS_ENQ_ErrorData_Topic</source.uri>
    <target.uri>ETH_JMS_ENQ_ErrorData_Topic</target.uri>
  </wire>
  <wire>
    <source.uri>ETH_BPEL_ReceiverTransactionInitiate/ETH_Mediator_Route_to_POABCS.ETH_Mediator_Route_to_POABCS</source.uri>
    <target.uri>ETH_Mediator_Route_to_POABCS/ETH_Mediator_Route_to_POABCS</target.uri>
  </wire>
  <wire>
    <source.uri>ETH_Mediator_Route_to_POABCS/ETH_CreatePOABM_XML_ProvABCSImpl_Reference</source.uri>
    <target.uri>ETH_CreatePOABM_XML_ProvABCSImpl_Reference</target.uri>
  </wire>
  <wire>
    <source.uri>ETH_Mediator_Route_to_POABCS/ETH_Create850ABM_EDI_ProvABCSImpl_Reference</source.uri>
    <target.uri>ETH_Create850ABM_EDI_ProvABCSImpl_Reference</target.uri>
  </wire>
  <wire>
    <source.uri>ETH_BPEL_ReceiverTransactionInitiate/ETH_Mediator_Route_to_POCOABCS.ETH_Mediator_Route_to_POCOABCS</source.uri>
    <target.uri>ETH_Mediator_Route_to_POCOABCS/ETH_Mediator_Route_to_POCOABCS</target.uri>
  </wire>
  <wire>
    <source.uri>ETH_Mediator_Route_to_POCOABCS/ETH_CreatePOCOABM_XML_ProvABCSImpl_Reference</source.uri>
    <target.uri>ETH_CreatePOCOABM_XML_ProvABCSImpl_Reference</target.uri>
  </wire>
  <wire>
    <source.uri>ETH_Mediator_Route_to_POCOABCS/ETH_Create860ABM_EDI_ProvABCSImpl_Reference</source.uri>
    <target.uri>ETH_Create860ABM_EDI_ProvABCSImpl_Reference</target.uri>
  </wire>
  <wire>
    <source.uri>ETH_BPEL_ReceiverTransactionInitiate/ETH_DB_CallSP_GetReceiverTransaction</source.uri>
    <target.uri>ETH_DB_CallSP_GetReceiverTransaction</target.uri>
  </wire>
  <wire>
    <source.uri>eth_bpel_receivertransactioninitiate_client_ep</source.uri>
    <target.uri>ETH_BPEL_ReceiverTransactionInitiate/eth_bpel_receivertransactioninitiate_client_ep</target.uri>
  </wire>
</composite>
