<?xml version = '1.0' encoding = 'UTF-8'?>
<BPELSuitcase>
   <BPELProcess id="CEH_BPEL_RejectedMsgHandler" src="CEH_BPEL_RejectedMsgHandler.bpel">
      <partnerLinkBindings>
         <partnerLinkBinding name="RejectedMessages">
            <property name="wsdlLocation">CEH_BPEL_RejectedMsgHandler.wsdl</property>
         </partnerLinkBinding>
         <partnerLinkBinding name="CEH_BPEL_CommonErrorHandler">
            <property name="wsdlLocation">http://INEDEC-MLAP-45.emrsn.org:80/orabpel/CommonServices/CEH_BPEL_CommonErrorHandler/1.0/CEH_BPEL_CommonErrorHandler?wsdl</property>
         </partnerLinkBinding>
      </partnerLinkBindings>
   </BPELProcess>
</BPELSuitcase>
