<?xml version="1.0" encoding="UTF-8" ?>
<!-- Generated by Oracle SOA Modeler version 1.0 at [4/29/11 8:40 PM]. -->
<composite name="ETH_POCOEBM_OAGIS_Provider"
           revision="1.0"
           label="2011-04-29_20-40-50_552"
           mode="active"
           state="on"
           xmlns="http://xmlns.oracle.com/sca/1.0"
           xmlns:xs="http://www.w3.org/2001/XMLSchema"
           xmlns:wsp="http://schemas.xmlsoap.org/ws/2004/09/policy"
           xmlns:orawsp="http://schemas.oracle.com/ws/2006/01/policy"
           xmlns:ui="http://xmlns.oracle.com/soa/designer/">
  <import namespace="http://xmlns.oracle.com/Sarah_Mappings/ETH_POCOEBM_OAGIS_Provider/ETH_BPEL_POCOEBM_OAGIS_Provider"
          location="ETH_BPEL_POCOEBM_OAGIS_Provider.wsdl" importType="wsdl"/>
  <service name="eth_bpel_pocoebm_oagis_provider_client_ep"
           ui:wsdlLocation="ETH_BPEL_POCOEBM_OAGIS_Provider.wsdl">
    <interface.wsdl interface="http://xmlns.oracle.com/Sarah_Mappings/ETH_POCOEBM_OAGIS_Provider/ETH_BPEL_POCOEBM_OAGIS_Provider#wsdl.interface(ETH_BPEL_POCOEBM_OAGIS_Provider)"/>
    <binding.ws port="http://xmlns.oracle.com/Sarah_Mappings/ETH_POCOEBM_OAGIS_Provider/ETH_BPEL_POCOEBM_OAGIS_Provider#wsdl.endpoint(eth_bpel_pocoebm_oagis_provider_client_ep/ETH_BPEL_POCOEBM_OAGIS_Provider_pt)"/>
  </service>
  <component name="ETH_BPEL_POCOEBM_OAGIS_Provider" version="1.1">
    <implementation.bpel src="ETH_BPEL_POCOEBM_OAGIS_Provider.bpel"/>
  </component>
  <wire>
    <source.uri>eth_bpel_pocoebm_oagis_provider_client_ep</source.uri>
    <target.uri>ETH_BPEL_POCOEBM_OAGIS_Provider/eth_bpel_pocoebm_oagis_provider_client</target.uri>
  </wire>
</composite>
