<?xml version="1.0" encoding="UTF-8" ?>
<!-- Generated by Oracle SOA Modeler version 1.0 at [11/21/11 9:43 AM]. -->
<composite name="BPELScheduler"
           revision="1.0"
           label="2011-11-21_09-43-38_093"
           mode="active"
           state="on"
           xmlns="http://xmlns.oracle.com/sca/1.0"
           xmlns:xs="http://www.w3.org/2001/XMLSchema"
           xmlns:wsp="http://schemas.xmlsoap.org/ws/2004/09/policy"
           xmlns:orawsp="http://schemas.oracle.com/ws/2006/01/policy"
           xmlns:ui="http://xmlns.oracle.com/soa/designer/">
  <import namespace="http://xmlns.oracle.com/pcbpel/adapter/file/Sarah_Mappings/BPELScheduler/RND_FL_GET_Scheduled"
          location="RND_FL_GET_Scheduled.wsdl" importType="wsdl"/>
  <service name="RND_FL_GET_Scheduled"
           ui:wsdlLocation="RND_FL_GET_Scheduled.wsdl">
    <interface.wsdl interface="http://xmlns.oracle.com/pcbpel/adapter/file/Sarah_Mappings/BPELScheduler/RND_FL_GET_Scheduled#wsdl.interface(Read_ptt)"/>
    <binding.jca config="RND_FL_GET_Scheduled_file.jca">
    <property name="setSchedulerCallout">DefaultSchedulerCalloutImpl</property>
    <property name="setEndpointScheduleOn">0 0 8 * * ?</property>
    <property name="setEndpointScheduleOff">0 0 10 * * ?</property>
    <property name="setHeartBeatInterval">10</property>
    </binding.jca>
    <property name="IN_DIR" type="xs:string" many="false" override="may">/orionap/u01/app_SOA2/oracle/workingfolder/ETH/runtime/test/input</property>
  </service>
  <component name="RND_BPEL_Scheduled_FILE_PICK" version="1.1">
    <implementation.bpel src="RND_BPEL_Scheduled_FILE_PICK.bpel"/>
  </component>
  <wire>
    <source.uri>RND_FL_GET_Scheduled</source.uri>
    <target.uri>RND_BPEL_Scheduled_FILE_PICK/RND_FL_GET_Scheduled</target.uri>
  </wire>
</composite>
