<?xml version = '1.0' encoding = 'UTF-8'?>
<ebo:ChangePurchaseOrderEBM xmlns:ebo="http://xmlns.oracle.com/EnterpriseObjects/Manufacturing/EBO/PurchaseOrder/Emerson">
   <corecom:EBMHeader xmlns:corecom="http://xmlns.oracle.com/EnterpriseObjects/Core/Common/V2">
      <corecom:Sender>
         <corecom:ID>EMR629</corecom:ID>
      </corecom:Sender>
      <corecom:Custom>
         <customEBMHeader:ApplicationArea xmlns:customEBMHeader="http://schemas.emerson.com/eth/customEBMHeader">
            <customEBMHeader:Sender>
               <customEBMHeader:LogicalID>4500118856</customEBMHeader:LogicalID>
               <customEBMHeader:ComponentID>PURCHASING</customEBMHeader:ComponentID>
               <customEBMHeader:TaskID>POISSUE</customEBMHeader:TaskID>
               <customEBMHeader:ReferenceID>000000341-103</customEBMHeader:ReferenceID>
               <customEBMHeader:ConfirmationCode>N</customEBMHeader:ConfirmationCode>
               <customEBMHeader:AuthorizationID>APPS</customEBMHeader:AuthorizationID>
            </customEBMHeader:Sender>
            <customEBMHeader:CreationDateTime>2010-09-30T09:09:00.0000+00:00</customEBMHeader:CreationDateTime>
            <customEBMHeader:UserArea>
               <customEBMHeader:CustomApplicationAreaUserArea>
                  <customEBMHeader:SenderID>EMR629</customEBMHeader:SenderID>
               </customEBMHeader:CustomApplicationAreaUserArea>
            </customEBMHeader:UserArea>
         </customEBMHeader:ApplicationArea>
      </corecom:Custom>
   </corecom:EBMHeader>
   <ebo:DataArea>
      <corecom:Change xmlns:corecom="http://xmlns.oracle.com/EnterpriseObjects/Core/Common/V2" responseCode="Y">
         <ns10:ActionCriteria xmlns:ns10="http://www.openapplications.org/oagis/9">
            <ns10:ActionExpression actionCode="Change"/>
         </ns10:ActionCriteria>
      </corecom:Change>
      <ebo:ChangePurchaseOrder>
         <ns10:PurchaseOrderHeader xmlns:ns10="http://www.openapplications.org/oagis/9">
            <ns10:DocumentID>
               <ns10:ID>8744500118856</ns10:ID>
               <ns10:RevisionID/>
               <ns10:VariationID>STANDARD</ns10:VariationID>
            </ns10:DocumentID>
            <ns10:DocumentDateTime>2010-09-06T00:00:00.0000+00:00</ns10:DocumentDateTime>
            <ns10:Status>
               <ns10:Code>OPEN</ns10:Code>
            </ns10:Status>
            <ns10:SupplierParty>
               <ns10:PartyIDs>
                  <ns10:ID>8740000100014</ns10:ID>
               </ns10:PartyIDs>
               <ns10:Name>KONTRON DESIGN MANUFACTURING SERVIC</ns10:Name>
               <ns10:Location>
                  <ns10:ID>AVCT-SHANNON</ns10:ID>
                  <ns10:Address>
                     <ns10:AddressLine sequence="1">13600 Zone Perindustrian Bebas Prai</ns10:AddressLine>
                     <ns10:AddressLine sequence="2"/>
                     <ns10:CityName>PENANG</ns10:CityName>
                     <ns10:CountrySubDivisionCode>06</ns10:CountrySubDivisionCode>
                     <ns10:CountryCode>MY</ns10:CountryCode>
                     <ns10:PostalCode>999999</ns10:PostalCode>
                  </ns10:Address>
               </ns10:Location>
               <ns10:Contact>
                  <ns10:Name>ACROSS</ns10:Name>
                  <ns10:Communication>
                     <ns10:ChannelCode>TELEPHONE</ns10:ChannelCode>
                     <ns10:Text>35361 715230</ns10:Text>
                  </ns10:Communication>
                  <ns10:Communication>
                     <ns10:ChannelCode>FAX</ns10:ChannelCode>
                     <ns10:Text>35361 715141</ns10:Text>
                  </ns10:Communication>
               </ns10:Contact>
            </ns10:SupplierParty>
            <ns10:ContractReference>
               <ns10:DocumentID>
                  <ns10:ID/>
               </ns10:DocumentID>
            </ns10:ContractReference>
            <ns10:BillToParty>
               <ns10:PartyIDs>
                  <ns10:ID>2720</ns10:ID>
               </ns10:PartyIDs>
               <ns10:Name>AVOCENT INTERNATIONAL LTD.</ns10:Name>
               <ns10:Location>
                  <ns10:ID>AVCT-SHANNON</ns10:ID>
                  <ns10:Address>
                     <ns10:AddressLine sequence="1">Shannon Free Trade Zone</ns10:AddressLine>
                     <ns10:AddressLine sequence="2"/>
                     <ns10:CityName>SHANNON</ns10:CityName>
                     <ns10:CountrySubDivisionCode>CE</ns10:CountrySubDivisionCode>
                     <ns10:CountryCode>IE</ns10:CountryCode>
                     <ns10:PostalCode>999999</ns10:PostalCode>
                  </ns10:Address>
               </ns10:Location>
               <ns10:Contact>
                  <ns10:Name/>
               </ns10:Contact>
            </ns10:BillToParty>
            <ns10:TransportationTerm>
               <ns10:IncotermsCode>FOB DESTINATION</ns10:IncotermsCode>
               <ns10:PlaceOfOwnershipTransferLocation>
                  <ns10:Description>INCO2010:FOB:</ns10:Description>
               </ns10:PlaceOfOwnershipTransferLocation>
               <ns10:FreightTermCode>DEFINEDBYBUYER&amp;SELLER</ns10:FreightTermCode>
            </ns10:TransportationTerm>
            <ns10:PaymentTerm>
               <ns10:Term>
                  <ns10:ID>5TH 3RD PROX</ns10:ID>
                  <ns10:Description>5TH 3RD PROX</ns10:Description>
               </ns10:Term>
            </ns10:PaymentTerm>
            <ns10:ReleaseNumber/>
            <ns10:UserArea>
               <ns10:CustomPurchaseOrderUserArea>
                  <ns10:CustomPurchaseOrderHeaderUserArea>
                     <ns10:EXCHRATE/>
                  </ns10:CustomPurchaseOrderHeaderUserArea>
               </ns10:CustomPurchaseOrderUserArea>
            </ns10:UserArea>
         </ns10:PurchaseOrderHeader>
         <ns10:PurchaseOrderLine xmlns:ns10="http://www.openapplications.org/oagis/9">
            <ns10:LineNumber>00010</ns10:LineNumber>
            <ns10:Description>ACS 5000 8 PORTS</ns10:Description>
            <ns10:Note/>
            <ns10:Status>
               <ns10:Code>OPEN</ns10:Code>
            </ns10:Status>
            <ns10:Item>
               <ns10:ItemID>
                  <ns10:ID>ACS5008</ns10:ID>
                  <ns10:RevisionID/>
               </ns10:ItemID>
               <ns10:SupplierItemID>
                  <ns10:ID/>
               </ns10:SupplierItemID>
               <ns10:HazardousMaterial>
                  <ns10:ID/>
               </ns10:HazardousMaterial>
            </ns10:Item>
            <ns10:Quantity unitCode="EA">4</ns10:Quantity>
            <ns10:UnitPrice>
               <ns10:Amount currencyID="USD">257.93</ns10:Amount>
               <ns10:PerQuantity>6</ns10:PerQuantity>
            </ns10:UnitPrice>
            <ns10:PurchaseOrderSchedule>
               <ns10:LineNumber>0001</ns10:LineNumber>
               <ns10:Quantity unitCode="EA">4</ns10:Quantity>
               <ns10:RequiredDeliveryDateTime>2010-11-12T00:00:00.0000+00:00</ns10:RequiredDeliveryDateTime>
               <ns10:UserArea>
                  <ns10:CustomPurchaseOrderUserArea>
                     <ns10:CustomPurchaseOrderLineUserArea>
                        <ns10:CustomPurchaseOrderLineScheduleUserArea>
                           <ns10:ShipToParty>
                              <ns10:PartyIDs>
                                 <ns10:ID>4000</ns10:ID>
                              </ns10:PartyIDs>
                              <ns10:Name>AVOCENT INTERNATIONAL LTD</ns10:Name>
                              <ns10:Location>
                                 <ns10:ID/>
                                 <ns10:Address>
                                    <ns10:AddressLine sequence="1">Shannon Free Zone</ns10:AddressLine>
                                    <ns10:AddressLine sequence="2"/>
                                    <ns10:CityName>SHANNON</ns10:CityName>
                                    <ns10:CountrySubDivisionCode>CE</ns10:CountrySubDivisionCode>
                                    <ns10:CountryCode>IE</ns10:CountryCode>
                                    <ns10:PostalCode>999999</ns10:PostalCode>
                                 </ns10:Address>
                              </ns10:Location>
                              <ns10:Contact>
                                 <ns10:Name/>
                              </ns10:Contact>
                           </ns10:ShipToParty>
                           <ns10:PSCLNSTATUS>OPEN</ns10:PSCLNSTATUS>
                        </ns10:CustomPurchaseOrderLineScheduleUserArea>
                     </ns10:CustomPurchaseOrderLineUserArea>
                  </ns10:CustomPurchaseOrderUserArea>
               </ns10:UserArea>
            </ns10:PurchaseOrderSchedule>
         </ns10:PurchaseOrderLine>
         <ns10:PurchaseOrderLine xmlns:ns10="http://www.openapplications.org/oagis/9">
            <ns10:LineNumber>00020</ns10:LineNumber>
            <ns10:Description>ALTERPATH ACS32 SAC</ns10:Description>
            <ns10:Note/>
            <ns10:Status>
               <ns10:Code>OPEN</ns10:Code>
            </ns10:Status>
            <ns10:Item>
               <ns10:ItemID>
                  <ns10:ID>ATP0100</ns10:ID>
                  <ns10:RevisionID/>
               </ns10:ItemID>
               <ns10:SupplierItemID>
                  <ns10:ID/>
               </ns10:SupplierItemID>
               <ns10:HazardousMaterial>
                  <ns10:ID/>
               </ns10:HazardousMaterial>
            </ns10:Item>
            <ns10:Quantity unitCode="EA">5</ns10:Quantity>
            <ns10:UnitPrice>
               <ns10:Amount currencyID="USD">362.84</ns10:Amount>
               <ns10:PerQuantity>6</ns10:PerQuantity>
            </ns10:UnitPrice>
            <ns10:PurchaseOrderSchedule>
               <ns10:LineNumber>0001</ns10:LineNumber>
               <ns10:Quantity unitCode="EA">5</ns10:Quantity>
               <ns10:RequiredDeliveryDateTime>2010-11-12T00:00:00.0000+00:00</ns10:RequiredDeliveryDateTime>
               <ns10:UserArea>
                  <ns10:CustomPurchaseOrderUserArea>
                     <ns10:CustomPurchaseOrderLineUserArea>
                        <ns10:CustomPurchaseOrderLineScheduleUserArea>
                           <ns10:ShipToParty>
                              <ns10:PartyIDs>
                                 <ns10:ID>4000</ns10:ID>
                              </ns10:PartyIDs>
                              <ns10:Name>AVOCENT INTERNATIONAL LTD</ns10:Name>
                              <ns10:Location>
                                 <ns10:ID/>
                                 <ns10:Address>
                                    <ns10:AddressLine sequence="1">Shannon Free Zone</ns10:AddressLine>
                                    <ns10:AddressLine sequence="2"/>
                                    <ns10:CityName>SHANNON</ns10:CityName>
                                    <ns10:CountrySubDivisionCode>CE</ns10:CountrySubDivisionCode>
                                    <ns10:CountryCode>IE</ns10:CountryCode>
                                    <ns10:PostalCode>999999</ns10:PostalCode>
                                 </ns10:Address>
                              </ns10:Location>
                              <ns10:Contact>
                                 <ns10:Name/>
                              </ns10:Contact>
                           </ns10:ShipToParty>
                           <ns10:PSCLNSTATUS>OPEN</ns10:PSCLNSTATUS>
                        </ns10:CustomPurchaseOrderLineScheduleUserArea>
                     </ns10:CustomPurchaseOrderLineUserArea>
                  </ns10:CustomPurchaseOrderUserArea>
               </ns10:UserArea>
            </ns10:PurchaseOrderSchedule>
         </ns10:PurchaseOrderLine>
         <ns10:PurchaseOrderLine xmlns:ns10="http://www.openapplications.org/oagis/9">
            <ns10:LineNumber>00030</ns10:LineNumber>
            <ns10:Description>ALTERPATH ACS32 DAC</ns10:Description>
            <ns10:Note/>
            <ns10:Status>
               <ns10:Code>OPEN</ns10:Code>
            </ns10:Status>
            <ns10:Item>
               <ns10:ItemID>
                  <ns10:ID>ATP0150-202</ns10:ID>
                  <ns10:RevisionID/>
               </ns10:ItemID>
               <ns10:SupplierItemID>
                  <ns10:ID/>
               </ns10:SupplierItemID>
               <ns10:HazardousMaterial>
                  <ns10:ID/>
               </ns10:HazardousMaterial>
            </ns10:Item>
            <ns10:Quantity unitCode="EA">4</ns10:Quantity>
            <ns10:UnitPrice>
               <ns10:Amount currencyID="USD">405.01</ns10:Amount>
               <ns10:PerQuantity>6</ns10:PerQuantity>
            </ns10:UnitPrice>
            <ns10:PurchaseOrderSchedule>
               <ns10:LineNumber>0001</ns10:LineNumber>
               <ns10:Quantity unitCode="EA">4</ns10:Quantity>
               <ns10:RequiredDeliveryDateTime>2010-11-12T00:00:00.0000+00:00</ns10:RequiredDeliveryDateTime>
               <ns10:UserArea>
                  <ns10:CustomPurchaseOrderUserArea>
                     <ns10:CustomPurchaseOrderLineUserArea>
                        <ns10:CustomPurchaseOrderLineScheduleUserArea>
                           <ns10:ShipToParty>
                              <ns10:PartyIDs>
                                 <ns10:ID>4000</ns10:ID>
                              </ns10:PartyIDs>
                              <ns10:Name>AVOCENT INTERNATIONAL LTD</ns10:Name>
                              <ns10:Location>
                                 <ns10:ID/>
                                 <ns10:Address>
                                    <ns10:AddressLine sequence="1">Shannon Free Zone</ns10:AddressLine>
                                    <ns10:AddressLine sequence="2"/>
                                    <ns10:CityName>SHANNON</ns10:CityName>
                                    <ns10:CountrySubDivisionCode>CE</ns10:CountrySubDivisionCode>
                                    <ns10:CountryCode>IE</ns10:CountryCode>
                                    <ns10:PostalCode>999999</ns10:PostalCode>
                                 </ns10:Address>
                              </ns10:Location>
                              <ns10:Contact>
                                 <ns10:Name/>
                              </ns10:Contact>
                           </ns10:ShipToParty>
                           <ns10:PSCLNSTATUS>OPEN</ns10:PSCLNSTATUS>
                        </ns10:CustomPurchaseOrderLineScheduleUserArea>
                     </ns10:CustomPurchaseOrderLineUserArea>
                  </ns10:CustomPurchaseOrderUserArea>
               </ns10:UserArea>
            </ns10:PurchaseOrderSchedule>
         </ns10:PurchaseOrderLine>
         <ns10:PurchaseOrderLine xmlns:ns10="http://www.openapplications.org/oagis/9">
            <ns10:LineNumber>00050</ns10:LineNumber>
            <ns10:Description>ALTERPATH ACS48 DAC</ns10:Description>
            <ns10:Note/>
            <ns10:Status>
               <ns10:Code>OPEN</ns10:Code>
            </ns10:Status>
            <ns10:Item>
               <ns10:ItemID>
                  <ns10:ID>ATP0200-202</ns10:ID>
                  <ns10:RevisionID/>
               </ns10:ItemID>
               <ns10:SupplierItemID>
                  <ns10:ID/>
               </ns10:SupplierItemID>
               <ns10:HazardousMaterial>
                  <ns10:ID/>
               </ns10:HazardousMaterial>
            </ns10:Item>
            <ns10:Quantity unitCode="EA">13</ns10:Quantity>
            <ns10:UnitPrice>
               <ns10:Amount currencyID="USD">483.28</ns10:Amount>
               <ns10:PerQuantity>6</ns10:PerQuantity>
            </ns10:UnitPrice>
            <ns10:PurchaseOrderSchedule>
               <ns10:LineNumber>0001</ns10:LineNumber>
               <ns10:Quantity unitCode="EA">13</ns10:Quantity>
               <ns10:RequiredDeliveryDateTime>2010-11-19T00:00:00.0000+00:00</ns10:RequiredDeliveryDateTime>
               <ns10:UserArea>
                  <ns10:CustomPurchaseOrderUserArea>
                     <ns10:CustomPurchaseOrderLineUserArea>
                        <ns10:CustomPurchaseOrderLineScheduleUserArea>
                           <ns10:ShipToParty>
                              <ns10:PartyIDs>
                                 <ns10:ID>4000</ns10:ID>
                              </ns10:PartyIDs>
                              <ns10:Name>AVOCENT INTERNATIONAL LTD</ns10:Name>
                              <ns10:Location>
                                 <ns10:ID/>
                                 <ns10:Address>
                                    <ns10:AddressLine sequence="1">Shannon Free Zone</ns10:AddressLine>
                                    <ns10:AddressLine sequence="2"/>
                                    <ns10:CityName>SHANNON</ns10:CityName>
                                    <ns10:CountrySubDivisionCode>CE</ns10:CountrySubDivisionCode>
                                    <ns10:CountryCode>IE</ns10:CountryCode>
                                    <ns10:PostalCode>999999</ns10:PostalCode>
                                 </ns10:Address>
                              </ns10:Location>
                              <ns10:Contact>
                                 <ns10:Name/>
                              </ns10:Contact>
                           </ns10:ShipToParty>
                           <ns10:PSCLNSTATUS>OPEN</ns10:PSCLNSTATUS>
                        </ns10:CustomPurchaseOrderLineScheduleUserArea>
                     </ns10:CustomPurchaseOrderLineUserArea>
                  </ns10:CustomPurchaseOrderUserArea>
               </ns10:UserArea>
            </ns10:PurchaseOrderSchedule>
         </ns10:PurchaseOrderLine>
         <ns10:PurchaseOrderLine xmlns:ns10="http://www.openapplications.org/oagis/9">
            <ns10:LineNumber>00060</ns10:LineNumber>
            <ns10:Description>ALTERPATH ACS48 DAC</ns10:Description>
            <ns10:Note/>
            <ns10:Status>
               <ns10:Code>OPEN</ns10:Code>
            </ns10:Status>
            <ns10:Item>
               <ns10:ItemID>
                  <ns10:ID>ATP0200-202</ns10:ID>
                  <ns10:RevisionID/>
               </ns10:ItemID>
               <ns10:SupplierItemID>
                  <ns10:ID/>
               </ns10:SupplierItemID>
               <ns10:HazardousMaterial>
                  <ns10:ID/>
               </ns10:HazardousMaterial>
            </ns10:Item>
            <ns10:Quantity unitCode="EA">10</ns10:Quantity>
            <ns10:UnitPrice>
               <ns10:Amount currencyID="USD">483.28</ns10:Amount>
               <ns10:PerQuantity>6</ns10:PerQuantity>
            </ns10:UnitPrice>
            <ns10:PurchaseOrderSchedule>
               <ns10:LineNumber>0001</ns10:LineNumber>
               <ns10:Quantity unitCode="EA">10</ns10:Quantity>
               <ns10:RequiredDeliveryDateTime>2010-11-12T00:00:00.0000+00:00</ns10:RequiredDeliveryDateTime>
               <ns10:UserArea>
                  <ns10:CustomPurchaseOrderUserArea>
                     <ns10:CustomPurchaseOrderLineUserArea>
                        <ns10:CustomPurchaseOrderLineScheduleUserArea>
                           <ns10:ShipToParty>
                              <ns10:PartyIDs>
                                 <ns10:ID>4000</ns10:ID>
                              </ns10:PartyIDs>
                              <ns10:Name>AVOCENT INTERNATIONAL LTD</ns10:Name>
                              <ns10:Location>
                                 <ns10:ID/>
                                 <ns10:Address>
                                    <ns10:AddressLine sequence="1">Shannon Free Zone</ns10:AddressLine>
                                    <ns10:AddressLine sequence="2"/>
                                    <ns10:CityName>SHANNON</ns10:CityName>
                                    <ns10:CountrySubDivisionCode>CE</ns10:CountrySubDivisionCode>
                                    <ns10:CountryCode>IE</ns10:CountryCode>
                                    <ns10:PostalCode>999999</ns10:PostalCode>
                                 </ns10:Address>
                              </ns10:Location>
                              <ns10:Contact>
                                 <ns10:Name/>
                              </ns10:Contact>
                           </ns10:ShipToParty>
                           <ns10:PSCLNSTATUS>OPEN</ns10:PSCLNSTATUS>
                        </ns10:CustomPurchaseOrderLineScheduleUserArea>
                     </ns10:CustomPurchaseOrderLineUserArea>
                  </ns10:CustomPurchaseOrderUserArea>
               </ns10:UserArea>
            </ns10:PurchaseOrderSchedule>
         </ns10:PurchaseOrderLine>
         <ns10:PurchaseOrderLine xmlns:ns10="http://www.openapplications.org/oagis/9">
            <ns10:LineNumber>00070</ns10:LineNumber>
            <ns10:Description>ALTERPATH ACS32 SAC</ns10:Description>
            <ns10:Note/>
            <ns10:Status>
               <ns10:Code>OPEN</ns10:Code>
            </ns10:Status>
            <ns10:Item>
               <ns10:ItemID>
                  <ns10:ID>ATP0100</ns10:ID>
                  <ns10:RevisionID/>
               </ns10:ItemID>
               <ns10:SupplierItemID>
                  <ns10:ID/>
               </ns10:SupplierItemID>
               <ns10:HazardousMaterial>
                  <ns10:ID/>
               </ns10:HazardousMaterial>
            </ns10:Item>
            <ns10:Quantity unitCode="EA">2</ns10:Quantity>
            <ns10:UnitPrice>
               <ns10:Amount currencyID="USD">362.84</ns10:Amount>
               <ns10:PerQuantity>6</ns10:PerQuantity>
            </ns10:UnitPrice>
            <ns10:PurchaseOrderSchedule>
               <ns10:LineNumber>0001</ns10:LineNumber>
               <ns10:Quantity unitCode="EA">2</ns10:Quantity>
               <ns10:RequiredDeliveryDateTime>2010-12-03T00:00:00.0000+00:00</ns10:RequiredDeliveryDateTime>
               <ns10:UserArea>
                  <ns10:CustomPurchaseOrderUserArea>
                     <ns10:CustomPurchaseOrderLineUserArea>
                        <ns10:CustomPurchaseOrderLineScheduleUserArea>
                           <ns10:ShipToParty>
                              <ns10:PartyIDs>
                                 <ns10:ID>4000</ns10:ID>
                              </ns10:PartyIDs>
                              <ns10:Name>AVOCENT INTERNATIONAL LTD</ns10:Name>
                              <ns10:Location>
                                 <ns10:ID/>
                                 <ns10:Address>
                                    <ns10:AddressLine sequence="1">Shannon Free Zone</ns10:AddressLine>
                                    <ns10:AddressLine sequence="2"/>
                                    <ns10:CityName>SHANNON</ns10:CityName>
                                    <ns10:CountrySubDivisionCode>CE</ns10:CountrySubDivisionCode>
                                    <ns10:CountryCode>IE</ns10:CountryCode>
                                    <ns10:PostalCode>999999</ns10:PostalCode>
                                 </ns10:Address>
                              </ns10:Location>
                              <ns10:Contact>
                                 <ns10:Name/>
                              </ns10:Contact>
                           </ns10:ShipToParty>
                           <ns10:PSCLNSTATUS>OPEN</ns10:PSCLNSTATUS>
                        </ns10:CustomPurchaseOrderLineScheduleUserArea>
                     </ns10:CustomPurchaseOrderLineUserArea>
                  </ns10:CustomPurchaseOrderUserArea>
               </ns10:UserArea>
            </ns10:PurchaseOrderSchedule>
         </ns10:PurchaseOrderLine>
      </ebo:ChangePurchaseOrder>
   </ebo:DataArea>
</ebo:ChangePurchaseOrderEBM>
