<?xml version = '1.0' encoding = 'UTF-8'?>
<ebo:ProcessPurchaseOrderEBM xmlns:ebo="http://xmlns.oracle.com/EnterpriseObjects/Manufacturing/EBO/PurchaseOrder/Emerson">
   <corecom:EBMHeader xmlns:corecom="http://xmlns.oracle.com/EnterpriseObjects/Core/Common/V2">
      <corecom:Sender>
         <corecom:ID>EMR629</corecom:ID>
      </corecom:Sender>
      <corecom:Custom>
         <customEBMHeader:ApplicationArea xmlns:customEBMHeader="http://schemas.emerson.com/eth/customEBMHeader">
            <customEBMHeader:Sender>
               <customEBMHeader:LogicalID>4500134707</customEBMHeader:LogicalID>
               <customEBMHeader:ComponentID>PURCHASING</customEBMHeader:ComponentID>
               <customEBMHeader:TaskID>POISSUE</customEBMHeader:TaskID>
               <customEBMHeader:ReferenceID>000018101-5238</customEBMHeader:ReferenceID>
               <customEBMHeader:ConfirmationCode>N</customEBMHeader:ConfirmationCode>
               <customEBMHeader:AuthorizationID>APPS</customEBMHeader:AuthorizationID>
            </customEBMHeader:Sender>
            <customEBMHeader:CreationDateTime>2011-06-29T15:53:00.0000+00:00</customEBMHeader:CreationDateTime>
            <customEBMHeader:UserArea>
               <customEBMHeader:CustomApplicationAreaUserArea>
                  <customEBMHeader:SenderID>EMR629</customEBMHeader:SenderID>
               </customEBMHeader:CustomApplicationAreaUserArea>
            </customEBMHeader:UserArea>
         </customEBMHeader:ApplicationArea>
      </corecom:Custom>
   </corecom:EBMHeader>
   <ebo:DataArea>
      <corecom:Process xmlns:corecom="http://xmlns.oracle.com/EnterpriseObjects/Core/Common/V2" acknowledgeCode="Y">
         <ns10:ActionCriteria xmlns:ns10="http://www.openapplications.org/oagis/9">
            <ns10:ActionExpression actionCode="Add"/>
         </ns10:ActionCriteria>
      </corecom:Process>
      <ebo:ProcessPurchaseOrder>
         <ns10:PurchaseOrderHeader xmlns:ns10="http://www.openapplications.org/oagis/9">
            <ns10:DocumentID>
               <ns10:ID>8749999999999</ns10:ID>
               <ns10:RevisionID>0</ns10:RevisionID>
               <ns10:VariationID>STANDARD</ns10:VariationID>
            </ns10:DocumentID>
            <ns10:DocumentDateTime>2011-06-29T00:00:00.0000+00:00</ns10:DocumentDateTime>
            <ns10:Status>
               <ns10:Code>OPEN</ns10:Code>
            </ns10:Status>
            <ns10:SupplierParty>
               <ns10:PartyIDs>
                  <ns10:ID>8740000110662</ns10:ID>
               </ns10:PartyIDs>
               <ns10:Name>JABIL CIRCUIT LTD (GUANGZHOU)</ns10:Name>
               <ns10:Location>
                  <ns10:ID>AVCT-HUNTSVILLE</ns10:ID>
                  <ns10:Address>
                     <ns10:AddressLine sequence="1">128 JUNCHENG RD.</ns10:AddressLine>
                     <ns10:AddressLine sequence="2"/>
                     <ns10:CityName>GUANGDONG PROVIDENCE</ns10:CityName>
                     <ns10:CountrySubDivisionCode>44</ns10:CountrySubDivisionCode>
                     <ns10:CountryCode>CN</ns10:CountryCode>
                     <ns10:PostalCode>999999</ns10:PostalCode>
                  </ns10:Address>
               </ns10:Location>
               <ns10:Contact>
                  <ns10:Name/>
               </ns10:Contact>
            </ns10:SupplierParty>
            <ns10:ContractReference>
               <ns10:DocumentID>
                  <ns10:ID/>
               </ns10:DocumentID>
            </ns10:ContractReference>
            <ns10:BillToParty>
               <ns10:PartyIDs>
                  <ns10:ID>1110</ns10:ID>
               </ns10:PartyIDs>
               <ns10:Name>AVOCENT HUNTSVILLE CORPORATION</ns10:Name>
               <ns10:Location>
                  <ns10:ID>AVCT-HUNTSVILLE</ns10:ID>
                  <ns10:Address>
                     <ns10:AddressLine sequence="1">4991 Corporate Drive</ns10:AddressLine>
                     <ns10:AddressLine sequence="2"/>
                     <ns10:CityName>HUNTSVILLE</ns10:CityName>
                     <ns10:CountrySubDivisionCode>AL</ns10:CountrySubDivisionCode>
                     <ns10:CountryCode>US</ns10:CountryCode>
                     <ns10:PostalCode>35805</ns10:PostalCode>
                  </ns10:Address>
               </ns10:Location>
               <ns10:Contact>
                  <ns10:Name/>
               </ns10:Contact>
            </ns10:BillToParty>
            <ns10:TransportationTerm>
               <ns10:IncotermsCode>FOB DESTINATION</ns10:IncotermsCode>
               <ns10:PlaceOfOwnershipTransferLocation>
                  <ns10:Description>INCO2010:DDU:</ns10:Description>
               </ns10:PlaceOfOwnershipTransferLocation>
               <ns10:FreightTermCode>COLLECT</ns10:FreightTermCode>
            </ns10:TransportationTerm>
            <ns10:PaymentTerm>
               <ns10:Term>
                  <ns10:ID>5TH 3RD PROX</ns10:ID>
                  <ns10:Description>5TH 3RD PROX</ns10:Description>
               </ns10:Term>
            </ns10:PaymentTerm>
            <ns10:ReleaseNumber/>
            <ns10:UserArea>
               <ns10:CustomPurchaseOrderUserArea>
                  <ns10:CustomPurchaseOrderHeaderUserArea>
                     <ns10:EXCHRATE/>
                  </ns10:CustomPurchaseOrderHeaderUserArea>
               </ns10:CustomPurchaseOrderUserArea>
            </ns10:UserArea>
         </ns10:PurchaseOrderHeader>
         <ns10:PurchaseOrderLine xmlns:ns10="http://www.openapplications.org/oagis/9">
            <ns10:LineNumber>00010</ns10:LineNumber>
            <ns10:Description>CYCLADES 48 PORT ACS 6000 DDC W/ MODEM</ns10:Description>
            <ns10:Note/>
            <ns10:Status>
               <ns10:Code>OPEN</ns10:Code>
            </ns10:Status>
            <ns10:Item>
               <ns10:ItemID>
                  <ns10:ID>63643004968</ns10:ID>
                  <ns10:RevisionID/>
               </ns10:ItemID>
               <ns10:SupplierItemID>
                  <ns10:ID/>
               </ns10:SupplierItemID>
               <ns10:HazardousMaterial>
                  <ns10:ID/>
               </ns10:HazardousMaterial>
            </ns10:Item>
            <ns10:Quantity unitCode="EA">10</ns10:Quantity>
            <ns10:UnitPrice>
               <ns10:Amount currencyID="USD">450.71</ns10:Amount>
               <ns10:PerQuantity>6</ns10:PerQuantity>
            </ns10:UnitPrice>
            <ns10:PurchaseOrderSchedule>
               <ns10:LineNumber>0001</ns10:LineNumber>
               <ns10:Quantity unitCode="EA">10</ns10:Quantity>
               <ns10:RequiredDeliveryDateTime>2011-10-26T00:00:00.0000+00:00</ns10:RequiredDeliveryDateTime>
               <ns10:UserArea>
                  <ns10:CustomPurchaseOrderUserArea>
                     <ns10:CustomPurchaseOrderLineUserArea>
                        <ns10:CustomPurchaseOrderLineScheduleUserArea>
                           <ns10:ShipToParty>
                              <ns10:PartyIDs>
                                 <ns10:ID>1010</ns10:ID>
                              </ns10:PartyIDs>
                              <ns10:Name>AVOCENT CORPORATION</ns10:Name>
                              <ns10:Location>
                                 <ns10:ID/>
                                 <ns10:Address>
                                    <ns10:AddressLine sequence="1">4991 Corporate Dr</ns10:AddressLine>
                                    <ns10:AddressLine sequence="2"/>
                                    <ns10:CityName>HUNTSVILLE</ns10:CityName>
                                    <ns10:CountrySubDivisionCode>AL</ns10:CountrySubDivisionCode>
                                    <ns10:CountryCode>US</ns10:CountryCode>
                                    <ns10:PostalCode>35805</ns10:PostalCode>
                                 </ns10:Address>
                              </ns10:Location>
                              <ns10:Contact>
                                 <ns10:Name/>
                              </ns10:Contact>
                           </ns10:ShipToParty>
                           <ns10:PSCLNSTATUS>OPEN</ns10:PSCLNSTATUS>
                        </ns10:CustomPurchaseOrderLineScheduleUserArea>
                     </ns10:CustomPurchaseOrderLineUserArea>
                  </ns10:CustomPurchaseOrderUserArea>
               </ns10:UserArea>
            </ns10:PurchaseOrderSchedule>
         </ns10:PurchaseOrderLine>
      </ebo:ProcessPurchaseOrder>
   </ebo:DataArea>
</ebo:ProcessPurchaseOrderEBM>
