<?xml version="1.0" encoding="UTF-8" ?>
<!-- Generated by Oracle SOA Modeler version 1.0 at [6/18/09 4:11 PM]. -->
<composite name="ExpertPolling"
           revision="1.0"
           label="2009-06-18_16-11-15_039"
           mode="active"
           state="on"
           xmlns="http://xmlns.oracle.com/sca/1.0"
           xmlns:xs="http://www.w3.org/2001/XMLSchema"
           xmlns:wsp="http://schemas.xmlsoap.org/ws/2004/09/policy"
           xmlns:orawsp="http://schemas.oracle.com/ws/2006/01/policy"
           xmlns:ui="http://xmlns.oracle.com/soa/designer/">
  <import namespace="http://xmlns.oracle.com/pcbpel/adapter/db/AdaptersDB/ExpertPolling/ShadowTable%2F"
          location="ShadowTable.wsdl" importType="wsdl"/>
  <import namespace="http://xmlns.oracle.com/pcbpel/adapter/db/AdaptersDB/ExpertPolling/Merge%2F"
          location="Merge.wsdl" importType="wsdl"/>
  <import namespace="http://xmlns.oracle.com/pcbpel/adapter/db/AdaptersDB/ExpertPolling/SysdateLogicalDelete%2F"
          location="SysdateLogicalDelete.wsdl" importType="wsdl"/>
  <import namespace="http://xmlns.oracle.com/pcbpel/adapter/db/AdaptersDB/ExpertPolling/OracleSCN%2F"
          location="OracleSCN.wsdl" importType="wsdl"/>
  <import namespace="http://xmlns.oracle.com/pcbpel/adapter/db/AdaptersDB/ExpertPolling/NoAfterRead%2F"
          location="NoAfterRead.wsdl" importType="wsdl"/>
  <service name="ShadowTable" ui:wsdlLocation="ShadowTable.wsdl">
    <interface.wsdl interface="http://xmlns.oracle.com/pcbpel/adapter/db/AdaptersDB/ExpertPolling/ShadowTable%2F#wsdl.interface(ShadowTable_ptt)"/>
    <binding.jca config="ShadowTable_db.jca"/>
    <property name="jca.retry.count" type="xs:int" many="false" override="may">2147483647</property>
    <property name="jca.retry.interval" type="xs:int" many="false"
              override="may">1</property>
    <property name="jca.retry.backoff" type="xs:int" many="false"
              override="may">2</property>
    <property name="jca.retry.maxInterval" type="xs:string" many="false"
              override="may">120</property>
  </service>
  <service name="SysdateLogicalDelete"
           ui:wsdlLocation="SysdateLogicalDelete.wsdl">
    <interface.wsdl interface="http://xmlns.oracle.com/pcbpel/adapter/db/AdaptersDB/ExpertPolling/SysdateLogicalDelete%2F#wsdl.interface(SysdateLogicalDelete_ptt)"/>
    <binding.jca config="SysdateLogicalDelete_db.jca"/>
    <property name="jca.retry.count" type="xs:int" many="false" override="may">2147483647</property>
    <property name="jca.retry.interval" type="xs:int" many="false"
              override="may">1</property>
    <property name="jca.retry.backoff" type="xs:int" many="false"
              override="may">2</property>
    <property name="jca.retry.maxInterval" type="xs:string" many="false"
              override="may">120</property>
  </service>
  <service name="OracleSCN" ui:wsdlLocation="OracleSCN.wsdl">
    <interface.wsdl interface="http://xmlns.oracle.com/pcbpel/adapter/db/AdaptersDB/ExpertPolling/OracleSCN%2F#wsdl.interface(OracleSCN_ptt)"/>
    <binding.jca config="OracleSCN_db.jca"/>
    <property name="jca.retry.count" type="xs:int" many="false" override="may">2147483647</property>
    <property name="jca.retry.interval" type="xs:int" many="false"
              override="may">1</property>
    <property name="jca.retry.backoff" type="xs:int" many="false"
              override="may">2</property>
    <property name="jca.retry.maxInterval" type="xs:string" many="false"
              override="may">120</property>
  </service>
  <service name="NoAfterRead" ui:wsdlLocation="NoAfterRead.wsdl">
    <interface.wsdl interface="http://xmlns.oracle.com/pcbpel/adapter/db/AdaptersDB/ExpertPolling/NoAfterRead%2F#wsdl.interface(NoAfterRead_ptt)"/>
    <binding.jca config="NoAfterRead_db.jca"/>
    <property name="jca.retry.count" type="xs:int" many="false" override="may">2147483647</property>
    <property name="jca.retry.interval" type="xs:int" many="false"
              override="may">1</property>
    <property name="jca.retry.backoff" type="xs:int" many="false"
              override="may">2</property>
    <property name="jca.retry.maxInterval" type="xs:string" many="false"
              override="may">120</property>
  </service>
  <component name="ShadowTableMediator">
    <implementation.mediator src="ShadowTableMediator.mplan"/>
  </component>
  <component name="SysdateLogicalDeleteMediator">
    <implementation.mediator src="SysdateLogicalDeleteMediator.mplan"/>
  </component>
  <component name="OracleSCNMediator">
    <implementation.mediator src="OracleSCNMediator.mplan"/>
  </component>
  <component name="NoAfterReadMediator">
    <implementation.mediator src="NoAfterReadMediator.mplan"/>
  </component>
  <reference name="Merge" ui:wsdlLocation="Merge.wsdl">
    <interface.wsdl interface="http://xmlns.oracle.com/pcbpel/adapter/db/AdaptersDB/ExpertPolling/Merge%2F#wsdl.interface(Merge_ptt)"/>
    <binding.jca config="Merge_db.jca"/>
    <property name="jca.retry.count" type="xs:int" many="false" override="may">4</property>
    <property name="jca.retry.interval" type="xs:int" many="false"
              override="may">1</property>
    <property name="jca.retry.backoff" type="xs:int" many="false"
              override="may">2</property>
    <property name="jca.retry.maxInterval" type="xs:string" many="false"
              override="may">120</property>
  </reference>
  <wire>
    <source.uri>ShadowTable</source.uri>
    <target.uri>ShadowTableMediator/ShadowTableMediator</target.uri>
  </wire>
  <wire>
    <source.uri>ShadowTableMediator/Merge</source.uri>
    <target.uri>Merge</target.uri>
  </wire>
  <wire>
    <source.uri>SysdateLogicalDelete</source.uri>
    <target.uri>SysdateLogicalDeleteMediator/SysdateLogicalDeleteMediator</target.uri>
  </wire>
  <wire>
    <source.uri>SysdateLogicalDeleteMediator/Merge</source.uri>
    <target.uri>Merge</target.uri>
  </wire>
  <wire>
    <source.uri>OracleSCN</source.uri>
    <target.uri>OracleSCNMediator/OracleSCNMediator</target.uri>
  </wire>
  <wire>
    <source.uri>OracleSCNMediator/Merge</source.uri>
    <target.uri>Merge</target.uri>
  </wire>
  <wire>
    <source.uri>NoAfterRead</source.uri>
    <target.uri>NoAfterReadMediator/NoAfterReadMediator</target.uri>
  </wire>
  <wire>
    <source.uri>NoAfterReadMediator/Merge</source.uri>
    <target.uri>Merge</target.uri>
  </wire>
</composite>
