<?xml version = '1.0' encoding = 'UTF-8'?>
<!DOCTYPE properties SYSTEM "http://java.sun.com/dtd/properties.dtd">
<properties>
   <entry key="MOVIES_IN.TITLE:db_column_size">50</entry>
   <entry key="MOVIE_REVIEWS_IN.LAST_UPDATED:db_column_type">DATE</entry>
   <entry key="MOVIES_IN.STARRING:db_column_not_null">false</entry>
   <entry key="MOVIE_REVIEWS_IN.QUOTE:db_column_size">255</entry>
   <entry key="MOVIES_IN.DELETED:db_column_size">5</entry>
   <entry key="MOVIES_IN.POLLING_STRATEGY:db_column_not_null">false</entry>
   <entry key="MOVIES_IN.VIEWER_RATING:db_column_not_null">false</entry>
   <entry key="MOVIES_IN.VIEWER_RATING:db_column_size">5</entry>
   <entry key="MOVIE_REVIEWS_IN.DELETED:db_column_size">5</entry>
   <entry key="MOVIES_IN.SEQUENCENO:db_column_not_null">false</entry>
   <entry key="MOVIES_IN.TITLE:db_column_type">VARCHAR2</entry>
   <entry key="MOVIE_REVIEWS_IN.DELETED:db_column_not_null">false</entry>
   <entry key="MOVIES_IN.SYNOPSIS:db_column_size">255</entry>
   <entry key="MOVIE_REVIEWS_IN.SOURCE:db_column_size">30</entry>
   <entry key="MOVIE_REVIEWS_IN.QUOTE:db_column_type">VARCHAR2</entry>
   <entry key="MOVIES_IN.DIRECTOR:db_column_not_null">false</entry>
   <entry key="MOVIES_IN.DELETED:db_column_type">VARCHAR2</entry>
   <entry key="MOVIES_IN.POLLING_STRATEGY:db_column_size">30</entry>
   <entry key="MOVIES_IN.STATUS:db_column_not_null">false</entry>
   <entry key="MOVIES_IN.GENRE:db_column_size">70</entry>
   <entry key="MOVIE_REVIEWS_IN.TITLE:db_column_size">50</entry>
   <entry key="MOVIES_IN.RATED:db_column_size">6</entry>
   <entry key="MOVIES_IN.TITLE:db_column_not_null">true</entry>
   <entry key="MOVIES_IN.RUN_TIME:db_column_scale">0</entry>
   <entry key="MOVIES_IN.VIEWER_RATING:db_column_type">VARCHAR2</entry>
   <entry key="MOVIE_REVIEWS_IN.DELETED:db_column_type">VARCHAR2</entry>
   <entry key="MOVIES_IN.RUN_TIME:db_column_type">NUMBER</entry>
   <entry key="MOVIES_IN:db_column_9">VIEWER_RATING</entry>
   <entry key="MOVIES_IN:db_column_8">RATING</entry>
   <entry key="MOVIE_REVIEWS_IN.SOURCE:db_column_not_null">false</entry>
   <entry key="MOVIES_IN:db_column_7">RATED</entry>
   <entry key="MOVIES_IN.SYNOPSIS:db_column_type">VARCHAR2</entry>
   <entry key="MOVIES_IN:db_column_6">RELEASE_DATE</entry>
   <entry key="MOVIES_IN:db_column_5">RUN_TIME</entry>
   <entry key="MOVIES_IN:db_column_4">GENRE</entry>
   <entry key="MOVIE_REVIEWS_IN.SOURCE:db_column_type">VARCHAR2</entry>
   <entry key="MOVIES_IN:db_column_3">SYNOPSIS</entry>
   <entry key="MOVIE_REVIEWS_IN.GRADE:db_column_size">4</entry>
   <entry key="MOVIES_IN:db_column_2">STARRING</entry>
   <entry key="MOVIES_IN:db_column_1">DIRECTOR</entry>
   <entry key="MOVIES_IN:db_column_0">TITLE</entry>
   <entry key="MOVIES_IN.TOTAL_GROSS:db_column_type">NUMBER</entry>
   <entry key="MOVIE_REVIEWS_IN.QUOTE:db_column_not_null">false</entry>
   <entry key="MOVIES_IN.POLLING_STRATEGY:db_column_type">VARCHAR2</entry>
   <entry key="MOVIES_IN.GENRE:db_column_type">VARCHAR2</entry>
   <entry key="MOVIE_REVIEWS_IN.TITLE:db_column_not_null">true</entry>
   <entry key="MOVIE_REVIEWS_IN.TITLE:db_column_type">VARCHAR2</entry>
   <entry key="MOVIES_IN.RUN_TIME:db_column_not_null">false</entry>
   <entry key="MOVIES_IN.TOTAL_GROSS:db_column_scale">0</entry>
   <entry key="MOVIES_IN.LAST_UPDATED:db_column_type">DATE</entry>
   <entry key="MOVIES_IN.RATED:db_column_type">VARCHAR2</entry>
   <entry key="MOVIES_IN.SEQUENCENO:db_column_scale">0</entry>
   <entry key="MOVIE_REVIEWS_IN.CRITIC:db_column_not_null">true</entry>
   <entry key="MOVIES_IN.RATING:db_column_not_null">false</entry>
   <entry key="return_single_result_set">false</entry>
   <entry key="MOVIES_IN.DIRECTOR:db_column_size">20</entry>
   <entry key="MOVIE_REVIEWS_IN.LAST_UPDATED:db_column_not_null">false</entry>
   <entry key="MOVIES_IN.GENRE:db_column_not_null">false</entry>
   <entry key="MOVIE_REVIEWS_IN.GRADE:db_column_type">VARCHAR2</entry>
   <entry key="MOVIES_IN.RUN_TIME:db_column_precision">22</entry>
   <entry key="MOVIE_REVIEWS_IN.GRADE:db_column_not_null">false</entry>
   <entry key="MOVIE_REVIEWS_IN:db_column_7">LAST_UPDATED</entry>
   <entry key="MOVIE_REVIEWS_IN:db_column_6">SEQUENCENO</entry>
   <entry key="MOVIE_REVIEWS_IN:db_column_5">DELETED</entry>
   <entry key="MOVIE_REVIEWS_IN:db_column_4">QUOTE</entry>
   <entry key="MOVIE_REVIEWS_IN:db_column_3">GRADE</entry>
   <entry key="MOVIE_REVIEWS_IN:db_column_2">SOURCE</entry>
   <entry key="MOVIE_REVIEWS_IN:db_column_1">CRITIC</entry>
   <entry key="MOVIES_IN:db_column_15">POLLING_STRATEGY</entry>
   <entry key="MOVIE_REVIEWS_IN:db_column_0">TITLE</entry>
   <entry key="MOVIES_IN:db_column_14">LAST_UPDATED</entry>
   <entry key="MOVIES_IN:db_column_13">SEQUENCENO</entry>
   <entry key="MOVIES_IN.SYNOPSIS:db_column_not_null">false</entry>
   <entry key="MOVIES_IN:db_column_12">DELETED</entry>
   <entry key="MOVIES_IN:db_column_11">TOTAL_GROSS</entry>
   <entry key="MOVIES_IN:db_column_10">STATUS</entry>
   <entry key="MOVIE_REVIEWS_IN:db_table_type">TABLE</entry>
   <entry key="MOVIE_REVIEWS_IN.SEQUENCENO:db_column_precision">22</entry>
   <entry key="MOVIES_IN.RATED:db_column_not_null">false</entry>
   <entry key="MOVIES_IN.DIRECTOR:db_column_type">VARCHAR2</entry>
   <entry key="MOVIE_REVIEWS_IN.CRITIC:db_column_size">20</entry>
   <entry key="root_descriptor_alias">MOVIES_IN</entry>
   <entry key="MOVIES_IN.STARRING:db_column_size">100</entry>
   <entry key="MOVIES_IN.DELETED:db_column_not_null">false</entry>
   <entry key="MOVIE_REVIEWS_IN.SEQUENCENO:db_column_not_null">false</entry>
   <entry key="MOVIES_IN.STATUS:db_column_size">11</entry>
   <entry key="MOVIES_IN:db_table_type">TABLE</entry>
   <entry key="MOVIES_IN.LAST_UPDATED:db_column_not_null">false</entry>
   <entry key="MOVIES_IN.RATING:db_column_size">4</entry>
   <entry key="MOVIES_IN.RELEASE_DATE:db_column_type">DATE</entry>
   <entry key="MOVIE_REVIEWS_IN.CRITIC:db_column_type">VARCHAR2</entry>
   <entry key="MOVIES_IN.STARRING:db_column_type">VARCHAR2</entry>
   <entry key="MOVIE_REVIEWS_IN.SEQUENCENO:db_column_type">NUMBER</entry>
   <entry key="MOVIE_REVIEWS_IN.SEQUENCENO:db_column_scale">0</entry>
   <entry key="MOVIES_IN.RELEASE_DATE:db_column_not_null">false</entry>
   <entry key="MOVIES_IN.TOTAL_GROSS:db_column_precision">22</entry>
   <entry key="MOVIES_IN.STATUS:db_column_type">VARCHAR2</entry>
   <entry key="MOVIES_IN.TOTAL_GROSS:db_column_not_null">false</entry>
   <entry key="MOVIES_IN.RATING:db_column_type">VARCHAR2</entry>
   <entry key="MOVIES_IN.SEQUENCENO:db_column_type">NUMBER</entry>
   <entry key="MOVIES_IN.SEQUENCENO:db_column_precision">22</entry>
</properties>