<?xml version="1.0" encoding="UTF-8"?>
<toplink:object-persistence version="Oracle TopLink - 10g Release 3 (10.1.3.3.0) (Build 070608)" xmlns:opm="http://xmlns.oracle.com/ias/xsds/opm" xmlns:xsd="http://www.w3.org/2001/XMLSchema" xmlns:toplink="http://xmlns.oracle.com/ias/xsds/toplink" xmlns:xsi="http://www.w3.org/2001/XMLSchema-instance">
   <opm:name>LBT_INSERT/UPDATE_OperatingUnit</opm:name>
   <opm:class-mapping-descriptors>
      <opm:class-mapping-descriptor xsi:type="toplink:relational-class-mapping-descriptor">
         <opm:class>LBTINSERTUPDATEOperatingUnit.EmrOperatingUnit1</opm:class>
         <opm:alias>EmrOperatingUnit1</opm:alias>
         <opm:primary-key>
            <opm:field table="EMR_OPERATING_UNIT" name="APP_ID" xsi:type="opm:column"/>
            <opm:field table="EMR_OPERATING_UNIT" name="OPERATING_UNIT_CODE" xsi:type="opm:column"/>
            <opm:field table="EMR_OPERATING_UNIT" name="OPERATING_UNIT_DESCRIPTION" xsi:type="opm:column"/>
            <opm:field table="EMR_OPERATING_UNIT" name="OPERATING_TYPE_CODE" xsi:type="opm:column"/>
         </opm:primary-key>
         <opm:events xsi:type="toplink:event-policy"/>
         <opm:querying xsi:type="toplink:query-policy">
            <opm:queries>
               <opm:query name="findAllEmrOperatingUnit1" xsi:type="toplink:read-all-query">
                  <toplink:timeout>0</toplink:timeout>
                  <toplink:reference-class>LBTINSERTUPDATEOperatingUnit.EmrOperatingUnit1</toplink:reference-class>
                  <toplink:cache-usage>primary-key</toplink:cache-usage>
                  <toplink:lock-mode>none</toplink:lock-mode>
                  <toplink:container xsi:type="toplink:list-container-policy">
                     <toplink:collection-type>java.util.Vector</toplink:collection-type>
                  </toplink:container>
               </opm:query>
            </opm:queries>
            <toplink:does-exist-query xsi:type="toplink:does-exist-query">
               <toplink:existence-check>check-database</toplink:existence-check>
            </toplink:does-exist-query>
         </opm:querying>
         <opm:attribute-mappings>
            <opm:attribute-mapping xsi:type="toplink:direct-mapping">
               <opm:attribute-name>appId</opm:attribute-name>
               <opm:field table="EMR_OPERATING_UNIT" name="APP_ID" xsi:type="opm:column"/>
               <opm:attribute-classification>java.lang.String</opm:attribute-classification>
            </opm:attribute-mapping>
            <opm:attribute-mapping xsi:type="toplink:direct-mapping">
               <opm:attribute-name>operatingUnitCode</opm:attribute-name>
               <opm:field table="EMR_OPERATING_UNIT" name="OPERATING_UNIT_CODE" xsi:type="opm:column"/>
               <opm:attribute-classification>java.lang.String</opm:attribute-classification>
            </opm:attribute-mapping>
            <opm:attribute-mapping xsi:type="toplink:direct-mapping">
               <opm:attribute-name>operatingUnitName</opm:attribute-name>
               <opm:field table="EMR_OPERATING_UNIT" name="OPERATING_UNIT_NAME" xsi:type="opm:column"/>
               <opm:attribute-classification>java.lang.String</opm:attribute-classification>
            </opm:attribute-mapping>
            <opm:attribute-mapping xsi:type="toplink:direct-mapping">
               <opm:attribute-name>operatingUnitDescription</opm:attribute-name>
               <opm:field table="EMR_OPERATING_UNIT" name="OPERATING_UNIT_DESCRIPTION" xsi:type="opm:column"/>
               <opm:attribute-classification>java.lang.String</opm:attribute-classification>
            </opm:attribute-mapping>
            <opm:attribute-mapping xsi:type="toplink:direct-mapping">
               <opm:attribute-name>worldAreaCode</opm:attribute-name>
               <opm:field table="EMR_OPERATING_UNIT" name="WORLD_AREA_CODE" xsi:type="opm:column"/>
               <opm:attribute-classification>java.lang.String</opm:attribute-classification>
            </opm:attribute-mapping>
            <opm:attribute-mapping xsi:type="toplink:direct-mapping">
               <opm:attribute-name>muFdoFlag</opm:attribute-name>
               <opm:field table="EMR_OPERATING_UNIT" name="MU_FDO_FLAG" xsi:type="opm:column"/>
               <opm:attribute-classification>java.lang.String</opm:attribute-classification>
            </opm:attribute-mapping>
            <opm:attribute-mapping xsi:type="toplink:direct-mapping">
               <opm:attribute-name>warehouseFlag</opm:attribute-name>
               <opm:field table="EMR_OPERATING_UNIT" name="WAREHOUSE_FLAG" xsi:type="opm:column"/>
               <opm:attribute-classification>java.lang.String</opm:attribute-classification>
            </opm:attribute-mapping>
            <opm:attribute-mapping xsi:type="toplink:direct-mapping">
               <opm:attribute-name>factoryFlag</opm:attribute-name>
               <opm:field table="EMR_OPERATING_UNIT" name="FACTORY_FLAG" xsi:type="opm:column"/>
               <opm:attribute-classification>java.lang.String</opm:attribute-classification>
            </opm:attribute-mapping>
            <opm:attribute-mapping xsi:type="toplink:direct-mapping">
               <opm:attribute-name>operatingTypeCode</opm:attribute-name>
               <opm:field table="EMR_OPERATING_UNIT" name="OPERATING_TYPE_CODE" xsi:type="opm:column"/>
               <opm:attribute-classification>java.lang.String</opm:attribute-classification>
            </opm:attribute-mapping>
         </opm:attribute-mappings>
         <toplink:descriptor-type>independent</toplink:descriptor-type>
         <toplink:caching>
            <toplink:cache-type>weak-reference</toplink:cache-type>
            <toplink:always-refresh>true</toplink:always-refresh>
         </toplink:caching>
         <toplink:remote-caching>
            <toplink:cache-type>weak-reference</toplink:cache-type>
         </toplink:remote-caching>
         <toplink:instantiation/>
         <toplink:copying xsi:type="toplink:instantiation-copy-policy"/>
         <toplink:change-policy xsi:type="toplink:deferred-detection-change-policy"/>
         <toplink:tables>
            <toplink:table name="EMR_OPERATING_UNIT"/>
         </toplink:tables>
      </opm:class-mapping-descriptor>
   </opm:class-mapping-descriptors>
</toplink:object-persistence>
