<?xml version="1.0" encoding="UTF-8"?>
<toplink:object-persistence version="Oracle TopLink - 10g Release 3 (10.1.3.3.0) (Build 070608)" xmlns:opm="http://xmlns.oracle.com/ias/xsds/opm" xmlns:xsd="http://www.w3.org/2001/XMLSchema" xmlns:toplink="http://xmlns.oracle.com/ias/xsds/toplink" xmlns:xsi="http://www.w3.org/2001/XMLSchema-instance">
   <opm:name>LBT_Poll_CONTROLtable</opm:name>
   <opm:class-mapping-descriptors>
      <opm:class-mapping-descriptor xsi:type="toplink:relational-class-mapping-descriptor">
         <opm:class>LBTPollCONTROLtable.EmrFusionChangeControl</opm:class>
         <opm:alias>EmrFusionChangeControl</opm:alias>
         <opm:primary-key>
            <opm:field table="EMR_FUSION_CHANGE_CONTROL" name="TABLE_NAME" xsi:type="opm:column"/>
            <opm:field table="EMR_FUSION_CHANGE_CONTROL" name="CHANGE_TIMESTAMP" xsi:type="opm:column"/>
         </opm:primary-key>
         <opm:events xsi:type="toplink:event-policy"/>
         <opm:querying xsi:type="toplink:query-policy">
            <opm:queries>
               <opm:query name="LBT_Poll_CONTROLtable" xsi:type="toplink:read-all-query">
                  <opm:criteria operator="or" xsi:type="toplink:logic-expression">
                     <toplink:left operator="or" xsi:type="toplink:logic-expression">
                        <toplink:left operator="equal" xsi:type="toplink:relation-expression">
                           <toplink:left name="tableName" xsi:type="toplink:query-key-expression">
                              <toplink:base xsi:type="toplink:base-expression"/>
                           </toplink:left>
                           <toplink:right xsi:type="toplink:constant-expression">
                              <toplink:value xsi:type="xsd:string">EMR_OPERATING_UNIT</toplink:value>
                           </toplink:right>
                        </toplink:left>
                        <toplink:right operator="equal" xsi:type="toplink:relation-expression">
                           <toplink:left name="tableName" xsi:type="toplink:query-key-expression">
                              <toplink:base xsi:type="toplink:base-expression"/>
                           </toplink:left>
                           <toplink:right xsi:type="toplink:constant-expression">
                              <toplink:value xsi:type="xsd:string">EMR_INVENTORY_ORG</toplink:value>
                           </toplink:right>
                        </toplink:right>
                     </toplink:left>
                     <toplink:right operator="equal" xsi:type="toplink:relation-expression">
                        <toplink:left name="tableName" xsi:type="toplink:query-key-expression">
                           <toplink:base xsi:type="toplink:base-expression"/>
                        </toplink:left>
                        <toplink:right xsi:type="toplink:constant-expression">
                           <toplink:value xsi:type="xsd:string">EMR_OPERATING_TYPE</toplink:value>
                        </toplink:right>
                     </toplink:right>
                  </opm:criteria>
                  <toplink:timeout>0</toplink:timeout>
                  <toplink:reference-class>LBTPollCONTROLtable.EmrFusionChangeControl</toplink:reference-class>
                  <toplink:refresh>true</toplink:refresh>
                  <toplink:remote-refresh>true</toplink:remote-refresh>
                  <toplink:cache-usage>primary-key</toplink:cache-usage>
                  <toplink:lock-mode>lock-no-wait</toplink:lock-mode>
                  <toplink:container xsi:type="toplink:list-container-policy">
                     <toplink:collection-type>java.util.Vector</toplink:collection-type>
                  </toplink:container>
               </opm:query>
               <opm:query name="findAllEmrFusionChangeControl" xsi:type="toplink:read-all-query">
                  <toplink:timeout>0</toplink:timeout>
                  <toplink:reference-class>LBTPollCONTROLtable.EmrFusionChangeControl</toplink:reference-class>
                  <toplink:cache-usage>primary-key</toplink:cache-usage>
                  <toplink:lock-mode>none</toplink:lock-mode>
                  <toplink:container xsi:type="toplink:list-container-policy">
                     <toplink:collection-type>java.util.Vector</toplink:collection-type>
                  </toplink:container>
               </opm:query>
            </opm:queries>
            <toplink:does-exist-query xsi:type="toplink:does-exist-query">
               <toplink:existence-check>check-database</toplink:existence-check>
            </toplink:does-exist-query>
         </opm:querying>
         <opm:attribute-mappings>
            <opm:attribute-mapping xsi:type="toplink:direct-mapping">
               <opm:attribute-name>tableName</opm:attribute-name>
               <opm:field table="EMR_FUSION_CHANGE_CONTROL" name="TABLE_NAME" xsi:type="opm:column"/>
               <opm:attribute-classification>java.lang.String</opm:attribute-classification>
            </opm:attribute-mapping>
            <opm:attribute-mapping xsi:type="toplink:direct-mapping">
               <opm:attribute-name>changeTimestamp</opm:attribute-name>
               <opm:field table="EMR_FUSION_CHANGE_CONTROL" name="CHANGE_TIMESTAMP" xsi:type="opm:column"/>
               <opm:attribute-classification>java.sql.Timestamp</opm:attribute-classification>
            </opm:attribute-mapping>
            <opm:attribute-mapping xsi:type="toplink:direct-mapping">
               <opm:attribute-name>processedFlag</opm:attribute-name>
               <opm:field table="EMR_FUSION_CHANGE_CONTROL" name="PROCESSED_FLAG" xsi:type="opm:column"/>
               <opm:attribute-classification>java.lang.String</opm:attribute-classification>
            </opm:attribute-mapping>
            <opm:attribute-mapping xsi:type="toplink:direct-mapping">
               <opm:attribute-name>processedTimestamp</opm:attribute-name>
               <opm:field table="EMR_FUSION_CHANGE_CONTROL" name="PROCESSED_TIMESTAMP" xsi:type="opm:column"/>
               <opm:attribute-classification>java.sql.Timestamp</opm:attribute-classification>
            </opm:attribute-mapping>
         </opm:attribute-mappings>
         <toplink:descriptor-type>independent</toplink:descriptor-type>
         <toplink:caching>
            <toplink:cache-type>weak-reference</toplink:cache-type>
            <toplink:always-refresh>true</toplink:always-refresh>
         </toplink:caching>
         <toplink:remote-caching>
            <toplink:cache-type>weak-reference</toplink:cache-type>
         </toplink:remote-caching>
         <toplink:instantiation/>
         <toplink:copying xsi:type="toplink:instantiation-copy-policy"/>
         <toplink:change-policy xsi:type="toplink:deferred-detection-change-policy"/>
         <toplink:tables>
            <toplink:table name="ITEMHUBT1.EMR_FUSION_CHANGE_CONTROL"/>
         </toplink:tables>
      </opm:class-mapping-descriptor>
   </opm:class-mapping-descriptors>
</toplink:object-persistence>
