<?xml version = '1.0' encoding = 'UTF-8'?>
<project_metadata>
   <system name="DefaultSystem" guid="96DD76C0971311DABF1A87858E4395A7" qname="DefaultSystem">
      <service name="PollXMLFile" guid="41EB190119F211DEAF48EB13DD37ED61" qname="DefaultSystem.PollXMLFile" status="ENABLED" serviceType="InboundAdapterService" serviceSubType="File" typeDescription="Inbound File Adapter Service" isWSDLEditable="false" dirty="true">
         <description/>
         <versionInfo>
            <ID>1238064812093</ID>
            <lastModifiedTime>Thu Mar 26 16:23:32 GMT+05:30 2009</lastModifiedTime>
            <lastModifiedUser>JDev_Dhami1_Polling_ESB</lastModifiedUser>
         </versionInfo>
         <parent guid="96DD76C0971311DABF1A87858E4395A7" qname="DefaultSystem" type="system"/>
         <invocation>
            <targetService guid="41EB190219F211DEAF48EB13DD37ED61" qname="DefaultSystem.PollXMLFile_RS"/>
            <interface>
               <wsdlURL>PollXMLFile.wsdl</wsdlURL>
               <portType xmlns:tns="http://xmlns.oracle.com/pcbpel/adapter/file/PollXMLFile/">tns:Read_ptt</portType>
            </interface>
         </invocation>
         <endpointProperties>
            <property name="rejectedMessageHandlers" value="bpel://default:welcome1|CEH_BPEL_RejectedMsgHandler|handleRejection|payload"/>
         </endpointProperties>
      </service>
   </system>
   <system name="DefaultSystem" guid="8E8E403019F611DEAF48EB13DD37ED61" qname="DefaultSystem" dirty="true">
      <service name="PollXMLFile_RS" guid="41EB190219F211DEAF48EB13DD37ED61" qname="DefaultSystem.PollXMLFile_RS" status="ENABLED" serviceType="RoutingService" typeDescription="Routing Service" isWSDLEditable="false" soapEndpointStatus="ENABLED" dirty="true">
         <description>This is the Routing Service for Adapter Service PollXMLFile</description>
         <versionInfo>
            <ID>1238064812093</ID>
            <lastModifiedTime>Thu Mar 26 16:23:32 GMT+05:30 2009</lastModifiedTime>
            <lastModifiedUser>JDev_Dhami1_Polling_ESB</lastModifiedUser>
         </versionInfo>
         <parent guid="8E8E403019F611DEAF48EB13DD37ED61" qname="DefaultSystem" type="system"/>
         <serviceDefinition>
            <wsdlURL>PollXMLFile.wsdl</wsdlURL>
            <portType xmlns:tns="http://xmlns.oracle.com/pcbpel/adapter/file/PollXMLFile/">tns:Read_ptt</portType>
            <endpointDefinition>
               <concreteWSDLURL>/esb/wsil/DefaultSystem/PollXMLFile_RS?wsdl</concreteWSDLURL>
               <soapEndpointURI>http://localhost:8888/event/DefaultSystem/PollXMLFile_RS</soapEndpointURI>
            </endpointDefinition>
         </serviceDefinition>
         <operations>
            <operationInfo guid="41EFD3F019F211DEAF48EB13DD37ED61" qname="DefaultSystem.PollXMLFile_RS.Read" wsdlOperation="Read" mepDisplayName="One Way" mep="OneWay">
               <request validate="false" element="tns:customer" xmlns:tns="http://www.emerson.com/inder"/>
               <routingRules>
                  <routingRule guid="83B2B28019F211DEAF48EB13DD37ED61" subscriptionType="ANY" executionType="Immediate" status="ENABLED">
                     <targetOperation guid="706B650119F211DEAF48EB13DD37ED61" qname="DefaultSystem.WriteXMLFile.Write" serviceGUID="706B650019F211DEAF48EB13DD37ED61" serviceQName="DefaultSystem.WriteXMLFile" mepDisplayName="One Way" mep="OneWay"/>
                  </routingRule>
               </routingRules>
            </operationInfo>
         </operations>
      </service>
      <service name="WriteXMLFile" guid="706B650019F211DEAF48EB13DD37ED61" qname="DefaultSystem.WriteXMLFile" status="ENABLED" serviceType="OutboundAdapterService" serviceSubType="File" typeDescription="Outbound File Adapter Service" isWSDLEditable="false" soapEndpointStatus="ENABLED" dirty="true">
         <description/>
         <versionInfo>
            <ID>1238064812093</ID>
            <lastModifiedTime>Thu Mar 26 16:23:32 GMT+05:30 2009</lastModifiedTime>
            <lastModifiedUser>JDev_Dhami1_Polling_ESB</lastModifiedUser>
         </versionInfo>
         <parent guid="8E8E403019F611DEAF48EB13DD37ED61" qname="DefaultSystem" type="system"/>
         <serviceDefinition>
            <wsdlURL>WriteXMLFile.wsdl</wsdlURL>
            <portType xmlns:tns="http://xmlns.oracle.com/pcbpel/adapter/file/WriteXMLFile/">tns:Write_ptt</portType>
            <endpointDefinition>
               <concreteWSDLURL>/esb/wsil/DefaultSystem/WriteXMLFile?wsdl</concreteWSDLURL>
               <soapEndpointURI>http://localhost:8888/event/DefaultSystem/WriteXMLFile</soapEndpointURI>
            </endpointDefinition>
         </serviceDefinition>
         <operations>
            <operationInfo guid="706B650119F211DEAF48EB13DD37ED61" qname="DefaultSystem.WriteXMLFile.Write" wsdlOperation="Write" mepDisplayName="One Way" mep="OneWay">
               <request validate="false" element="tns:customer" xmlns:tns="http://www.emerson.com/inder"/>
            </operationInfo>
         </operations>
      </service>
   </system>
</project_metadata>
