<?xml version="1.0" encoding="UTF-8"?>
<soa-xpath-functions version="11.1.1"
 xmlns="http://xmlns.oracle.com/soa/config/xpath"
 xmlns:ethCustomSOA="http://www.oracle.com/XSL/Transform/java/com.emerson.eth3.customSOA.ETHCustomSOAExtension">
  <function name="ethCustomSOA:evaluateDBResponse">
    <className>com.emerson.eth3.customSOA.ETHCustomSOAExtension</className>
    <return type="string"/>
    <params>
      <param name="responseCode" type="number" minOccurs="1"/>
      <param name="errorCodeNumber" type="string" minOccurs="1"/>
      <param name="rollbackFlag" type="number" minOccurs="1"/>
    </params>
    <desc><![CDATA[  /**
   * This Function is used to evaluate ETH DB Procedure response. 
   * If the ResponseCode is 0(ZERO) then it will return 'SUCCESS'.
   * If the ResponseCode is 99 OR (98 with ErrorCodeNumber != 999999) then it will return 'DB_FAILURE'
   * If the ResponseCode is anything else, it will return 'FAILURE'
   * If there is an exception in the function, it will return 'JAVA_FAILURE'
   * @param responseCode - A Number
   * @param errorCodeNumber - A String.
   * @param rollbackFlag - A Number. Not used as of now, but mandatory to pass.
   * @return responseFlag - A String 
   * */]]></desc>    
    <detail>
      <![CDATA[  /**
   * This Function is used to evaluate ETH DB Procedure response. 
   * If the ResponseCode is 0(ZERO) then it will return 'SUCCESS'.
   * If the ResponseCode is 99 OR (98 with ErrorCodeNumber != 999999) then it will return 'DB_FAILURE'
   * If the ResponseCode is anything else, it will return 'FAILURE'
   * If there is an exception in the function, it will return 'JAVA_FAILURE'
   * @param responseCode - A Number
   * @param errorCodeNumber - A String.
   * @param rollbackFlag - A Number. Not used as of now, but mandatory to pass.
   * @return responseFlag - A String 
   * */]]></detail>
  </function>
  
</soa-xpath-functions>
