<?xml version="1.0" encoding="UTF-8" ?>
<!-- Generated by Oracle SOA Modeler version 1.0 at [6/8/11 6:52 PM]. -->
<composite name="RejectionHandlerSrvc"
           revision="1.0"
           label="2011-06-08_18-52-45_584"
           mode="active"
           state="on"
           xmlns="http://xmlns.oracle.com/sca/1.0"
           xmlns:xs="http://www.w3.org/2001/XMLSchema"
           xmlns:wsp="http://schemas.xmlsoap.org/ws/2004/09/policy"
           xmlns:orawsp="http://schemas.oracle.com/ws/2006/01/policy"
           xmlns:ui="http://xmlns.oracle.com/soa/designer/">
  <import namespace="http://xmlns.oracle.com/testAppl/RejectionHandlerSrvc/RejectBPEL"
          location="RejectBPEL.wsdl" importType="wsdl"/>
  <service name="rejectbpel_client_ep" ui:wsdlLocation="RejectBPEL.wsdl">
    <interface.wsdl interface="http://xmlns.oracle.com/testAppl/RejectionHandlerSrvc/RejectBPEL#wsdl.interface(RejectBPEL)"/>
    <binding.ws port="http://xmlns.oracle.com/testAppl/RejectionHandlerSrvc/RejectBPEL#wsdl.endpoint(rejectbpel_client_ep/RejectBPEL_pt)"/>
  </service>
  <component name="RejectBPEL" version="1.1">
    <implementation.bpel src="RejectBPEL.bpel"/>
  </component>
  <wire>
    <source.uri>rejectbpel_client_ep</source.uri>
    <target.uri>RejectBPEL/rejectbpel_client</target.uri>
  </wire>
</composite>
