<?xml version = '1.0' encoding = 'UTF-8'?>
<project_metadata>
   <system name="DefaultSystem" guid="96DD76C0971311DABF1A87858E4395A7" qname="DefaultSystem"/>
   <system name="VDSTSystem_EBSServices" guid="D5235020667D11DE8F34ADC545AA0A86" qname="VDSTSystem_EBSServices" status="ENABLED">
      <versionInfo>
         <ID>1253181601994</ID>
         <lastModifiedTime>Thu Sep 17 15:30:01 GMT+05:30 2009</lastModifiedTime>
         <lastModifiedUser>JDev_VDSTv1_VDST_ESB_ChannelPartnerEBS</lastModifiedUser>
      </versionInfo>
      <description/>
      <parameters>
         <parameter name="Host">localhost</parameter>
         <parameter name="Port">80</parameter>
      </parameters>
      <clusterName>esb</clusterName>
      <deferredQueueName numberOfListeners="1" topicConnectionFactory="OracleOJMS/TCF">ESBTopics/Topics/ESB_JAVA_DEFERRED</deferredQueueName>
      <serviceGroup status="ENABLED" name="VDSTSysGrp_ChannelPartner" guid="E280CA90667D11DE8F34ADC545AA0A86" qname="VDSTSystem_EBSServicesr.VDSTSysGrp_ChannelPartner">
         <description/>
         <versionInfo>
            <ID>1253181601994</ID>
            <lastModifiedTime>Thu Sep 17 15:30:01 GMT+05:30 2009</lastModifiedTime>
            <lastModifiedUser>JDev_VDSTv1_VDST_ESB_ChannelPartnerEBS</lastModifiedUser>
         </versionInfo>
         <parent guid="D5235020667D11DE8F34ADC545AA0A86" qname="VDSTSystem_EBSServices" type="system"/>
         <service name="VDST_File_PUT_Test" guid="22F058B0667F11DE8F34ADC545AA0A86" qname="VDSTSystem_EBSServices.VDSTSysGrp_ChannelPartner.VDST_File_PUT_Test" status="ENABLED" serviceType="OutboundAdapterService" serviceSubType="File" typeDescription="Outbound File Adapter Service" isWSDLEditable="false" soapEndpointStatus="ENABLED">
            <versionInfo>
               <ID>1253181601994</ID>
               <lastModifiedTime>Thu Sep 17 15:30:01 GMT+05:30 2009</lastModifiedTime>
               <lastModifiedUser>JDev_VDSTv1_VDST_ESB_ChannelPartnerEBS</lastModifiedUser>
            </versionInfo>
            <parent guid="E280CA90667D11DE8F34ADC545AA0A86" qname="VDSTSystem_EBSServices.VDSTSysGrp_ChannelPartner" type="serviceGroup"/>
            <serviceDefinition>
               <wsdlURL>VDST_File_PUT_Test.wsdl</wsdlURL>
               <portType xmlns:tns="http://xmlns.oracle.com/pcbpel/adapter/file/VDST_File_PUT_Test/">tns:Write_ptt</portType>
               <endpointDefinition>
                  <concreteWSDLURL>/esb/wsil/VDSTSys_ChannelPartner/VDSTSysGrp_ChannelPartner/VDST_File_PUT_Test?wsdl</concreteWSDLURL>
                  <soapEndpointURI>http://localhost:80/event/VDSTSys_ChannelPartner/VDSTSysGrp_ChannelPartner/VDST_File_PUT_Test</soapEndpointURI>
               </endpointDefinition>
            </serviceDefinition>
            <operations>
               <operationInfo guid="22F513A0667F11DE8F34ADC545AA0A86" qname="VDSTSystem_EBSServices.VDSTSysGrp_ChannelPartner.VDST_File_PUT_Test.Write" wsdlOperation="Write" mepDisplayName="One Way" mep="OneWay">
                  <request validate="false" xmlns:tns="http://schemas.emerson.com/common/envelope" element="tns:envelope"/>
               </operationInfo>
            </operations>
         </service>
         <service name="VDST_JMSQ_DEQ_ChannelPartnerEBS" guid="1A2B95B0667E11DE8F34ADC545AA0A86" qname="VDSTSystem_EBSServices.VDSTSysGrp_ChannelPartner.VDST_JMSQ_DEQ_ChannelPartnerEBS" status="ENABLED" serviceType="InboundAdapterService" serviceSubType="JMS" typeDescription="Inbound JMS Adapter Service" isWSDLEditable="false">
            <versionInfo>
               <ID>1253181601994</ID>
               <lastModifiedTime>Thu Sep 17 15:30:01 GMT+05:30 2009</lastModifiedTime>
               <lastModifiedUser>JDev_VDSTv1_VDST_ESB_ChannelPartnerEBS</lastModifiedUser>
            </versionInfo>
            <parent guid="E280CA90667D11DE8F34ADC545AA0A86" qname="VDSTSystem_EBSServices.VDSTSysGrp_ChannelPartner" type="serviceGroup"/>
            <invocation>
               <targetService guid="1A2B95B1667E11DE8F34ADC545AA0A86" qname="VDSTSystem_EBSServices.VDSTSysGrp_ChannelPartner.VDST_JMSQ_DEQ_ChannelPartnerEBS_RS"/>
               <interface>
                  <wsdlURL>VDST_JMSQ_DEQ_ChannelPartnerEBS.wsdl</wsdlURL>
                  <portType xmlns:tns="http://xmlns.oracle.com/pcbpel/adapter/jms/VDST_JMSQ_DEQ_ChannelPartnerEBS/">tns:Consume_Message_ptt</portType>
               </interface>
            </invocation>
            <endpointProperties>
               <property name="factoryJNDI" value="eis/VDST/QueueConnectionFactory"/>
               <property name="destinationJNDI" value="jms/vdst_q/cp/EBS"/>
            </endpointProperties>
         </service>
         <service name="VDST_JMSQ_DEQ_ChannelPartnerEBS_RS" guid="1A2B95B1667E11DE8F34ADC545AA0A86" qname="VDSTSystem_EBSServices.VDSTSysGrp_ChannelPartner.VDST_JMSQ_DEQ_ChannelPartnerEBS_RS" status="ENABLED" serviceType="RoutingService" typeDescription="Routing Service" isWSDLEditable="false" soapEndpointStatus="ENABLED">
            <description>This is the Routing Service for Adapter Service VDST_JMSQ_DEQ_ChannelPartnerEBS</description>
            <versionInfo>
               <ID>1253181601994</ID>
               <lastModifiedTime>Thu Sep 17 15:30:01 GMT+05:30 2009</lastModifiedTime>
               <lastModifiedUser>JDev_VDSTv1_VDST_ESB_ChannelPartnerEBS</lastModifiedUser>
            </versionInfo>
            <parent guid="E280CA90667D11DE8F34ADC545AA0A86" qname="VDSTSystem_EBSServices.VDSTSysGrp_ChannelPartner" type="serviceGroup"/>
            <serviceDefinition>
               <wsdlURL>VDST_JMSQ_DEQ_ChannelPartnerEBS.wsdl</wsdlURL>
               <portType xmlns:tns="http://xmlns.oracle.com/pcbpel/adapter/jms/VDST_JMSQ_DEQ_ChannelPartnerEBS/">tns:Consume_Message_ptt</portType>
               <endpointDefinition>
                  <concreteWSDLURL>/esb/wsil/VDSTSys_ChannelPartner/VDSTSysGrp_ChannelPartner/VDST_JMSQ_DEQ_ChannelPartnerEBS_RS?wsdl</concreteWSDLURL>
                  <soapEndpointURI>http://localhost:80/event/VDSTSys_ChannelPartner/VDSTSysGrp_ChannelPartner/VDST_JMSQ_DEQ_ChannelPartnerEBS_RS</soapEndpointURI>
               </endpointDefinition>
            </serviceDefinition>
            <operations>
               <operationInfo guid="1A3532A0667E11DE8F34ADC545AA0A86" qname="VDSTSystem_EBSServices.VDSTSysGrp_ChannelPartner.VDST_JMSQ_DEQ_ChannelPartnerEBS_RS.Consume_Message" wsdlOperation="Consume_Message" mepDisplayName="One Way" mep="OneWay">
                  <request validate="false" xmlns:tns="http://schemas.emerson.com/common/envelope" element="tns:envelope"/>
                  <routingRules>
                     <routingRule guid="2C98E170667F11DE8F34ADC545AA0A86" subscriptionType="ANY" executionType="Immediate" status="ENABLED">
                        <targetOperation guid="22F513A0667F11DE8F34ADC545AA0A86" qname="VDSTSystem_EBSServices.VDSTSysGrp_ChannelPartner.VDST_File_PUT_Test.Write" serviceGUID="22F058B0667F11DE8F34ADC545AA0A86" serviceQName="VDSTSystem_EBSServices.VDSTSysGrp_ChannelPartner.VDST_File_PUT_Test" mepDisplayName="One Way" mep="OneWay"/>
                        <transformation>
                           <xslFileURL>Transform_AddExecutionUnit.xsl</xslFileURL>
                        </transformation>
                     </routingRule>
                     <routingRule guid="33FB98E0667F11DE8F34ADC545AA0A86" subscriptionType="ANY" executionType="Immediate" status="ENABLED">
                        <targetOperation guid="BEDD2510667E11DE8F34ADC545AA0A86" qname="VDSTSystem_EBSServices.VDSTSysGrp_ChannelPartner.VDST_JMSQ_ENQ_ChannelPartnerProvABCS.Produce_Message" serviceGUID="BEDAB410667E11DE8F34ADC545AA0A86" serviceQName="VDSTSystem_EBSServices.VDSTSysGrp_ChannelPartner.VDST_JMSQ_ENQ_ChannelPartnerProvABCS" mepDisplayName="One Way" mep="OneWay"/>
                        <filterExpression>{normalize-space(/imp1:envelope/imp1:header/imp1:EBOName) = string('http://schema.emerson.com/VDST_FTP_GET_ChannelPartnerList:CPL-Load')};{ namespace imp1=http://schemas.emerson.com/common/envelope }</filterExpression>
                        <transformation>
                           <xslFileURL>Transform_AddExecutionUnit.xsl</xslFileURL>
                        </transformation>
                     </routingRule>
                     <routingRule guid="AFCD1C6066F111DEBFF2DB4B8EF77A99" subscriptionType="ANY" executionType="Immediate" status="ENABLED">
                        <targetOperation guid="8AF5321066F111DEBFF2DB4B8EF77A99" qname="VDSTSystem_EBSServices.VDSTSysGrp_ChannelPartner.VDST_JMSQ_ENQ_ChannelPartner_PartMap.Produce_Message" serviceGUID="8AF0772166F111DEBFF2DB4B8EF77A99" serviceQName="VDSTSystem_EBSServices.VDSTSysGrp_ChannelPartner.VDST_JMSQ_ENQ_ChannelPartner_PartMap" mepDisplayName="One Way" mep="OneWay"/>
                        <filterExpression>{normalize-space(/imp1:envelope/imp1:header/imp1:EBOName) = string('http://schema.emerson.com/VDST_FTP_GET_ChannelPartner_PartMap:CPM-Load')};{ namespace imp1=http://schemas.emerson.com/common/envelope }</filterExpression>
                        <transformation>
                           <xslFileURL>Transform_AddExecution_PartMap.xsl</xslFileURL>
                        </transformation>
                     </routingRule>
                  </routingRules>
               </operationInfo>
            </operations>
            <endpointProperties>
               <property name="enableAccessBusinessEvent" value="true"/>
            </endpointProperties>
         </service>
         <service name="VDST_JMSQ_ENQ_ChannelPartnerProvABCS" guid="BEDAB410667E11DE8F34ADC545AA0A86" qname="VDSTSystem_EBSServices.VDSTSysGrp_ChannelPartner.VDST_JMSQ_ENQ_ChannelPartnerProvABCS" status="ENABLED" serviceType="OutboundAdapterService" serviceSubType="JMS" typeDescription="Outbound JMS Adapter Service" isWSDLEditable="false" soapEndpointStatus="ENABLED">
            <versionInfo>
               <ID>1253181601994</ID>
               <lastModifiedTime>Thu Sep 17 15:30:01 GMT+05:30 2009</lastModifiedTime>
               <lastModifiedUser>JDev_VDSTv1_VDST_ESB_ChannelPartnerEBS</lastModifiedUser>
            </versionInfo>
            <parent guid="E280CA90667D11DE8F34ADC545AA0A86" qname="VDSTSystem_EBSServices.VDSTSysGrp_ChannelPartner" type="serviceGroup"/>
            <serviceDefinition>
               <wsdlURL>VDST_JMSQ_ENQ_ChannelPartnerProvABCS.wsdl</wsdlURL>
               <portType xmlns:tns="http://xmlns.oracle.com/pcbpel/adapter/jms/VDST_JMSQ_ENQ_ChannelPartnerProvABCS/">tns:Produce_Message_ptt</portType>
               <endpointDefinition>
                  <concreteWSDLURL>/esb/wsil/VDSTSys_ChannelPartner/VDSTSysGrp_ChannelPartner/VDST_JMSQ_ENQ_ChannelPartnerProvABCS?wsdl</concreteWSDLURL>
                  <soapEndpointURI>http://localhost:80/event/VDSTSys_ChannelPartner/VDSTSysGrp_ChannelPartner/VDST_JMSQ_ENQ_ChannelPartnerProvABCS</soapEndpointURI>
               </endpointDefinition>
            </serviceDefinition>
            <operations>
               <operationInfo guid="BEDD2510667E11DE8F34ADC545AA0A86" qname="VDSTSystem_EBSServices.VDSTSysGrp_ChannelPartner.VDST_JMSQ_ENQ_ChannelPartnerProvABCS.Produce_Message" wsdlOperation="Produce_Message" mepDisplayName="One Way" mep="OneWay">
                  <request validate="false" xmlns:tns="http://schemas.emerson.com/common/envelope" element="tns:envelope"/>
               </operationInfo>
            </operations>
            <endpointProperties>
               <property name="factoryJNDI" value="eis/VDST/QueueConnectionFactory"/>
               <property name="destinationJNDI" value="jms/vdst_q/cp/CPL_ProvABCS_CSV"/>
            </endpointProperties>
         </service>
         <service name="VDST_JMSQ_ENQ_ChannelPartner_PartMap" guid="8AF0772166F111DEBFF2DB4B8EF77A99" qname="VDSTSystem_EBSServices.VDSTSysGrp_ChannelPartner.VDST_JMSQ_ENQ_ChannelPartner_PartMap" status="ENABLED" serviceType="OutboundAdapterService" serviceSubType="JMS" typeDescription="Outbound JMS Adapter Service" isWSDLEditable="false" soapEndpointStatus="ENABLED">
            <versionInfo>
               <ID>1253181601994</ID>
               <lastModifiedTime>Thu Sep 17 15:30:01 GMT+05:30 2009</lastModifiedTime>
               <lastModifiedUser>JDev_VDSTv1_VDST_ESB_ChannelPartnerEBS</lastModifiedUser>
            </versionInfo>
            <parent guid="E280CA90667D11DE8F34ADC545AA0A86" qname="VDSTSystem_EBSServices.VDSTSysGrp_ChannelPartner" type="serviceGroup"/>
            <serviceDefinition>
               <wsdlURL>VDST_JMSQ_ENQ_ChannelPartner_PartMap.wsdl</wsdlURL>
               <portType xmlns:tns="http://xmlns.oracle.com/pcbpel/adapter/jms/VDST_JMSQ_ENQ_ChannelPartner_PartMap/">tns:Produce_Message_ptt</portType>
               <endpointDefinition>
                  <concreteWSDLURL>/esb/wsil/VDSTSys_ChannelPartner/VDSTSysGrp_ChannelPartner/VDST_JMSQ_ENQ_ChannelPartner_PartMap?wsdl</concreteWSDLURL>
                  <soapEndpointURI>http://localhost:80/event/VDSTSys_ChannelPartner/VDSTSysGrp_ChannelPartner/VDST_JMSQ_ENQ_ChannelPartner_PartMap</soapEndpointURI>
               </endpointDefinition>
            </serviceDefinition>
            <operations>
               <operationInfo guid="8AF5321066F111DEBFF2DB4B8EF77A99" qname="VDSTSystem_EBSServices.VDSTSysGrp_ChannelPartner.VDST_JMSQ_ENQ_ChannelPartner_PartMap.Produce_Message" wsdlOperation="Produce_Message" mepDisplayName="One Way" mep="OneWay">
                  <request validate="false" xmlns:tns="http://schemas.emerson.com/common/envelope" element="tns:envelope"/>
               </operationInfo>
            </operations>
         </service>
      </serviceGroup>
   </system>
</project_metadata>
