<?xml version = '1.0' encoding = 'UTF-8'?>
<Faults>
   <Fault>
      <severity>warning</severity>
      <loc/>
      <line>399</line>
      <col/>
      <file>ETH_BPEL_ReceiverTransactionInitiate.bpel</file>
      <msg>
         <![CDATA[<from> value type "{http://www.w3.org/2001/XMLSchema}decimal" is not compatible with <to> value type "{http://www.w3.org/2001/XMLSchema}string"]]>
      </msg>
   </Fault>
   <Fault>
      <severity>warning</severity>
      <loc/>
      <line>399</line>
      <col/>
      <file>ETH_BPEL_ReceiverTransactionInitiate.bpel</file>
      <msg>
         <![CDATA[<from> value type "{http://www.w3.org/2001/XMLSchema}decimal" is not compatible with <to> value type "{http://www.w3.org/2001/XMLSchema}string"]]>
      </msg>
   </Fault>
   <Fault>
      <severity>warning</severity>
      <loc/>
      <line>399</line>
      <col/>
      <file>ETH_BPEL_ReceiverTransactionInitiate.bpel</file>
      <msg>
         <![CDATA[<from> value type "{http://www.w3.org/2001/XMLSchema}decimal" is not compatible with <to> value type "{http://www.w3.org/2001/XMLSchema}string"]]>
      </msg>
   </Fault>
   <Fault>
      <severity>warning</severity>
      <loc/>
      <line>399</line>
      <col/>
      <file>ETH_BPEL_ReceiverTransactionInitiate.bpel</file>
      <msg>
         <![CDATA[<from> value type "{http://www.w3.org/2001/XMLSchema}decimal" is not compatible with <to> value type "{http://www.w3.org/2001/XMLSchema}string"]]>
      </msg>
   </Fault>
   <Fault>
      <severity>warning</severity>
      <loc/>
      <line>399</line>
      <col/>
      <file>ETH_BPEL_ReceiverTransactionInitiate.bpel</file>
      <msg>
         <![CDATA[<from> value type "{http://www.w3.org/2001/XMLSchema}decimal" is not compatible with <to> value type "{http://www.w3.org/2001/XMLSchema}string"]]>
      </msg>
   </Fault>
   <Fault>
      <severity>warning</severity>
      <loc/>
      <line>656</line>
      <col/>
      <file>ETH_BPEL_ReceiverTransactionInitiate.bpel</file>
      <msg>
         <![CDATA[<from> value type "{http://www.w3.org/2001/XMLSchema}string" is not compatible with <to> value type "{http://www.w3.org/2001/XMLSchema}integer"]]>
      </msg>
   </Fault>
</Faults>
