<?xml version = '1.0' encoding = 'UTF-8'?>
<graphics>
   <diagram optimizeLayout="false" popupEditor="false" fixedWidthSwimlanes="true" roundedPartnerlinks="true" centerZoom="true" validateOnLoad="true" confirmBeforeDelete="true" selectedPartnerLinkColor="0,0,153" swimlaneBackground="240,240,240" swimlaneDividerBackground="218,218,218" graphBackground="255,255,255" selectedBorderBackground="49,105,198" connectedPartnerLinkColor="204,204,255" connectablePartnerLinkColor="0,0,255" unconnectedPartnerLinkColor="192,192,192"/>
   <annotationfile/>
   <iconize/>
   <partnerlink_locations>
      <partnerlink name="eth_bpel_receivertransactioninitiate_client_ep" x="0" y="749" side="left"/>
      <partnerlink name="ETH_JMS_ENQ_ErrorData_Topic" x="0" y="1007" side="left"/>
      <partnerlink name="ETH_DB_CallSP_GetReceiverTransaction" x="0" y="411" side="left"/>
      <partnerlink name="ETH_Mediator_Route_to_POABCS.ETH_Mediator_Route_to_POABCS" x="2158" y="1629" side="right"/>
      <partnerlink name="ETH_Mediator_Route_to_POCOABCS.ETH_Mediator_Route_to_POCOABCS" x="2158" y="1686" side="right"/>
   </partnerlink_locations>
   <graph_layout viewport="126,0,1243,562" show_swimlanes="true">
      <layout_item collapsed="false" xpath="/process" type="process" showhandlers="true"/>
      <layout_item collapsed="false" xpath="/process/faultHandlers/catch" type="catch"/>
      <layout_item collapsed="false" xpath="/process/faultHandlers/catch/sequence" type="sequence"/>
      <layout_item collapsed="false" xpath="/process/faultHandlers/catchAll" type="catchall"/>
      <layout_item collapsed="false" xpath="/process/faultHandlers/catchAll/sequence" type="sequence"/>
      <layout_item collapsed="false" xpath="/process/sequence" type="sequence"/>
      <layout_item collapsed="false" xpath="/process/sequence/scope[1]" type="scope" showhandlers="true"/>
      <layout_item collapsed="false" xpath="/process/sequence/scope[1]/faultHandlers/catchAll" type="catchall"/>
      <layout_item collapsed="false" xpath="/process/sequence/scope[1]/faultHandlers/catchAll/sequence" type="sequence"/>
      <layout_item collapsed="false" xpath="/process/sequence/scope[1]/sequence" type="sequence"/>
      <layout_item collapsed="false" xpath="/process/sequence/scope[1]/sequence/switch" type="switch"/>
      <layout_item collapsed="false" xpath="/process/sequence/scope[1]/sequence/switch/case[1]/sequence" type="sequence"/>
      <layout_item collapsed="false" xpath="/process/sequence/scope[1]/sequence/switch/case[2]/sequence" type="sequence"/>
      <layout_item collapsed="false" xpath="/process/sequence/scope[1]/sequence/switch/case[3]/sequence" type="sequence"/>
      <layout_item collapsed="false" xpath="/process/sequence/scope[2]" type="scope" showhandlers="true"/>
      <layout_item collapsed="false" xpath="/process/sequence/scope[2]/faultHandlers/catch" type="catch"/>
      <layout_item collapsed="false" xpath="/process/sequence/scope[2]/faultHandlers/catch/sequence" type="sequence"/>
      <layout_item collapsed="false" xpath="/process/sequence/scope[2]/faultHandlers/catchAll" type="catchall"/>
      <layout_item collapsed="false" xpath="/process/sequence/scope[2]/faultHandlers/catchAll/sequence" type="sequence"/>
      <layout_item collapsed="false" xpath="/process/sequence/scope[2]/switch" type="switch"/>
      <layout_item collapsed="false" xpath="/process/sequence/scope[2]/switch/case[1]/sequence" type="sequence"/>
      <layout_item collapsed="false" xpath="/process/sequence/scope[2]/switch/case[2]/sequence" type="sequence"/>
      <layout_item collapsed="false" xpath="/process/sequence/scope[2]/switch/otherwise/sequence" type="sequence"/>
   </graph_layout>
   <bookmarks/>
</graphics>
