<?xml version = '1.0' encoding = 'UTF-8'?>
<graphics>
   <diagram popupEditor="false" fixedWidthSwimlanes="true" roundedPartnerlinks="true" centerZoom="true" validateOnLoad="true" confirmBeforeDelete="true" selectedPartnerLinkColor="0,0,153" swimlaneBackground="240,240,240" swimlaneDividerBackground="218,218,218" graphBackground="255,255,255" selectedBorderBackground="49,105,198" connectedPartnerLinkColor="204,204,255" connectablePartnerLinkColor="0,0,255" unconnectedPartnerLinkColor="192,192,192"/>
   <annotationfile/>
   <iconize assign="no" invoke="no" receive="no" reply="no" transform="no" terminate="no" wait="no" compensate="no" empty="no" javaembedding="no" throw="no" validate="no" dropzone="no" sequence="no" scope="no" pick="no" while="no" flow="no" switch="no" onalarm="no" onmessage="no" catch="no" catchall="no" compensationhandler="no" optimize="no"/>
   <partnerlink_locations>
      <partnerlink name="rnd_bpel_jmspublisher_client" x="0" y="275" side="left"/>
      <partnerlink name="RND_JMS_ENQ_Message" x="615" y="278" side="right" image="/oracle/tip/tools/ide/fabric/resource/image/jms_adapter_16x16.png"/>
   </partnerlink_locations>
   <graph_layout viewport="0,241,747,372" show_swimlanes="true">
      <layout_item collapsed="false" xpath="/process/process" type="Process" showhandlers="true"/>
      <layout_item collapsed="false" xpath="/process/sequence" type="Sequence"/>
   </graph_layout>
   <bookmarks/>
</graphics>
